GeneSymbol,Chromosome,Start,ReferenceAllele,AlternateAllele,ClinicalSignificance,label
PALB2,16,23623003,na,na,Pathogenic,1
B3GLCT,13,31269278,na,na,Pathogenic,1
MSH2,2,47416318,na,na,Benign,0
CYP17A1,10,102834074,na,na,Pathogenic,1
GPSM2,1,108897592,na,na,Pathogenic,1
ERMAP,1,42830851,na,na,Likely benign,0
TPP1,11,6617154,na,na,Pathogenic,1
ATM,11,108309110,na,na,Pathogenic,1
ATM,11,108345804,na,na,Likely pathogenic,1
ATM,11,108329202,na,na,Pathogenic,1
ATM,11,108272572,na,na,Benign,0
ATM,11,108365476,na,na,Pathogenic,1
ATM,11,108281168,na,na,Pathogenic,1
ATM,11,108330233,na,na,Pathogenic,1
ATM,11,108248927,na,na,Benign,0
ATM,11,108287687,na,na,Pathogenic,1
ATM,11,108301779,na,na,Pathogenic,1
ATM,11,108334988,na,na,Likely pathogenic,1
ATM,11,108235839,na,na,Pathogenic,1
ATM,11,108227849,na,na,Benign,0
HGD,3,120675864,na,na,Pathogenic,1
TSC1,9,132905818,na,na,Benign,0
CHEK2,22,28725254,na,na,Likely pathogenic,1
CHEK2,22,28711986,na,na,Pathogenic,1
RAD54L,1,46267540,na,na,Pathogenic,1
ABCC6,16,16157810,na,na,Pathogenic,1
RAD51C,17,58695159,na,na,Likely pathogenic,1
PHYH,10,13295608,na,na,Pathogenic,1
PTEN,10,87961095,na,na,Pathogenic,1
ABCA4,1,94001992,na,na,Likely benign,0
CASR,3,122284910,na,na,Benign,0
MSH6,2,47800616,na,na,Benign,0
XRCC3,14,103699590,na,na,Benign,0
PMS2,7,6005918,na,na,Likely pathogenic,1
BRCA2,13,32332592,na,na,Benign,0
BRCA2,13,32363367,na,na,Pathogenic,1
BRCA2,13,32363421,na,na,Pathogenic,1
BRCA2,13,32339003,na,na,Pathogenic,1
BRCA2,13,32340000,na,na,Pathogenic,1
BRCA2,13,32380085,na,na,Pathogenic,1
BRCA2,13,32326614,na,na,Pathogenic,1
BRCA2,13,32326615,na,na,Pathogenic,1
AR,X,67686067,na,na,Pathogenic,1
FANCC,9,95150056,na,na,Pathogenic,1
FANCC,9,95172033,na,na,Pathogenic,1
CDH1,16,68823593,na,na,Likely benign,0
CDH1,16,68822138,na,na,Benign,0
CDH1,16,68833362,na,na,Likely benign,0
CDH1,16,68810290,na,na,Pathogenic,1
CDH1,16,68823557,na,na,Pathogenic,1
CDH1,16,68738307,na,na,Pathogenic,1
CDH1,16,68738318,na,na,Pathogenic,1
CDH1,16,68822081,na,na,Pathogenic,1
CDH1,16,68812144,na,na,Benign,0
CDH1,16,68833344,na,na,Benign,0
CDH1,16,68737131,na,na,Benign,0
CDH1,16,68808569,na,na,Pathogenic,1
TP53,17,7674221,na,na,Pathogenic,1
TP53,17,7674230,na,na,Pathogenic,1
TP53,17,7676154,na,na,Benign,0
TP53,17,7674220,na,na,Pathogenic,1
TP53,17,7674230,na,na,Pathogenic,1
TP53,17,7673802,na,na,Pathogenic,1
TP53,17,7675088,na,na,Pathogenic,1
TGFB1,19,41353016,na,na,Benign,0
KRAS,12,25245347,na,na,Pathogenic,1
RAD51,15,40695330,na,na,Benign,0
PIK3CA,3,179234297,na,na,Pathogenic,1
PIK3CA,3,179234297,na,na,Pathogenic,1
PIK3CA,3,179218306,na,na,Likely pathogenic,1
CCND1,11,69648142,na,na,Benign,0
AKT1,14,104780214,na,na,Pathogenic,1
MLH1,3,37012098,na,na,Pathogenic,1
MLH1,3,37007004,na,na,Benign,0
MLH1,3,37048955,na,na,Pathogenic,1
BRCA1,17,43106478,na,na,Pathogenic,1
BRCA1,17,43106487,na,na,Pathogenic,1
BRCA1,17,43092412,na,na,Benign,0
BRCA1,17,43091924,na,na,Pathogenic,1
BRCA1,17,43091783,na,na,Pathogenic,1
BRCA1,17,43082434,na,na,Pathogenic,1
BRCA1,17,43082434,na,na,Benign,0
BRCA1,17,43093010,na,na,Benign,0
BRCA1,17,43093142,na,na,Pathogenic,1
BRCA1,17,43106457,na,na,Pathogenic,1
BRCA1,17,43051071,na,na,Pathogenic,1
BRCA1,17,43051071,na,na,Pathogenic,1
CDH1,16,68811859,na,na,Likely pathogenic,1
ASPM,1,197101646,na,na,Benign,0
CDC73,1,193249713,na,na,Benign,0
RAD51,15,40729620,na,na,Pathogenic,1
RAD51D,17,35101347,na,na,Pathogenic,1
RAD51C,17,58695182,na,na,Pathogenic,1
LDLR,19,11120527,na,na,Benign,0
MLH1,3,37025629,na,na,Benign,0
MLH1,3,37047700,na,na,Likely benign,0
MLH1,3,37050534,na,na,Benign,0
MLH1,3,37008925,na,na,Benign,0
MLH1,3,37011873,na,na,Benign,0
MLH1,3,37011996,na,na,Likely benign,0
MLH1,3,37012077,na,na,Benign,0
MLH1,3,37014456,na,na,Likely benign,0
MSH2,2,47429732,na,na,Benign,0
MSH2,2,47463023,na,na,Benign,0
MSH2,2,47470969,na,na,Benign,0
MSH2,2,47471040,na,na,Likely benign,0
MSH2,2,47408528,na,na,Benign,0
MSH2,2,47410107,na,na,Benign,0
MSH2,2,47414421,na,na,Pathogenic,1
MSH6,2,47783349,na,na,Benign,0
MSH6,2,47799169,na,na,Benign,0
MSH6,2,47799328,na,na,Benign,0
MSH6,2,47800236,na,na,Benign,0
PMS2,7,5977709,na,na,Benign,0
PMS2,7,5999091,na,na,Benign,0
BRCA1,17,43094495,na,na,Benign,0
BRCA1,17,43094426,na,na,Benign,0
BRCA1,17,43115744,na,na,Pathogenic,1
BRCA1,17,43106548,na,na,Likely benign,0
BRCA1,17,43106534,na,na,Pathogenic,1
BRCA1,17,43094051,na,na,Pathogenic,1
BRCA1,17,43094045,na,na,Benign,0
BRCA1,17,43093997,na,na,Benign,0
BRCA1,17,43106514,na,na,Benign,0
BRCA1,17,43093883,na,na,Benign,0
BRCA1,17,43093844,na,na,Pathogenic,1
BRCA1,17,43093571,na,na,Pathogenic,1
BRCA1,17,43093529,na,na,Benign,0
BRCA1,17,43106455,na,na,Pathogenic,1
BRCA1,17,43104967,na,na,Pathogenic,1
BRCA1,17,43104968,na,na,Pathogenic,1
BRCA1,17,43093393,na,na,Pathogenic,1
BRCA1,17,43093376,na,na,Benign,0
BRCA1,17,43093373,na,na,Pathogenic,1
BRCA1,17,43093364,na,na,Benign,0
BRCA1,17,43093180,na,na,Benign,0
BRCA1,17,43093054,na,na,Benign,0
BRCA1,17,43092968,na,na,Pathogenic,1
BRCA1,17,43092947,na,na,Benign,0
BRCA1,17,43092928,na,na,Pathogenic,1
BRCA1,17,43092896,na,na,Pathogenic,1
BRCA1,17,43092862,na,na,Benign,0
BRCA1,17,43092854,na,na,Pathogenic,1
BRCA1,17,43092821,na,na,Pathogenic,1
BRCA1,17,43092796,na,na,Likely benign,0
BRCA1,17,43092773,na,na,Benign,0
BRCA1,17,43092758,na,na,Benign,0
BRCA1,17,43092597,na,na,Pathogenic,1
BRCA1,17,43104861,na,na,Benign,0
BRCA1,17,43104258,na,na,Benign,0
BRCA1,17,43092449,na,na,Benign,0
BRCA1,17,43092448,na,na,Benign,0
BRCA1,17,43092419,na,na,Pathogenic,1
BRCA1,17,43092401,na,na,Benign,0
BRCA1,17,43092204,na,na,Benign,0
BRCA1,17,43092179,na,na,Pathogenic,1
BRCA1,17,43092142,na,na,Pathogenic,1
BRCA1,17,43092131,na,na,Pathogenic,1
BRCA1,17,43091874,na,na,Benign,0
BRCA1,17,43091842,na,na,Pathogenic,1
BRCA1,17,43091818,na,na,Benign,0
BRCA1,17,43091708,na,na,Benign,0
BRCA1,17,43091663,na,na,Pathogenic,1
BRCA1,17,43091594,na,na,Pathogenic,1
BRCA1,17,43091540,na,na,Pathogenic,1
BRCA1,17,43091516,na,na,Pathogenic,1
BRCA1,17,43091033,na,na,Pathogenic,1
BRCA1,17,43091012,na,na,Pathogenic,1
BRCA1,17,43090981,na,na,Pathogenic,1
BRCA1,17,43082548,na,na,Likely benign,0
BRCA1,17,43104136,na,na,Benign,0
BRCA1,17,43104136,na,na,Pathogenic,1
BRCA1,17,43124055,na,na,Likely benign,0
BRCA1,17,43082403,na,na,Pathogenic,1
BRCA1,17,43076487,na,na,Pathogenic,1
BRCA1,17,43076488,na,na,Pathogenic,1
BRCA1,17,43076488,na,na,Pathogenic,1
BRCA1,17,43099865,na,na,Likely benign,0
BRCA1,17,43074324,na,na,Likely benign,0
BRCA1,17,43074331,na,na,Pathogenic,1
BRCA1,17,43071225,na,na,Pathogenic,1
BRCA1,17,43071098,na,na,Benign,0
BRCA1,17,43070959,na,na,Benign,0
BRCA1,17,43070927,na,na,Pathogenic,1
BRCA1,17,43067691,na,na,Benign,0
BRCA1,17,43067614,na,na,Pathogenic,1
BRCA1,17,43067607,na,na,Pathogenic,1
BRCA1,17,43067607,na,na,Pathogenic,1
BRCA1,17,43067606,na,na,Pathogenic,1
BRCA1,17,43067608,na,na,Pathogenic,1
BRCA1,17,43063936,na,na,Likely pathogenic,1
BRCA1,17,43063930,na,na,Pathogenic,1
BRCA1,17,43063909,na,na,Pathogenic,1
BRCA1,17,43063873,na,na,Pathogenic,1
BRCA1,17,43063374,na,na,Pathogenic,1
BRCA1,17,43063347,na,na,Pathogenic,1
BRCA1,17,43057122,na,na,Pathogenic,1
BRCA1,17,43057087,na,na,Likely pathogenic,1
BRCA1,17,43057051,na,na,Pathogenic,1
BRCA1,17,43051098,na,na,Pathogenic,1
BRCA1,17,43049181,na,na,Pathogenic,1
BRCA1,17,43049164,na,na,Pathogenic,1
BRCA1,17,43099786,na,na,Benign,0
BRCA1,17,43049140,na,na,Pathogenic,1
BRCA1,17,43124044,na,na,Pathogenic,1
BRCA1,17,43049120,na,na,Pathogenic,1
BRCA1,17,43099779,na,na,Likely benign,0
BRCA1,17,43047642,na,na,Pathogenic,1
BRCA1,17,43099773,na,na,Pathogenic,1
BRCA1,17,43097306,na,na,Benign,0
BRCA1,17,43097307,na,na,Likely benign,0
BRCA1,17,43045761,na,na,Pathogenic,1
BRCA1,17,43045749,na,na,Likely pathogenic,1
BRCA1,17,43097266,na,na,Benign,0
BRCA1,17,43095924,na,na,Benign,0
BRCA1,17,43095875,na,na,Benign,0
BRCA1,17,43094748,na,na,Pathogenic,1
BRCA1,17,43115792,na,na,Benign,0
BRCA1,17,43115793,na,na,Benign,0
BRCA1,17,43094704,na,na,Benign,0
BRCA1,17,43115775,na,na,Pathogenic,1
BRCA1,17,43094585,na,na,Benign,0
BRCA1,17,43094569,na,na,Pathogenic,1
BRCA2,13,32316402,na,na,Likely benign,0
BRCA2,13,32398558,na,na,Benign,0
BRCA2,13,32332731,na,na,Pathogenic,1
BRCA2,13,32319134,na,na,Benign,0
BRCA2,13,32332863,na,na,Benign,0
BRCA2,13,32332991,na,na,Likely benign,0
BRCA2,13,32319176,na,na,Benign,0
BRCA2,13,32333222,na,na,Benign,0
BRCA2,13,32333278,na,na,Pathogenic,1
BRCA2,13,32333288,na,na,Benign,0
BRCA2,13,32333310,na,na,Pathogenic,1
BRCA2,13,32333328,na,na,Pathogenic,1
BRCA2,13,32333328,na,na,Pathogenic,1
BRCA2,13,32333343,na,na,Benign,0
BRCA2,13,32333367,na,na,Benign,0
BRCA2,13,32336319,na,na,Benign,0
BRCA2,13,32336325,na,na,Pathogenic,1
BRCA2,13,32336586,na,na,Pathogenic,1
BRCA2,13,32336764,na,na,Pathogenic,1
BRCA2,13,32336781,na,na,Pathogenic,1
BRCA2,13,32319283,na,na,Pathogenic,1
BRCA2,13,32337158,na,na,Benign,0
BRCA2,13,32337173,na,na,Pathogenic,1
BRCA2,13,32337334,na,na,Pathogenic,1
BRCA2,13,32337410,na,na,Benign,0
BRCA2,13,32337428,na,na,Pathogenic,1
BRCA2,13,32337464,na,na,Pathogenic,1
BRCA2,13,32337513,na,na,Pathogenic,1
BRCA2,13,32319335,na,na,Likely benign,0
BRCA2,13,32319326,na,na,Pathogenic,1
BRCA2,13,32337659,na,na,Benign,0
BRCA2,13,32337663,na,na,Pathogenic,1
BRCA2,13,32337685,na,na,Likely benign,0
BRCA2,13,32338037,na,na,Benign,0
BRCA2,13,32338224,na,na,Benign,0
BRCA2,13,32338271,na,na,Benign,0
BRCA2,13,32338277,na,na,Pathogenic,1
BRCA2,13,32325155,na,na,Pathogenic,1
BRCA2,13,32316463,na,na,Pathogenic,1
BRCA2,13,32338449,na,na,Benign,0
BRCA2,13,32338506,na,na,Pathogenic,1
BRCA2,13,32338542,na,na,Benign,0
BRCA2,13,32338577,na,na,Pathogenic,1
BRCA2,13,32338598,na,na,Pathogenic,1
BRCA2,13,32338940,na,na,Benign,0
BRCA2,13,32326240,na,na,Pathogenic,1
BRCA2,13,32339320,na,na,Pathogenic,1
BRCA2,13,32339355,na,na,Pathogenic,1
BRCA2,13,32339425,na,na,Benign,0
BRCA2,13,32339435,na,na,Pathogenic,1
BRCA2,13,32339553,na,na,Benign,0
BRCA2,13,32339667,na,na,Benign,0
BRCA2,13,32339907,na,na,Benign,0
BRCA2,13,32339969,na,na,Pathogenic,1
BRCA2,13,32339989,na,na,Benign,0
BRCA2,13,32340000,na,na,Pathogenic,1
BRCA2,13,32340010,na,na,Pathogenic,1
BRCA2,13,32326548,na,na,Likely pathogenic,1
BRCA2,13,32340037,na,na,Pathogenic,1
BRCA2,13,32340065,na,na,Benign,0
BRCA2,13,32340123,na,na,Benign,0
BRCA2,13,32340137,na,na,Pathogenic,1
BRCA2,13,32340140,na,na,Benign,0
BRCA2,13,32326564,na,na,Pathogenic,1
BRCA2,13,32340210,na,na,Pathogenic,1
BRCA2,13,32340264,na,na,Pathogenic,1
BRCA2,13,32340335,na,na,Pathogenic,1
BRCA2,13,32340392,na,na,Pathogenic,1
BRCA2,13,32340498,na,na,Benign,0
BRCA2,13,32340561,na,na,Pathogenic,1
BRCA2,13,32340575,na,na,Benign,0
BRCA2,13,32340645,na,na,Benign,0
BRCA2,13,32340678,na,na,Benign,0
BRCA2,13,32340693,na,na,Benign,0
BRCA2,13,32329474,na,na,Likely benign,0
BRCA2,13,32341103,na,na,Benign,0
BRCA2,13,32344538,na,na,Benign,0
BRCA2,13,32344569,na,na,Benign,0
BRCA2,13,32330925,na,na,Pathogenic,1
BRCA2,13,32346841,na,na,Pathogenic,1
BRCA2,13,32346896,na,na,Pathogenic,1
BRCA2,13,32354856,na,na,Likely benign,0
BRCA2,13,32354986,na,na,Pathogenic,1
BRCA2,13,32355003,na,na,Benign,0
BRCA2,13,32355111,na,na,Pathogenic,1
BRCA2,13,32356472,na,na,Pathogenic,1
BRCA2,13,32356536,na,na,Benign,0
BRCA2,13,32357741,na,na,Pathogenic,1
BRCA2,13,32357882,na,na,Pathogenic,1
BRCA2,13,32362574,na,na,Pathogenic,1
BRCA2,13,32362595,na,na,Pathogenic,1
BRCA2,13,32362595,na,na,Pathogenic,1
BRCA2,13,32362680,na,na,Pathogenic,1
BRCA2,13,32362691,na,na,Pathogenic,1
BRCA2,13,32362692,na,na,Pathogenic,1
BRCA2,13,32363178,na,na,Pathogenic,1
BRCA2,13,32363196,na,na,Benign,0
BRCA2,13,32363216,na,na,Likely benign,0
BRCA2,13,32363370,na,na,Pathogenic,1
BRCA2,13,32363389,na,na,Benign,0
BRCA2,13,32332309,na,na,Benign,0
BRCA2,13,32370448,na,na,Likely pathogenic,1
BRCA2,13,32370448,na,na,Likely pathogenic,1
BRCA2,13,32370558,na,na,Pathogenic,1
BRCA2,13,32370955,na,na,Pathogenic,1
BRCA2,13,32370948,na,na,Likely benign,0
BRCA2,13,32376668,na,na,Pathogenic,1
BRCA2,13,32376664,na,na,Likely benign,0
BRCA2,13,32376714,na,na,Pathogenic,1
BRCA2,13,32376732,na,na,Pathogenic,1
BRCA2,13,32376739,na,na,Benign,0
BRCA2,13,32376793,na,na,Likely pathogenic,1
BRCA2,13,32379316,na,na,Pathogenic,1
BRCA2,13,32379326,na,na,Benign,0
BRCA2,13,32379431,na,na,Pathogenic,1
BRCA2,13,32379479,na,na,Benign,0
BRCA2,13,32379513,na,na,Pathogenic,1
BRCA2,13,32379516,na,na,Pathogenic,1
BRCA2,13,32379812,na,na,Pathogenic,1
BRCA2,13,32379834,na,na,Benign,0
BRCA2,13,32379872,na,na,Pathogenic,1
BRCA2,13,32379913,na,na,Pathogenic,1
BRCA2,13,32380124,na,na,Benign,0
BRCA2,13,32394724,na,na,Benign,0
BRCA2,13,32394726,na,na,Pathogenic,1
BRCA2,13,32394726,na,na,Pathogenic,1
BRCA2,13,32394803,na,na,Pathogenic,1
BRCA2,13,32394812,na,na,Pathogenic,1
BRCA2,13,32394936,na,na,Benign,0
BRCA2,13,32394942,na,na,Benign,0
BRCA2,13,32396918,na,na,Benign,0
BRCA2,13,32396919,na,na,Pathogenic,1
BRCA2,13,32396988,na,na,Benign,0
BRCA2,13,32396995,na,na,Pathogenic,1
BRCA2,13,32398489,na,na,Benign,0
TERT,5,1294051,na,na,Benign,0
RAF1,3,12584631,na,na,Benign,0
SOS1,2,38996971,na,na,Benign,0
BRCA2,13,32398747,na,na,Benign,0
BRCA2,13,32332629,na,na,Benign,0
BRCA2,13,32332992,na,na,Benign,0
BRCA2,13,32333270,na,na,Benign,0
BRCA2,13,32336705,na,na,Benign,0
BRCA2,13,32337326,na,na,Benign,0
BRCA2,13,32337870,na,na,Benign,0
BRCA2,13,32337936,na,na,Benign,0
BRCA2,13,32338613,na,na,Benign,0
BRCA2,13,32339134,na,na,Benign,0
BRCA2,13,32340099,na,na,Benign,0
BRCA2,13,32340455,na,na,Benign,0
BRCA2,13,32340677,na,na,Benign,0
BRCA2,13,32340702,na,na,Benign,0
BRCA2,13,32355172,na,na,Benign,0
BRCA2,13,32363351,na,na,Benign,0
BRCA2,13,32363384,na,na,Benign,0
BRCA2,13,32332343,na,na,Benign,0
BRCA2,13,32379392,na,na,Benign,0
BRCA2,13,32379413,na,na,Benign,0
BRCA2,13,32398243,na,na,Benign,0
MSH6,2,47799509,na,na,Likely benign,0
MSH6,2,47803464,na,na,Likely benign,0
MSH6,2,47791097,na,na,Benign,0
MLH1,3,37025749,na,na,Benign,0
MLH1,3,37025815,na,na,Benign,0
MLH1,3,37047595,na,na,Likely benign,0
MLH1,3,37050528,na,na,Benign,0
MLH1,3,37012059,na,na,Benign,0
MSH2,2,47429833,na,na,Benign,0
MSH2,2,47471033,na,na,Likely benign,0
MSH2,2,47403195,na,na,Likely benign,0
MSH2,2,47414291,na,na,Benign,0
MSH2,2,47416297,na,na,Likely benign,0
NF1,17,31181787,na,na,Pathogenic,1
PTEN,10,87931071,na,na,Benign,0
TSC1,9,132911517,na,na,Benign,0
PMS2,7,5987233,na,na,Benign,0
PMS2,7,5987077,na,na,Likely benign,0
MUTYH,1,45334484,na,na,Benign,0
CDH1,16,68822063,na,na,Benign,0
CDH1,16,68808832,na,na,Benign,0
CDH1,16,68811743,na,na,Benign,0
BRCA1,17,43094464,na,na,Benign,0
BRCA1,17,43094298,na,na,Benign,0
BRCA1,17,43094044,na,na,Benign,0
BRCA1,17,43093742,na,na,Benign,0
BRCA1,17,43093454,na,na,Benign,0
BRCA1,17,43093216,na,na,Benign,0
BRCA1,17,43093073,na,na,Benign,0
BRCA1,17,43092935,na,na,Benign,0
BRCA1,17,43092919,na,na,Benign,0
BRCA1,17,43092507,na,na,Benign,0
BRCA1,17,43092418,na,na,Benign,0
BRCA1,17,43092235,na,na,Benign,0
BRCA1,17,43092113,na,na,Benign,0
BRCA1,17,43091983,na,na,Benign,0
BRCA1,17,43091748,na,na,Likely benign,0
BRCA1,17,43091492,na,na,Benign,0
BRCA1,17,43104138,na,na,Benign,0
BRCA1,17,43074486,na,na,Benign,0
BRCA1,17,43074471,na,na,Benign,0
BRCA1,17,43071077,na,na,Benign,0
BRCA1,17,43071031,na,na,Benign,0
BRCA1,17,43070958,na,na,Benign,0
BRCA1,17,43094795,na,na,Benign,0
APC,5,112828864,na,na,Benign,0
MSH6,2,47803493,na,na,Benign,0
MSH6,2,47803699,na,na,Benign,0
MSH6,2,47806641,na,na,Pathogenic,1
MLH1,3,37020402,na,na,Benign,0
TP53,17,7676230,na,na,Benign,0
TP53,17,7674945,na,na,Pathogenic,1
TP53,17,7674894,na,na,Pathogenic,1
TP53,17,7674892,na,na,Benign,0
RYR2,1,237783664,na,na,Benign,0
MARVELD2,5,69424592,na,na,Benign,0
MYH14,19,50275988,na,na,Benign,0
CRYM,16,21261270,na,na,Benign,0
SOS1,2,39035207,na,na,Benign,0
COL11A2,6,33173698,na,na,Benign,0
USH1C,11,17495688,na,na,Benign,0
BRCA2,13,32319109,na,na,Pathogenic,1
BRCA2,13,32398623,na,na,Benign,0
BRCA2,13,32332489,na,na,Likely benign,0
BRCA2,13,32398634,na,na,Benign,0
BRCA2,13,32398764,na,na,Likely benign,0
BRCA2,13,32332518,na,na,Benign,0
BRCA2,13,32316470,na,na,Pathogenic,1
BRCA2,13,32332581,na,na,Pathogenic,1
BRCA2,13,32332595,na,na,Pathogenic,1
BRCA2,13,32332601,na,na,Benign,0
BRCA2,13,32332627,na,na,Likely benign,0
BRCA2,13,32332631,na,na,Pathogenic,1
BRCA2,13,32332658,na,na,Pathogenic,1
BRCA2,13,32332659,na,na,Benign,0
BRCA2,13,32332666,na,na,Likely benign,0
BRCA2,13,32332680,na,na,Pathogenic,1
BRCA2,13,32332696,na,na,Likely benign,0
BRCA2,13,32319130,na,na,Benign,0
BRCA2,13,32332719,na,na,Pathogenic,1
BRCA2,13,32332739,na,na,Pathogenic,1
BRCA2,13,32332753,na,na,Benign,0
BRCA2,13,32332765,na,na,Likely benign,0
BRCA2,13,32332805,na,na,Pathogenic,1
BRCA2,13,32319142,na,na,Pathogenic,1
BRCA2,13,32332832,na,na,Benign,0
BRCA2,13,32332840,na,na,Benign,0
BRCA2,13,32332873,na,na,Likely benign,0
BRCA2,13,32332873,na,na,Likely benign,0
BRCA2,13,32332877,na,na,Pathogenic,1
BRCA2,13,32332889,na,na,Pathogenic,1
BRCA2,13,32332892,na,na,Pathogenic,1
BRCA2,13,32332901,na,na,Pathogenic,1
BRCA2,13,32332934,na,na,Pathogenic,1
BRCA2,13,32319154,na,na,Pathogenic,1
BRCA2,13,32332974,na,na,Likely benign,0
BRCA2,13,32333006,na,na,Pathogenic,1
BRCA2,13,32333072,na,na,Pathogenic,1
BRCA2,13,32333077,na,na,Likely benign,0
BRCA2,13,32333122,na,na,Benign,0
BRCA2,13,32333125,na,na,Likely benign,0
BRCA2,13,32333140,na,na,Benign,0
BRCA2,13,32333148,na,na,Pathogenic,1
BRCA2,13,32333156,na,na,Likely benign,0
BRCA2,13,32333159,na,na,Pathogenic,1
BRCA2,13,32333167,na,na,Pathogenic,1
BRCA2,13,32319180,na,na,Pathogenic,1
BRCA2,13,32319181,na,na,Pathogenic,1
BRCA2,13,32333226,na,na,Pathogenic,1
BRCA2,13,32333264,na,na,Benign,0
BRCA2,13,32333266,na,na,Benign,0
BRCA2,13,32333267,na,na,Pathogenic,1
BRCA2,13,32333276,na,na,Benign,0
BRCA2,13,32333278,na,na,Pathogenic,1
BRCA2,13,32333282,na,na,Benign,0
BRCA2,13,32333303,na,na,Pathogenic,1
BRCA2,13,32333330,na,na,Likely benign,0
BRCA2,13,32333333,na,na,Pathogenic,1
BRCA2,13,32336248,na,na,Likely benign,0
BRCA2,13,32336266,na,na,Likely benign,0
BRCA2,13,32336293,na,na,Benign,0
BRCA2,13,32336314,na,na,Likely benign,0
BRCA2,13,32319205,na,na,Pathogenic,1
BRCA2,13,32319207,na,na,Benign,0
BRCA2,13,32336419,na,na,Pathogenic,1
BRCA2,13,32336474,na,na,Likely benign,0
BRCA2,13,32336564,na,na,Likely benign,0
BRCA2,13,32336576,na,na,Likely benign,0
BRCA2,13,32336579,na,na,Pathogenic,1
BRCA2,13,32319232,na,na,Benign,0
BRCA2,13,32336630,na,na,Likely benign,0
BRCA2,13,32319236,na,na,Pathogenic,1
BRCA2,13,32319240,na,na,Benign,0
BRCA2,13,32336692,na,na,Likely benign,0
BRCA2,13,32336727,na,na,Pathogenic,1
BRCA2,13,32336731,na,na,Pathogenic,1
BRCA2,13,32336771,na,na,Benign,0
BRCA2,13,32319253,na,na,Pathogenic,1
BRCA2,13,32336810,na,na,Pathogenic,1
BRCA2,13,32336826,na,na,Pathogenic,1
BRCA2,13,32336838,na,na,Likely benign,0
BRCA2,13,32336858,na,na,Likely benign,0
BRCA2,13,32319259,na,na,Pathogenic,1
BRCA2,13,32336872,na,na,Pathogenic,1
BRCA2,13,32336892,na,na,Pathogenic,1
BRCA2,13,32336893,na,na,Benign,0
BRCA2,13,32336893,na,na,Likely benign,0
BRCA2,13,32336967,na,na,Pathogenic,1
BRCA2,13,32337035,na,na,Benign,0
BRCA2,13,32337053,na,na,Benign,0
BRCA2,13,32319282,na,na,Pathogenic,1
BRCA2,13,32319282,na,na,Pathogenic,1
BRCA2,13,32337103,na,na,Pathogenic,1
BRCA2,13,32337141,na,na,Benign,0
BRCA2,13,32337185,na,na,Pathogenic,1
BRCA2,13,32337227,na,na,Likely benign,0
BRCA2,13,32337236,na,na,Pathogenic,1
BRCA2,13,32337238,na,na,Benign,0
BRCA2,13,32319298,na,na,Pathogenic,1
BRCA2,13,32337267,na,na,Pathogenic,1
BRCA2,13,32337274,na,na,Benign,0
BRCA2,13,32337305,na,na,Pathogenic,1
BRCA2,13,32337315,na,na,Benign,0
BRCA2,13,32337320,na,na,Likely benign,0
BRCA2,13,32337342,na,na,Benign,0
BRCA2,13,32319307,na,na,Pathogenic,1
BRCA2,13,32337345,na,na,Pathogenic,1
BRCA2,13,32316462,na,na,Pathogenic,1
BRCA2,13,32337398,na,na,Pathogenic,1
BRCA2,13,32337431,na,na,Pathogenic,1
BRCA2,13,32337458,na,na,Pathogenic,1
BRCA2,13,32337477,na,na,Likely benign,0
BRCA2,13,32337487,na,na,Likely benign,0
BRCA2,13,32319323,na,na,Pathogenic,1
BRCA2,13,32319327,na,na,Pathogenic,1
BRCA2,13,32319330,na,na,Pathogenic,1
BRCA2,13,32319330,na,na,Pathogenic,1
BRCA2,13,32337521,na,na,Pathogenic,1
BRCA2,13,32325081,na,na,Benign,0
BRCA2,13,32337619,na,na,Benign,0
BRCA2,13,32337620,na,na,Pathogenic,1
BRCA2,13,32337638,na,na,Pathogenic,1
BRCA2,13,32337651,na,na,Pathogenic,1
BRCA2,13,32337674,na,na,Pathogenic,1
BRCA2,13,32337717,na,na,Pathogenic,1
BRCA2,13,32337758,na,na,Likely benign,0
BRCA2,13,32337775,na,na,Benign,0
BRCA2,13,32337797,na,na,Pathogenic,1
BRCA2,13,32337810,na,na,Pathogenic,1
BRCA2,13,32337824,na,na,Pathogenic,1
BRCA2,13,32337871,na,na,Benign,0
BRCA2,13,32337923,na,na,Benign,0
BRCA2,13,32337930,na,na,Benign,0
BRCA2,13,32338030,na,na,Likely benign,0
BRCA2,13,32338103,na,na,Pathogenic,1
BRCA2,13,32338140,na,na,Pathogenic,1
BRCA2,13,32316497,na,na,Pathogenic,1
BRCA2,13,32338167,na,na,Pathogenic,1
BRCA2,13,32338194,na,na,Benign,0
BRCA2,13,32338203,na,na,Likely benign,0
BRCA2,13,32338226,na,na,Pathogenic,1
BRCA2,13,32338236,na,na,Pathogenic,1
BRCA2,13,32338260,na,na,Likely benign,0
BRCA2,13,32338264,na,na,Likely benign,0
BRCA2,13,32338294,na,na,Pathogenic,1
BRCA2,13,32338299,na,na,Likely benign,0
BRCA2,13,32338313,na,na,Pathogenic,1
BRCA2,13,32338322,na,na,Pathogenic,1
BRCA2,13,32316463,na,na,Pathogenic,1
BRCA2,13,32338356,na,na,Pathogenic,1
BRCA2,13,32338378,na,na,Likely benign,0
BRCA2,13,32338401,na,na,Benign,0
BRCA2,13,32338416,na,na,Benign,0
BRCA2,13,32338423,na,na,Benign,0
BRCA2,13,32338444,na,na,Likely benign,0
BRCA2,13,32338445,na,na,Benign,0
BRCA2,13,32338450,na,na,Pathogenic,1
BRCA2,13,32338466,na,na,Pathogenic,1
BRCA2,13,32338518,na,na,Likely benign,0
BRCA2,13,32338596,na,na,Benign,0
BRCA2,13,32326084,na,na,Likely benign,0
BRCA2,13,32326054,na,na,Likely benign,0
BRCA2,13,32338626,na,na,Benign,0
BRCA2,13,32338640,na,na,Pathogenic,1
BRCA2,13,32338680,na,na,Pathogenic,1
BRCA2,13,32326114,na,na,Pathogenic,1
BRCA2,13,32326115,na,na,Benign,0
BRCA2,13,32326116,na,na,Likely benign,0
BRCA2,13,32338795,na,na,Pathogenic,1
BRCA2,13,32338880,na,na,Pathogenic,1
BRCA2,13,32338907,na,na,Pathogenic,1
BRCA2,13,32338921,na,na,Likely benign,0
BRCA2,13,32338925,na,na,Benign,0
BRCA2,13,32338939,na,na,Likely benign,0
BRCA2,13,32338943,na,na,Pathogenic,1
BRCA2,13,32338969,na,na,Likely benign,0
BRCA2,13,32339011,na,na,Likely benign,0
BRCA2,13,32339039,na,na,Pathogenic,1
BRCA2,13,32339073,na,na,Likely benign,0
BRCA2,13,32326151,na,na,Pathogenic,1
BRCA2,13,32326151,na,na,Pathogenic,1
BRCA2,13,32339185,na,na,Likely benign,0
BRCA2,13,32339214,na,na,Pathogenic,1
BRCA2,13,32339244,na,na,Pathogenic,1
BRCA2,13,32339244,na,na,Pathogenic,1
BRCA2,13,32326257,na,na,Pathogenic,1
BRCA2,13,32339288,na,na,Pathogenic,1
BRCA2,13,32339320,na,na,Pathogenic,1
BRCA2,13,32339358,na,na,Likely benign,0
BRCA2,13,32326268,na,na,Benign,0
BRCA2,13,32339456,na,na,Pathogenic,1
BRCA2,13,32339462,na,na,Pathogenic,1
BRCA2,13,32339514,na,na,Pathogenic,1
BRCA2,13,32326292,na,na,Likely benign,0
BRCA2,13,32326300,na,na,Benign,0
BRCA2,13,32326283,na,na,Pathogenic,1
BRCA2,13,32326283,na,na,Pathogenic,1
BRCA2,13,32326289,na,na,Likely benign,0
BRCA2,13,32326282,na,na,Likely pathogenic,1
BRCA2,13,32326488,na,na,Likely benign,0
BRCA2,13,32326483,na,na,Likely benign,0
BRCA2,13,32326480,na,na,Benign,0
BRCA2,13,32326498,na,na,Pathogenic,1
BRCA2,13,32326497,na,na,Pathogenic,1
BRCA2,13,32339554,na,na,Benign,0
BRCA2,13,32339572,na,na,Pathogenic,1
BRCA2,13,32339634,na,na,Pathogenic,1
BRCA2,13,32339641,na,na,Pathogenic,1
BRCA2,13,32339646,na,na,Pathogenic,1
BRCA2,13,32339653,na,na,Likely benign,0
BRCA2,13,32339699,na,na,Pathogenic,1
BRCA2,13,32316513,na,na,Benign,0
BRCA2,13,32339759,na,na,Pathogenic,1
BRCA2,13,32339782,na,na,Likely benign,0
BRCA2,13,32339789,na,na,Pathogenic,1
BRCA2,13,32339810,na,na,Benign,0
BRCA2,13,32339822,na,na,Likely benign,0
BRCA2,13,32326531,na,na,Likely benign,0
BRCA2,13,32339924,na,na,Pathogenic,1
BRCA2,13,32339981,na,na,Pathogenic,1
BRCA2,13,32339995,na,na,Benign,0
BRCA2,13,32340011,na,na,Pathogenic,1
BRCA2,13,32340016,na,na,Likely benign,0
BRCA2,13,32340038,na,na,Likely benign,0
BRCA2,13,32340054,na,na,Pathogenic,1
BRCA2,13,32340059,na,na,Benign,0
BRCA2,13,32340089,na,na,Pathogenic,1
BRCA2,13,32340094,na,na,Pathogenic,1
BRCA2,13,32340107,na,na,Benign,0
BRCA2,13,32340108,na,na,Benign,0
BRCA2,13,32340128,na,na,Pathogenic,1
BRCA2,13,32340144,na,na,Pathogenic,1
BRCA2,13,32340146,na,na,Pathogenic,1
BRCA2,13,32326563,na,na,Pathogenic,1
BRCA2,13,32340212,na,na,Pathogenic,1
BRCA2,13,32340219,na,na,Pathogenic,1
BRCA2,13,32340219,na,na,Pathogenic,1
BRCA2,13,32340280,na,na,Pathogenic,1
BRCA2,13,32340314,na,na,Pathogenic,1
BRCA2,13,32340347,na,na,Pathogenic,1
BRCA2,13,32340373,na,na,Likely benign,0
BRCA2,13,32340380,na,na,Pathogenic,1
BRCA2,13,32340413,na,na,Pathogenic,1
BRCA2,13,32340420,na,na,Pathogenic,1
BRCA2,13,32340425,na,na,Pathogenic,1
BRCA2,13,32340437,na,na,Pathogenic,1
BRCA2,13,32340440,na,na,Pathogenic,1
BRCA2,13,32340479,na,na,Pathogenic,1
BRCA2,13,32340524,na,na,Pathogenic,1
BRCA2,13,32340594,na,na,Pathogenic,1
BRCA2,13,32340663,na,na,Pathogenic,1
BRCA2,13,32326615,na,na,Likely pathogenic,1
BRCA2,13,32326617,na,na,Likely pathogenic,1
BRCA2,13,32326613,na,na,Pathogenic,1
BRCA2,13,32329442,na,na,Pathogenic,1
BRCA2,13,32329441,na,na,Pathogenic,1
BRCA2,13,32329434,na,na,Likely benign,0
BRCA2,13,32340714,na,na,Pathogenic,1
BRCA2,13,32340737,na,na,Pathogenic,1
BRCA2,13,32340739,na,na,Likely benign,0
BRCA2,13,32340775,na,na,Likely benign,0
BRCA2,13,32340810,na,na,Benign,0
BRCA2,13,32340817,na,na,Pathogenic,1
BRCA2,13,32340824,na,na,Pathogenic,1
BRCA2,13,32340845,na,na,Pathogenic,1
BRCA2,13,32329463,na,na,Pathogenic,1
BRCA2,13,32340887,na,na,Likely benign,0
BRCA2,13,32340902,na,na,Pathogenic,1
BRCA2,13,32340912,na,na,Pathogenic,1
BRCA2,13,32340988,na,na,Likely benign,0
BRCA2,13,32341011,na,na,Pathogenic,1
BRCA2,13,32316528,na,na,Pathogenic,1
BRCA2,13,32316528,na,na,Pathogenic,1
BRCA2,13,32316529,na,na,Pathogenic,1
BRCA2,13,32316529,na,na,Pathogenic,1
BRCA2,13,32316609,na,na,Benign,0
BRCA2,13,32341070,na,na,Pathogenic,1
BRCA2,13,32341123,na,na,Pathogenic,1
BRCA2,13,32319061,na,na,Likely benign,0
BRCA2,13,32319070,na,na,Benign,0
BRCA2,13,32341155,na,na,Pathogenic,1
BRCA2,13,32329548,na,na,Benign,0
BRCA2,13,32344446,na,na,Likely benign,0
BRCA2,13,32344651,na,na,Benign,0
BRCA2,13,32346825,na,na,Pathogenic,1
BRCA2,13,32346832,na,na,Likely benign,0
BRCA2,13,32346842,na,na,Benign,0
BRCA2,13,32354848,na,na,Likely benign,0
BRCA2,13,32354841,na,na,Likely benign,0
BRCA2,13,32354859,na,na,Pathogenic,1
BRCA2,13,32354859,na,na,Pathogenic,1
BRCA2,13,32354799,na,na,Benign,0
BRCA2,13,32354870,na,na,Benign,0
BRCA2,13,32354877,na,na,Pathogenic,1
BRCA2,13,32354909,na,na,Likely benign,0
BRCA2,13,32354910,na,na,Benign,0
BRCA2,13,32354913,na,na,Pathogenic,1
BRCA2,13,32354968,na,na,Pathogenic,1
BRCA2,13,32355005,na,na,Likely benign,0
BRCA2,13,32355033,na,na,Pathogenic,1
BRCA2,13,32355035,na,na,Likely benign,0
BRCA2,13,32319080,na,na,Pathogenic,1
BRCA2,13,32355077,na,na,Likely benign,0
BRCA2,13,32355085,na,na,Benign,0
BRCA2,13,32355094,na,na,Pathogenic,1
BRCA2,13,32355114,na,na,Pathogenic,1
BRCA2,13,32355156,na,na,Pathogenic,1
BRCA2,13,32355160,na,na,Benign,0
BRCA2,13,32330970,na,na,Pathogenic,1
BRCA2,13,32355228,na,na,Pathogenic,1
BRCA2,13,32355250,na,na,Benign,0
BRCA2,13,32355268,na,na,Benign,0
BRCA2,13,32330978,na,na,Likely benign,0
BRCA2,13,32356414,na,na,Likely benign,0
BRCA2,13,32356463,na,na,Pathogenic,1
BRCA2,13,32356497,na,na,Benign,0
BRCA2,13,32356526,na,na,Benign,0
BRCA2,13,32356550,na,na,Pathogenic,1
BRCA2,13,32356604,na,na,Pathogenic,1
BRCA2,13,32356610,na,na,Pathogenic,1
BRCA2,13,32356610,na,na,Pathogenic,1
BRCA2,13,32356611,na,na,Pathogenic,1
BRCA2,13,32357741,na,na,Likely pathogenic,1
BRCA2,13,32357683,na,na,Likely benign,0
BRCA2,13,32357749,na,na,Benign,0
BRCA2,13,32357750,na,na,Benign,0
BRCA2,13,32357771,na,na,Pathogenic,1
BRCA2,13,32357805,na,na,Pathogenic,1
BRCA2,13,32357845,na,na,Pathogenic,1
BRCA2,13,32331009,na,na,Pathogenic,1
BRCA2,13,32357862,na,na,Pathogenic,1
BRCA2,13,32357877,na,na,Likely pathogenic,1
BRCA2,13,32357881,na,na,Pathogenic,1
BRCA2,13,32331012,na,na,Pathogenic,1
BRCA2,13,32357930,na,na,Pathogenic,1
BRCA2,13,32357932,na,na,Likely pathogenic,1
BRCA2,13,32357936,na,na,Likely benign,0
BRCA2,13,32357929,na,na,Pathogenic,1
BRCA2,13,32362522,na,na,Pathogenic,1
BRCA2,13,32362521,na,na,Pathogenic,1
BRCA2,13,32362483,na,na,Benign,0
BRCA2,13,32362514,na,na,Pathogenic,1
BRCA2,13,32362536,na,na,Likely pathogenic,1
BRCA2,13,32362573,na,na,Pathogenic,1
BRCA2,13,32362580,na,na,Pathogenic,1
BRCA2,13,32362596,na,na,Pathogenic,1
BRCA2,13,32362603,na,na,Pathogenic,1
BRCA2,13,32362625,na,na,Pathogenic,1
BRCA2,13,32332182,na,na,Likely benign,0
BRCA2,13,32362658,na,na,Likely benign,0
BRCA2,13,32362664,na,na,Likely benign,0
BRCA2,13,32362694,na,na,Pathogenic,1
BRCA2,13,32362716,na,na,Benign,0
BRCA2,13,32362693,na,na,Pathogenic,1
BRCA2,13,32363182,na,na,Pathogenic,1
BRCA2,13,32363190,na,na,Pathogenic,1
BRCA2,13,32363194,na,na,Likely benign,0
BRCA2,13,32363194,na,na,Likely benign,0
BRCA2,13,32363198,na,na,Pathogenic,1
BRCA2,13,32363204,na,na,Pathogenic,1
BRCA2,13,32363211,na,na,Pathogenic,1
BRCA2,13,32363225,na,na,Pathogenic,1
BRCA2,13,32363269,na,na,Pathogenic,1
BRCA2,13,32363286,na,na,Pathogenic,1
BRCA2,13,32363289,na,na,Pathogenic,1
BRCA2,13,32332287,na,na,Pathogenic,1
BRCA2,13,32363305,na,na,Likely benign,0
BRCA2,13,32363342,na,na,Pathogenic,1
BRCA2,13,32363364,na,na,Likely pathogenic,1
BRCA2,13,32363369,na,na,Pathogenic,1
BRCA2,13,32363370,na,na,Pathogenic,1
BRCA2,13,32363377,na,na,Pathogenic,1
BRCA2,13,32332296,na,na,Pathogenic,1
BRCA2,13,32332296,na,na,Pathogenic,1
BRCA2,13,32363393,na,na,Pathogenic,1
BRCA2,13,32363397,na,na,Pathogenic,1
BRCA2,13,32363445,na,na,Pathogenic,1
BRCA2,13,32363510,na,na,Benign,0
BRCA2,13,32363516,na,na,Pathogenic,1
BRCA2,13,32363529,na,na,Pathogenic,1
BRCA2,13,32363534,na,na,Likely pathogenic,1
BRCA2,13,32370336,na,na,Benign,0
BRCA2,13,32370432,na,na,Likely pathogenic,1
BRCA2,13,32370433,na,na,Pathogenic,1
BRCA2,13,32370434,na,na,Pathogenic,1
BRCA2,13,32370445,na,na,Likely pathogenic,1
BRCA2,13,32370521,na,na,Pathogenic,1
BRCA2,13,32370530,na,na,Benign,0
BRCA2,13,32370555,na,na,Pathogenic,1
BRCA2,13,32370558,na,na,Pathogenic,1
BRCA2,13,32370957,na,na,Pathogenic,1
BRCA2,13,32370971,na,na,Benign,0
BRCA2,13,32370972,na,na,Pathogenic,1
BRCA2,13,32370993,na,na,Benign,0
BRCA2,13,32332334,na,na,Likely benign,0
BRCA2,13,32371040,na,na,Pathogenic,1
BRCA2,13,32371043,na,na,Pathogenic,1
BRCA2,13,32371062,na,na,Pathogenic,1
BRCA2,13,32371088,na,na,Pathogenic,1
BRCA2,13,32371097,na,na,Pathogenic,1
BRCA2,13,32371101,na,na,Pathogenic,1
BRCA2,13,32371124,na,na,Likely benign,0
BRCA2,13,32376668,na,na,Pathogenic,1
BRCA2,13,32376681,na,na,Pathogenic,1
BRCA2,13,32376717,na,na,Pathogenic,1
BRCA2,13,32376902,na,na,Likely benign,0
BRCA2,13,32376802,na,na,Likely benign,0
BRCA2,13,32376792,na,na,Pathogenic,1
BRCA2,13,32376795,na,na,Pathogenic,1
BRCA2,13,32379238,na,na,Likely benign,0
BRCA2,13,32379332,na,na,Pathogenic,1
BRCA2,13,32379335,na,na,Pathogenic,1
BRCA2,13,32332358,na,na,Pathogenic,1
BRCA2,13,32379383,na,na,Pathogenic,1
BRCA2,13,32379440,na,na,Pathogenic,1
BRCA2,13,32379467,na,na,Benign,0
BRCA2,13,32379495,na,na,Pathogenic,1
BRCA2,13,32379613,na,na,Benign,0
BRCA2,13,32379747,na,na,Likely pathogenic,1
BRCA2,13,32379766,na,na,Pathogenic,1
BRCA2,13,32379774,na,na,Pathogenic,1
BRCA2,13,32379787,na,na,Pathogenic,1
BRCA2,13,32379793,na,na,Likely benign,0
BRCA2,13,32379795,na,na,Pathogenic,1
BRCA2,13,32379803,na,na,Pathogenic,1
BRCA2,13,32379814,na,na,Pathogenic,1
BRCA2,13,32379837,na,na,Pathogenic,1
BRCA2,13,32379896,na,na,Pathogenic,1
BRCA2,13,32379905,na,na,Pathogenic,1
BRCA2,13,32379914,na,na,Pathogenic,1
BRCA2,13,32379914,na,na,Pathogenic,1
BRCA2,13,32379915,na,na,Pathogenic,1
BRCA2,13,32379922,na,na,Likely benign,0
BRCA2,13,32379993,na,na,Likely benign,0
BRCA2,13,32380005,na,na,Pathogenic,1
BRCA2,13,32380037,na,na,Pathogenic,1
BRCA2,13,32380043,na,na,Pathogenic,1
BRCA2,13,32380064,na,na,Benign,0
BRCA2,13,32380071,na,na,Pathogenic,1
BRCA2,13,32319100,na,na,Likely pathogenic,1
BRCA2,13,32380096,na,na,Pathogenic,1
BRCA2,13,32380116,na,na,Likely pathogenic,1
BRCA2,13,32380126,na,na,Likely benign,0
BRCA2,13,32380136,na,na,Pathogenic,1
BRCA2,13,32380145,na,na,Pathogenic,1
BRCA2,13,32394673,na,na,Benign,0
BRCA2,13,32394688,na,na,Pathogenic,1
BRCA2,13,32394614,na,na,Likely benign,0
BRCA2,13,32394708,na,na,Pathogenic,1
BRCA2,13,32332405,na,na,Likely benign,0
BRCA2,13,32394717,na,na,Pathogenic,1
BRCA2,13,32394718,na,na,Pathogenic,1
BRCA2,13,32394723,na,na,Pathogenic,1
BRCA2,13,32319101,na,na,Pathogenic,1
BRCA2,13,32394749,na,na,Pathogenic,1
BRCA2,13,32394763,na,na,Pathogenic,1
BRCA2,13,32394788,na,na,Pathogenic,1
BRCA2,13,32394806,na,na,Likely pathogenic,1
BRCA2,13,32394807,na,na,Likely benign,0
BRCA2,13,32394808,na,na,Pathogenic,1
BRCA2,13,32394814,na,na,Pathogenic,1
BRCA2,13,32319102,na,na,Pathogenic,1
BRCA2,13,32394846,na,na,Likely benign,0
BRCA2,13,32394898,na,na,Pathogenic,1
BRCA2,13,32394913,na,na,Pathogenic,1
BRCA2,13,32394933,na,na,Pathogenic,1
BRCA2,13,32396886,na,na,Benign,0
BRCA2,13,32396870,na,na,Likely pathogenic,1
BRCA2,13,32396827,na,na,Likely benign,0
BRCA2,13,32396905,na,na,Benign,0
BRCA2,13,32332430,na,na,Pathogenic,1
BRCA2,13,32396934,na,na,Benign,0
BRCA2,13,32396968,na,na,Pathogenic,1
BRCA2,13,32332439,na,na,Pathogenic,1
BRCA2,13,32397042,na,na,Likely benign,0
BRCA2,13,32398143,na,na,Benign,0
BRCA2,13,32398142,na,na,Benign,0
BRCA2,13,32398154,na,na,Likely benign,0
BRCA2,13,32398233,na,na,Likely benign,0
BRCA2,13,32398251,na,na,Benign,0
BRCA2,13,32332456,na,na,Benign,0
BRCA2,13,32319106,na,na,Pathogenic,1
BRCA2,13,32398356,na,na,Likely benign,0
BRCA2,13,32398356,na,na,Benign,0
BRCA2,13,32398388,na,na,Benign,0
BRCA2,13,32398396,na,na,Pathogenic,1
BRCA2,13,32398437,na,na,Pathogenic,1
BRCA2,13,32398437,na,na,Benign,0
BRCA1,17,43094530,na,na,Benign,0
BRCA1,17,43094519,na,na,Pathogenic,1
BRCA1,17,43094486,na,na,Pathogenic,1
BRCA1,17,43094477,na,na,Pathogenic,1
BRCA1,17,43094473,na,na,Pathogenic,1
BRCA1,17,43094472,na,na,Pathogenic,1
BRCA1,17,43094468,na,na,Pathogenic,1
BRCA1,17,43094467,na,na,Likely benign,0
BRCA1,17,43094466,na,na,Likely benign,0
BRCA1,17,43094465,na,na,Pathogenic,1
BRCA1,17,43094449,na,na,Pathogenic,1
BRCA1,17,43094429,na,na,Pathogenic,1
BRCA1,17,43115750,na,na,Pathogenic,1
BRCA1,17,43094416,na,na,Pathogenic,1
BRCA1,17,43094415,na,na,Pathogenic,1
BRCA1,17,43094404,na,na,Likely benign,0
BRCA1,17,43094401,na,na,Likely benign,0
BRCA1,17,43094393,na,na,Pathogenic,1
BRCA1,17,43094390,na,na,Pathogenic,1
BRCA1,17,43115746,na,na,Benign,0
BRCA1,17,43115745,na,na,Pathogenic,1
BRCA1,17,43094338,na,na,Pathogenic,1
BRCA1,17,43094338,na,na,Pathogenic,1
BRCA1,17,43094327,na,na,Pathogenic,1
BRCA1,17,43094323,na,na,Likely benign,0
BRCA1,17,43094317,na,na,Pathogenic,1
BRCA1,17,43115738,na,na,Pathogenic,1
BRCA1,17,43094279,na,na,Pathogenic,1
BRCA1,17,43094270,na,na,Likely benign,0
BRCA1,17,43094265,na,na,Pathogenic,1
BRCA1,17,43094252,na,na,Pathogenic,1
BRCA1,17,43094239,na,na,Pathogenic,1
BRCA1,17,43115730,na,na,Pathogenic,1
BRCA1,17,43115730,na,na,Pathogenic,1
BRCA1,17,43115729,na,na,Pathogenic,1
BRCA1,17,43115729,na,na,Pathogenic,1
BRCA1,17,43094205,na,na,Pathogenic,1
BRCA1,17,43094198,na,na,Pathogenic,1
BRCA1,17,43115724,na,na,Pathogenic,1
BRCA1,17,43115723,na,na,Pathogenic,1
BRCA1,17,43106534,na,na,Pathogenic,1
BRCA1,17,43094179,na,na,Pathogenic,1
BRCA1,17,43094179,na,na,Pathogenic,1
BRCA1,17,43094148,na,na,Benign,0
BRCA1,17,43094138,na,na,Likely benign,0
BRCA1,17,43094132,na,na,Pathogenic,1
BRCA1,17,43106529,na,na,Likely pathogenic,1
BRCA1,17,43106528,na,na,Pathogenic,1
BRCA1,17,43094113,na,na,Benign,0
BRCA1,17,43094113,na,na,Benign,0
BRCA1,17,43094110,na,na,Pathogenic,1
BRCA1,17,43094081,na,na,Pathogenic,1
BRCA1,17,43094075,na,na,Benign,0
BRCA1,17,43094073,na,na,Likely benign,0
BRCA1,17,43094066,na,na,Pathogenic,1
BRCA1,17,43094060,na,na,Pathogenic,1
BRCA1,17,43094020,na,na,Benign,0
BRCA1,17,43094018,na,na,Pathogenic,1
BRCA1,17,43094012,na,na,Pathogenic,1
BRCA1,17,43094002,na,na,Pathogenic,1
BRCA1,17,43093967,na,na,Likely benign,0
BRCA1,17,43093955,na,na,Pathogenic,1
BRCA1,17,43093931,na,na,Pathogenic,1
BRCA1,17,43106508,na,na,Pathogenic,1
BRCA1,17,43093919,na,na,Pathogenic,1
BRCA1,17,43093915,na,na,Benign,0
BRCA1,17,43093910,na,na,Pathogenic,1
BRCA1,17,43093901,na,na,Pathogenic,1
BRCA1,17,43093876,na,na,Likely benign,0
BRCA1,17,43093871,na,na,Pathogenic,1
BRCA1,17,43093828,na,na,Benign,0
BRCA1,17,43093802,na,na,Pathogenic,1
BRCA1,17,43093790,na,na,Pathogenic,1
BRCA1,17,43093784,na,na,Pathogenic,1
BRCA1,17,43093742,na,na,Pathogenic,1
BRCA1,17,43106490,na,na,Pathogenic,1
BRCA1,17,43093738,na,na,Pathogenic,1
BRCA1,17,43093738,na,na,Pathogenic,1
BRCA1,17,43093731,na,na,Likely benign,0
BRCA1,17,43093723,na,na,Pathogenic,1
BRCA1,17,43093712,na,na,Pathogenic,1
BRCA1,17,43106487,na,na,Pathogenic,1
BRCA1,17,43106486,na,na,Pathogenic,1
BRCA1,17,43093697,na,na,Benign,0
BRCA1,17,43093691,na,na,Pathogenic,1
BRCA1,17,43093666,na,na,Benign,0
BRCA1,17,43093665,na,na,Likely benign,0
BRCA1,17,43093661,na,na,Pathogenic,1
BRCA1,17,43106480,na,na,Pathogenic,1
BRCA1,17,43093638,na,na,Likely benign,0
BRCA1,17,43093634,na,na,Likely benign,0
BRCA1,17,43093630,na,na,Likely benign,0
BRCA1,17,43106478,na,na,Pathogenic,1
BRCA1,17,43093620,na,na,Likely benign,0
BRCA1,17,43093619,na,na,Pathogenic,1
BRCA1,17,43093615,na,na,Pathogenic,1
BRCA1,17,43106477,na,na,Pathogenic,1
BRCA1,17,43093607,na,na,Benign,0
BRCA1,17,43093604,na,na,Benign,0
BRCA1,17,43093599,na,na,Likely benign,0
BRCA1,17,43093586,na,na,Pathogenic,1
BRCA1,17,43093571,na,na,Likely benign,0
BRCA1,17,43093568,na,na,Likely benign,0
BRCA1,17,43093562,na,na,Pathogenic,1
BRCA1,17,43093560,na,na,Benign,0
BRCA1,17,43093532,na,na,Pathogenic,1
BRCA1,17,43106469,na,na,Benign,0
BRCA1,17,43093517,na,na,Pathogenic,1
BRCA1,17,43093514,na,na,Pathogenic,1
BRCA1,17,43093496,na,na,Pathogenic,1
BRCA1,17,43093472,na,na,Pathogenic,1
BRCA1,17,43093452,na,na,Likely benign,0
BRCA1,17,43093448,na,na,Benign,0
BRCA1,17,43093428,na,na,Likely benign,0
BRCA1,17,43093426,na,na,Pathogenic,1
BRCA1,17,43093422,na,na,Benign,0
BRCA1,17,43106455,na,na,Pathogenic,1
BRCA1,17,43106455,na,na,Pathogenic,1
BRCA1,17,43106453,na,na,Pathogenic,1
BRCA1,17,43106456,na,na,Pathogenic,1
BRCA1,17,43104957,na,na,Pathogenic,1
BRCA1,17,43104958,na,na,Pathogenic,1
BRCA1,17,43093401,na,na,Likely benign,0
BRCA1,17,43093376,na,na,Pathogenic,1
BRCA1,17,43093356,na,na,Likely benign,0
BRCA1,17,43093351,na,na,Benign,0
BRCA1,17,43093343,na,na,Pathogenic,1
BRCA1,17,43093337,na,na,Pathogenic,1
BRCA1,17,43093334,na,na,Pathogenic,1
BRCA1,17,43104949,na,na,Pathogenic,1
BRCA1,17,43093316,na,na,Pathogenic,1
BRCA1,17,43093299,na,na,Benign,0
BRCA1,17,43093268,na,na,Pathogenic,1
BRCA1,17,43093256,na,na,Pathogenic,1
BRCA1,17,43093245,na,na,Benign,0
BRCA1,17,43093238,na,na,Pathogenic,1
BRCA1,17,43093222,na,na,Pathogenic,1
BRCA1,17,43104938,na,na,Likely benign,0
BRCA1,17,43093209,na,na,Likely benign,0
BRCA1,17,43093200,na,na,Pathogenic,1
BRCA1,17,43093193,na,na,Pathogenic,1
BRCA1,17,43093177,na,na,Pathogenic,1
BRCA1,17,43093128,na,na,Pathogenic,1
BRCA1,17,43093121,na,na,Pathogenic,1
BRCA1,17,43093119,na,na,Benign,0
BRCA1,17,43093118,na,na,Likely benign,0
BRCA1,17,43104928,na,na,Pathogenic,1
BRCA1,17,43093103,na,na,Benign,0
BRCA1,17,43093097,na,na,Pathogenic,1
BRCA1,17,43093094,na,na,Pathogenic,1
BRCA1,17,43093057,na,na,Likely benign,0
BRCA1,17,43092986,na,na,Pathogenic,1
BRCA1,17,43092965,na,na,Benign,0
BRCA1,17,43092963,na,na,Likely benign,0
BRCA1,17,43092963,na,na,Pathogenic,1
BRCA1,17,43092959,na,na,Pathogenic,1
BRCA1,17,43092940,na,na,Pathogenic,1
BRCA1,17,43092934,na,na,Benign,0
BRCA1,17,43092928,na,na,Pathogenic,1
BRCA1,17,43092890,na,na,Pathogenic,1
BRCA1,17,43092856,na,na,Likely benign,0
BRCA1,17,43092848,na,na,Pathogenic,1
BRCA1,17,43092818,na,na,Pathogenic,1
BRCA1,17,43092809,na,na,Pathogenic,1
BRCA1,17,43092803,na,na,Pathogenic,1
BRCA1,17,43092798,na,na,Likely benign,0
BRCA1,17,43092791,na,na,Pathogenic,1
BRCA1,17,43092770,na,na,Pathogenic,1
BRCA1,17,43092731,na,na,Pathogenic,1
BRCA1,17,43092717,na,na,Benign,0
BRCA1,17,43092699,na,na,Pathogenic,1
BRCA1,17,43092667,na,na,Pathogenic,1
BRCA1,17,43092662,na,na,Pathogenic,1
BRCA1,17,43104883,na,na,Likely pathogenic,1
BRCA1,17,43092652,na,na,Likely benign,0
BRCA1,17,43092647,na,na,Benign,0
BRCA1,17,43092632,na,na,Likely benign,0
BRCA1,17,43092620,na,na,Likely benign,0
BRCA1,17,43092617,na,na,Pathogenic,1
BRCA1,17,43092610,na,na,Pathogenic,1
BRCA1,17,43092608,na,na,Pathogenic,1
BRCA1,17,43092600,na,na,Likely benign,0
BRCA1,17,43092596,na,na,Likely benign,0
BRCA1,17,43092568,na,na,Pathogenic,1
BRCA1,17,43092536,na,na,Likely benign,0
BRCA1,17,43124095,na,na,Pathogenic,1
BRCA1,17,43124095,na,na,Pathogenic,1
BRCA1,17,43104262,na,na,Pathogenic,1
BRCA1,17,43092511,na,na,Pathogenic,1
BRCA1,17,43092509,na,na,Benign,0
BRCA1,17,43092505,na,na,Pathogenic,1
BRCA1,17,43104260,na,na,Pathogenic,1
BRCA1,17,43092482,na,na,Pathogenic,1
BRCA1,17,43092459,na,na,Likely benign,0
BRCA1,17,43092434,na,na,Pathogenic,1
BRCA1,17,43092409,na,na,Pathogenic,1
BRCA1,17,43092391,na,na,Likely benign,0
BRCA1,17,43092388,na,na,Benign,0
BRCA1,17,43092387,na,na,Likely benign,0
BRCA1,17,43104249,na,na,Benign,0
BRCA1,17,43092353,na,na,Pathogenic,1
BRCA1,17,43092303,na,na,Likely benign,0
BRCA1,17,43092292,na,na,Pathogenic,1
BRCA1,17,43092274,na,na,Pathogenic,1
BRCA1,17,43092274,na,na,Pathogenic,1
BRCA1,17,43092263,na,na,Pathogenic,1
BRCA1,17,43092245,na,na,Pathogenic,1
BRCA1,17,43092229,na,na,Benign,0
BRCA1,17,43092222,na,na,Pathogenic,1
BRCA1,17,43092212,na,na,Pathogenic,1
BRCA1,17,43092200,na,na,Pathogenic,1
BRCA1,17,43092192,na,na,Pathogenic,1
BRCA1,17,43092191,na,na,Pathogenic,1
BRCA1,17,43092133,na,na,Pathogenic,1
BRCA1,17,43092133,na,na,Pathogenic,1
BRCA1,17,43092128,na,na,Pathogenic,1
BRCA1,17,43092115,na,na,Benign,0
BRCA1,17,43092105,na,na,Likely benign,0
BRCA1,17,43092101,na,na,Pathogenic,1
BRCA1,17,43092099,na,na,Likely benign,0
BRCA1,17,43092083,na,na,Benign,0
BRCA1,17,43092068,na,na,Benign,0
BRCA1,17,43092059,na,na,Pathogenic,1
BRCA1,17,43124063,na,na,Pathogenic,1
BRCA1,17,43092017,na,na,Pathogenic,1
BRCA1,17,43092004,na,na,Likely benign,0
BRCA1,17,43091990,na,na,Benign,0
BRCA1,17,43091989,na,na,Likely benign,0
BRCA1,17,43091987,na,na,Pathogenic,1
BRCA1,17,43091978,na,na,Pathogenic,1
BRCA1,17,43091938,na,na,Pathogenic,1
BRCA1,17,43091933,na,na,Pathogenic,1
BRCA1,17,43091931,na,na,Benign,0
BRCA1,17,43091928,na,na,Likely benign,0
BRCA1,17,43091923,na,na,Benign,0
BRCA1,17,43091918,na,na,Likely benign,0
BRCA1,17,43091912,na,na,Pathogenic,1
BRCA1,17,43091891,na,na,Benign,0
BRCA1,17,43091891,na,na,Pathogenic,1
BRCA1,17,43091884,na,na,Pathogenic,1
BRCA1,17,43091879,na,na,Likely benign,0
BRCA1,17,43091870,na,na,Pathogenic,1
BRCA1,17,43091867,na,na,Pathogenic,1
BRCA1,17,43091833,na,na,Likely benign,0
BRCA1,17,43091823,na,na,Benign,0
BRCA1,17,43104193,na,na,Benign,0
BRCA1,17,43091813,na,na,Pathogenic,1
BRCA1,17,43091809,na,na,Likely benign,0
BRCA1,17,43091807,na,na,Benign,0
BRCA1,17,43104191,na,na,Likely benign,0
BRCA1,17,43091792,na,na,Benign,0
BRCA1,17,43091783,na,na,Benign,0
BRCA1,17,43091778,na,na,Pathogenic,1
BRCA1,17,43091773,na,na,Likely benign,0
BRCA1,17,43091772,na,na,Likely benign,0
BRCA1,17,43091759,na,na,Pathogenic,1
BRCA1,17,43091749,na,na,Pathogenic,1
BRCA1,17,43091748,na,na,Likely benign,0
BRCA1,17,43091746,na,na,Pathogenic,1
BRCA1,17,43091734,na,na,Benign,0
BRCA1,17,43091714,na,na,Pathogenic,1
BRCA1,17,43091702,na,na,Likely benign,0
BRCA1,17,43091690,na,na,Pathogenic,1
BRCA1,17,43091683,na,na,Likely benign,0
BRCA1,17,43091680,na,na,Likely benign,0
BRCA1,17,43091638,na,na,Pathogenic,1
BRCA1,17,43091636,na,na,Pathogenic,1
BRCA1,17,43091627,na,na,Pathogenic,1
BRCA1,17,43104173,na,na,Pathogenic,1
BRCA1,17,43104172,na,na,Pathogenic,1
BRCA1,17,43091567,na,na,Pathogenic,1
BRCA1,17,43091564,na,na,Pathogenic,1
BRCA1,17,43104167,na,na,Benign,0
BRCA1,17,43104166,na,na,Benign,0
BRCA1,17,43124094,na,na,Pathogenic,1
BRCA1,17,43091520,na,na,Likely benign,0
BRCA1,17,43091505,na,na,Likely benign,0
BRCA1,17,43091485,na,na,Benign,0
BRCA1,17,43091479,na,na,Pathogenic,1
BRCA1,17,43091474,na,na,Pathogenic,1
BRCA1,17,43091457,na,na,Likely benign,0
BRCA1,17,43091456,na,na,Pathogenic,1
BRCA1,17,43091450,na,na,Benign,0
BRCA1,17,43091034,na,na,Pathogenic,1
BRCA1,17,43091013,na,na,Pathogenic,1
BRCA1,17,43091006,na,na,Pathogenic,1
BRCA1,17,43090997,na,na,Benign,0
BRCA1,17,43104148,na,na,Pathogenic,1
BRCA1,17,43090946,na,na,Pathogenic,1
BRCA1,17,43090944,na,na,Pathogenic,1
BRCA1,17,43082575,na,na,Pathogenic,1
BRCA1,17,43082560,na,na,Pathogenic,1
BRCA1,17,43082557,na,na,Benign,0
BRCA1,17,43082539,na,na,Pathogenic,1
BRCA1,17,43082533,na,na,Pathogenic,1
BRCA1,17,43082529,na,na,Likely pathogenic,1
BRCA1,17,43082524,na,na,Pathogenic,1
BRCA1,17,43082516,na,na,Likely benign,0
BRCA1,17,43082508,na,na,Pathogenic,1
BRCA1,17,43082506,na,na,Benign,0
BRCA1,17,43082503,na,na,Pathogenic,1
BRCA1,17,43082474,na,na,Pathogenic,1
BRCA1,17,43082467,na,na,Likely benign,0
BRCA1,17,43082447,na,na,Likely benign,0
BRCA1,17,43082422,na,na,Pathogenic,1
BRCA1,17,43082414,na,na,Likely benign,0
BRCA1,17,43082403,na,na,Pathogenic,1
BRCA1,17,43082402,na,na,Pathogenic,1
BRCA1,17,43076602,na,na,Pathogenic,1
BRCA1,17,43076600,na,na,Pathogenic,1
BRCA1,17,43076583,na,na,Pathogenic,1
BRCA1,17,43076573,na,na,Pathogenic,1
BRCA1,17,43076570,na,na,Benign,0
BRCA1,17,43076492,na,na,Pathogenic,1
BRCA1,17,43076474,na,na,Benign,0
BRCA1,17,43074522,na,na,Pathogenic,1
BRCA1,17,43074519,na,na,Pathogenic,1
BRCA1,17,43074519,na,na,Pathogenic,1
BRCA1,17,43074498,na,na,Pathogenic,1
BRCA1,17,43074482,na,na,Pathogenic,1
BRCA1,17,43074454,na,na,Pathogenic,1
BRCA1,17,43074406,na,na,Benign,0
BRCA1,17,43074403,na,na,Pathogenic,1
BRCA1,17,43074397,na,na,Pathogenic,1
BRCA1,17,43074394,na,na,Pathogenic,1
BRCA1,17,43074388,na,na,Pathogenic,1
BRCA1,17,43074385,na,na,Pathogenic,1
BRCA1,17,43074370,na,na,Benign,0
BRCA1,17,43074370,na,na,Benign,0
BRCA1,17,43099859,na,na,Benign,0
BRCA1,17,43099859,na,na,Pathogenic,1
BRCA1,17,43074350,na,na,Pathogenic,1
BRCA1,17,43074330,na,na,Pathogenic,1
BRCA1,17,43071236,na,na,Pathogenic,1
BRCA1,17,43071223,na,na,Benign,0
BRCA1,17,43071173,na,na,Pathogenic,1
BRCA1,17,43071164,na,na,Likely benign,0
BRCA1,17,43071154,na,na,Pathogenic,1
BRCA1,17,43071137,na,na,Likely benign,0
BRCA1,17,43071113,na,na,Pathogenic,1
BRCA1,17,43071104,na,na,Pathogenic,1
BRCA1,17,43071102,na,na,Benign,0
BRCA1,17,43071101,na,na,Likely benign,0
BRCA1,17,43071081,na,na,Likely benign,0
BRCA1,17,43071074,na,na,Benign,0
BRCA1,17,43071021,na,na,Likely benign,0
BRCA1,17,43071011,na,na,Pathogenic,1
BRCA1,17,43071004,na,na,Benign,0
BRCA1,17,43070993,na,na,Likely benign,0
BRCA1,17,43070984,na,na,Pathogenic,1
BRCA1,17,43070933,na,na,Pathogenic,1
BRCA1,17,43070929,na,na,Benign,0
BRCA1,17,43070926,na,na,Pathogenic,1
BRCA1,17,43070922,na,na,Pathogenic,1
BRCA1,17,43067697,na,na,Pathogenic,1
BRCA1,17,43067683,na,na,Pathogenic,1
BRCA1,17,43067638,na,na,Benign,0
BRCA1,17,43067637,na,na,Likely pathogenic,1
BRCA1,17,43067635,na,na,Pathogenic,1
BRCA1,17,43067629,na,na,Pathogenic,1
BRCA1,17,43067628,na,na,Pathogenic,1
BRCA1,17,43099817,na,na,Pathogenic,1
BRCA1,17,43067610,na,na,Likely pathogenic,1
BRCA1,17,43067608,na,na,Pathogenic,1
BRCA1,17,43063953,na,na,Pathogenic,1
BRCA1,17,43063955,na,na,Likely benign,0
BRCA1,17,43063951,na,na,Likely pathogenic,1
BRCA1,17,43063946,na,na,Pathogenic,1
BRCA1,17,43063937,na,na,Pathogenic,1
BRCA1,17,43099814,na,na,Benign,0
BRCA1,17,43063931,na,na,Likely benign,0
BRCA1,17,43063931,na,na,Pathogenic,1
BRCA1,17,43063930,na,na,Likely pathogenic,1
BRCA1,17,43063928,na,na,Likely pathogenic,1
BRCA1,17,43063917,na,na,Pathogenic,1
BRCA1,17,43063913,na,na,Likely benign,0
BRCA1,17,43063909,na,na,Benign,0
BRCA1,17,43063903,na,na,Pathogenic,1
BRCA1,17,43063898,na,na,Pathogenic,1
BRCA1,17,43063890,na,na,Pathogenic,1
BRCA1,17,43063888,na,na,Likely pathogenic,1
BRCA1,17,43063883,na,na,Pathogenic,1
BRCA1,17,43063883,na,na,Likely pathogenic,1
BRCA1,17,43063882,na,na,Pathogenic,1
BRCA1,17,43063881,na,na,Likely pathogenic,1
BRCA1,17,43063878,na,na,Pathogenic,1
BRCA1,17,43099808,na,na,Pathogenic,1
BRCA1,17,43063873,na,na,Pathogenic,1
BRCA1,17,43063871,na,na,Pathogenic,1
BRCA1,17,43063808,na,na,Benign,0
BRCA1,17,43063374,na,na,Pathogenic,1
BRCA1,17,43063374,na,na,Pathogenic,1
BRCA1,17,43063373,na,na,Pathogenic,1
BRCA1,17,43063372,na,na,Pathogenic,1
BRCA1,17,43063368,na,na,Benign,0
BRCA1,17,43063353,na,na,Pathogenic,1
BRCA1,17,43063332,na,na,Pathogenic,1
BRCA1,17,43057147,na,na,Pathogenic,1
BRCA1,17,43057137,na,na,Likely pathogenic,1
BRCA1,17,43057131,na,na,Benign,0
BRCA1,17,43057128,na,na,Pathogenic,1
BRCA1,17,43057120,na,na,Pathogenic,1
BRCA1,17,43057117,na,na,Pathogenic,1
BRCA1,17,43057112,na,na,Likely pathogenic,1
BRCA1,17,43057090,na,na,Pathogenic,1
BRCA1,17,43057083,na,na,Pathogenic,1
BRCA1,17,43057078,na,na,Pathogenic,1
BRCA1,17,43057077,na,na,Benign,0
BRCA1,17,43057077,na,na,Likely pathogenic,1
BRCA1,17,43057073,na,na,Likely benign,0
BRCA1,17,43057069,na,na,Pathogenic,1
BRCA1,17,43057063,na,na,Pathogenic,1
BRCA1,17,43057051,na,na,Pathogenic,1
BRCA1,17,43051118,na,na,Pathogenic,1
BRCA1,17,43051118,na,na,Pathogenic,1
BRCA1,17,43051118,na,na,Pathogenic,1
BRCA1,17,43051113,na,na,Pathogenic,1
BRCA1,17,43051104,na,na,Pathogenic,1
BRCA1,17,43051102,na,na,Pathogenic,1
BRCA1,17,43051088,na,na,Pathogenic,1
BRCA1,17,43051085,na,na,Likely benign,0
BRCA1,17,43051062,na,na,Pathogenic,1
BRCA1,17,43051062,na,na,Pathogenic,1
BRCA1,17,43051063,na,na,Pathogenic,1
BRCA1,17,43051063,na,na,Likely pathogenic,1
BRCA1,17,43049195,na,na,Pathogenic,1
BRCA1,17,43049196,na,na,Pathogenic,1
BRCA1,17,43049197,na,na,Pathogenic,1
BRCA1,17,43049192,na,na,Pathogenic,1
BRCA1,17,43049186,na,na,Pathogenic,1
BRCA1,17,43049182,na,na,Pathogenic,1
BRCA1,17,43049174,na,na,Pathogenic,1
BRCA1,17,43049165,na,na,Likely pathogenic,1
BRCA1,17,43049162,na,na,Likely pathogenic,1
BRCA1,17,43049150,na,na,Pathogenic,1
BRCA1,17,43049088,na,na,Benign,0
BRCA1,17,43049118,na,na,Pathogenic,1
BRCA1,17,43049114,na,na,Likely benign,0
BRCA1,17,43047699,na,na,Benign,0
BRCA1,17,43047685,na,na,Likely pathogenic,1
BRCA1,17,43047679,na,na,Pathogenic,1
BRCA1,17,43047666,na,na,Pathogenic,1
BRCA1,17,43047665,na,na,Pathogenic,1
BRCA1,17,43047662,na,na,Likely benign,0
BRCA1,17,43047661,na,na,Pathogenic,1
BRCA1,17,43047638,na,na,Likely pathogenic,1
BRCA1,17,43047635,na,na,Likely benign,0
BRCA1,17,43045812,na,na,Benign,0
BRCA1,17,43099774,na,na,Pathogenic,1
BRCA1,17,43045767,na,na,Pathogenic,1
BRCA1,17,43045764,na,na,Pathogenic,1
BRCA1,17,43045761,na,na,Pathogenic,1
BRCA1,17,43045760,na,na,Pathogenic,1
BRCA1,17,43045759,na,na,Pathogenic,1
BRCA1,17,43045757,na,na,Pathogenic,1
BRCA1,17,43045743,na,na,Likely pathogenic,1
BRCA1,17,43045739,na,na,Benign,0
BRCA1,17,43045738,na,na,Likely benign,0
BRCA1,17,43045735,na,na,Pathogenic,1
BRCA1,17,43045734,na,na,Pathogenic,1
BRCA1,17,43045732,na,na,Likely benign,0
BRCA1,17,43045729,na,na,Pathogenic,1
BRCA1,17,43045714,na,na,Likely benign,0
BRCA1,17,43045711,na,na,Pathogenic,1
BRCA1,17,43045711,na,na,Pathogenic,1
BRCA1,17,43045709,na,na,Likely pathogenic,1
BRCA1,17,43045704,na,na,Likely benign,0
BRCA1,17,43045694,na,na,Benign,0
BRCA1,17,43097280,na,na,Benign,0
BRCA1,17,43124042,na,na,Pathogenic,1
BRCA1,17,43097270,na,na,Likely benign,0
BRCA1,17,43097246,na,na,Benign,0
BRCA1,17,43124032,na,na,Pathogenic,1
BRCA1,17,43094861,na,na,Pathogenic,1
BRCA1,17,43094853,na,na,Pathogenic,1
BRCA1,17,43094838,na,na,Likely benign,0
BRCA1,17,43094838,na,na,Likely benign,0
BRCA1,17,43094815,na,na,Benign,0
BRCA1,17,43094788,na,na,Likely benign,0
BRCA1,17,43124022,na,na,Likely benign,0
BRCA1,17,43094768,na,na,Pathogenic,1
BRCA1,17,43094745,na,na,Likely benign,0
BRCA1,17,43094744,na,na,Likely benign,0
BRCA1,17,43094743,na,na,Likely benign,0
BRCA1,17,43094742,na,na,Likely benign,0
BRCA1,17,43094741,na,na,Likely benign,0
BRCA1,17,43094736,na,na,Benign,0
BRCA1,17,43094731,na,na,Pathogenic,1
BRCA1,17,43115780,na,na,Pathogenic,1
BRCA1,17,43115785,na,na,Likely pathogenic,1
BRCA1,17,43115788,na,na,Pathogenic,1
BRCA1,17,43094720,na,na,Benign,0
BRCA1,17,43094709,na,na,Pathogenic,1
BRCA1,17,43094708,na,na,Benign,0
BRCA1,17,43094707,na,na,Benign,0
BRCA1,17,43094706,na,na,Likely benign,0
BRCA1,17,43094692,na,na,Benign,0
BRCA1,17,43094683,na,na,Pathogenic,1
BRCA1,17,43094683,na,na,Pathogenic,1
BRCA1,17,43094681,na,na,Pathogenic,1
BRCA1,17,43094640,na,na,Benign,0
BRCA1,17,43115771,na,na,Pathogenic,1
BRCA1,17,43124089,na,na,Pathogenic,1
BRCA1,17,43094603,na,na,Pathogenic,1
BRCA1,17,43094582,na,na,Pathogenic,1
BRCA1,17,43094550,na,na,Benign,0
BRCA1,17,43094535,na,na,Likely benign,0
BRCA2,13,32332803,na,na,Pathogenic,1
VPS13B,8,99832368,na,na,Pathogenic,1
RSPH1,21,42486463,na,na,Pathogenic,1
TP53,17,7670616,na,na,Likely benign,0
APC,5,112818834,na,na,Benign,0
BRCA2,13,32345247,na,na,Benign,0
MSH6,2,47799427,na,na,Pathogenic,1
MSH6,2,47799491,na,na,Likely benign,0
MSH6,2,47783394,na,na,Likely benign,0
MSH6,2,47799858,na,na,Likely benign,0
MSH6,2,47800381,na,na,Likely benign,0
MSH6,2,47800644,na,na,Likely benign,0
MSH6,2,47800714,na,na,Pathogenic,1
MSH6,2,47800996,na,na,Pathogenic,1
MSH6,2,47801143,na,na,Likely benign,0
MSH6,2,47803473,na,na,Likely pathogenic,1
MSH6,2,47804894,na,na,Benign,0
MSH6,2,47804908,na,na,Likely pathogenic,1
MSH6,2,47804959,na,na,Likely benign,0
MSH6,2,47806561,na,na,Likely benign,0
MSH6,2,47791136,na,na,Likely benign,0
MSH6,2,47798635,na,na,Pathogenic,1
MSH6,2,47798643,na,na,Likely benign,0
MLH1,3,36993441,na,na,Likely benign,0
MLH1,3,37025635,na,na,Likely pathogenic,1
MLH1,3,37025638,na,na,Benign,0
MLH1,3,36996608,na,na,Likely pathogenic,1
MLH1,3,37025919,na,na,Benign,0
MLH1,3,37026008,na,na,Pathogenic,1
MLH1,3,36996644,na,na,Pathogenic,1
MLH1,3,37028945,na,na,Likely pathogenic,1
MLH1,3,37042331,na,na,Pathogenic,1
MLH1,3,37047607,na,na,Likely benign,0
MLH1,3,37047640,na,na,Benign,0
MLH1,3,37048515,na,na,Likely pathogenic,1
MLH1,3,37048581,na,na,Pathogenic,1
MLH1,3,36996700,na,na,Likely benign,0
MLH1,3,37048980,na,na,Benign,0
MLH1,3,37049015,na,na,Likely benign,0
MLH1,3,37050634,na,na,Likely benign,0
MLH1,3,37001050,na,na,Likely benign,0
MLH1,3,37004469,na,na,Likely benign,0
MLH1,3,37008834,na,na,Benign,0
MLH1,3,37008908,na,na,Pathogenic,1
MLH1,3,36993612,na,na,Benign,0
MLH1,3,37014554,na,na,Benign,0
MLH1,3,37017518,na,na,Benign,0
MLH1,3,37020305,na,na,Likely benign,0
MLH1,3,37020399,na,na,Likely benign,0
MSH2,2,47429920,na,na,Likely benign,0
MSH2,2,47403329,na,na,Likely benign,0
MSH2,2,47470956,na,na,Benign,0
MSH2,2,47470983,na,na,Likely benign,0
MSH2,2,47470993,na,na,Benign,0
MSH2,2,47475126,na,na,Pathogenic,1
MSH2,2,47475151,na,na,Benign,0
MSH2,2,47407923,na,na,Pathogenic,1
MSH2,2,47476515,na,na,Likely benign,0
MSH2,2,47403214,na,na,Benign,0
MSH2,2,47480876,na,na,Pathogenic,1
MSH2,2,47482910,na,na,Benign,0
MSH2,2,47408506,na,na,Benign,0
MSH2,2,47410198,na,na,Likely benign,0
MSH2,2,47410226,na,na,Benign,0
MSH2,2,47410232,na,na,Likely benign,0
MSH2,2,47410300,na,na,Benign,0
PMS2,7,5973382,na,na,Benign,0
PMS2,7,5987277,na,na,Benign,0
PMS2,7,5987196,na,na,Likely benign,0
PMS2,7,6004042,na,na,Likely benign,0
PMS2,7,5982823,na,na,Pathogenic,1
PMS2,7,5977693,na,na,Benign,0
PMS2,7,6002606,na,na,Likely benign,0
PMS2,7,5995534,na,na,Likely pathogenic,1
PMS2,7,5992018,na,na,Pathogenic,1
BRCA2,13,32340670,na,na,Likely benign,0
BRCA2,13,32340842,na,na,Pathogenic,1
BRCA2,13,32340941,na,na,Pathogenic,1
BRCA2,13,32344538,na,na,Likely benign,0
BRCA2,13,32356409,na,na,Likely benign,0
BRCA2,13,32362516,na,na,Likely benign,0
BRCA2,13,32332263,na,na,Likely benign,0
BRCA2,13,32363535,na,na,Likely pathogenic,1
BRCA2,13,32371049,na,na,Pathogenic,1
BRCA2,13,32380016,na,na,Pathogenic,1
BRCA2,13,32396969,na,na,Pathogenic,1
BRCA1,17,43124123,na,na,Likely benign,0
BRCA1,17,43094438,na,na,Pathogenic,1
BRCA1,17,43094204,na,na,Pathogenic,1
BRCA1,17,43115724,na,na,Pathogenic,1
BRCA1,17,43106527,na,na,Pathogenic,1
BRCA1,17,43104919,na,na,Pathogenic,1
BRCA1,17,43093006,na,na,Benign,0
BRCA1,17,43092785,na,na,Likely benign,0
BRCA1,17,43091733,na,na,Likely benign,0
BRCA1,17,43091477,na,na,Pathogenic,1
BRCA1,17,43091437,na,na,Pathogenic,1
BRCA1,17,43082407,na,na,Pathogenic,1
BRCA1,17,43074462,na,na,Likely benign,0
BRCA1,17,43067715,na,na,Benign,0
BRCA1,17,43067602,na,na,Benign,0
BRCA1,17,43063332,na,na,Pathogenic,1
BRCA1,17,43051131,na,na,Benign,0
BRCA1,17,43049170,na,na,Pathogenic,1
BRCA1,17,43045804,na,na,Pathogenic,1
BRCA1,17,43045754,na,na,Pathogenic,1
BRCA1,17,43115780,na,na,Pathogenic,1
BRCA2,13,32376699,na,na,Benign,0
BRCA2,13,32379401,na,na,Pathogenic,1
BRCA2,13,32379495,na,na,Pathogenic,1
BRCA2,13,32333120,na,na,Pathogenic,1
BRCA2,13,32333297,na,na,Pathogenic,1
BRCA2,13,32336300,na,na,Pathogenic,1
BRCA2,13,32319226,na,na,Pathogenic,1
BRCA2,13,32336569,na,na,Pathogenic,1
BRCA2,13,32336723,na,na,Pathogenic,1
BRCA2,13,32336779,na,na,Likely benign,0
BRCA2,13,32337756,na,na,Likely benign,0
BRCA2,13,32338680,na,na,Pathogenic,1
BRCA2,13,32339202,na,na,Pathogenic,1
BRCA2,13,32339409,na,na,Pathogenic,1
BRCA2,13,32326487,na,na,Likely benign,0
ACADVL,17,7224399,na,na,Benign,0
ASL,7,66083175,na,na,Pathogenic,1
HADHB,2,26284208,na,na,Benign,0
NAGLU,17,42544215,na,na,Benign,0
PDHA1,X,19355671,na,na,Benign,0
PTEN,10,87864461,na,na,Benign,0
PTEN,10,87894077,na,na,Likely benign,0
GLB1,3,33065568,na,na,Benign,0
STK11,19,1207177,na,na,Benign,0
MAN2B1,19,12663394,na,na,Benign,0
BCKDHA,19,41414162,na,na,Benign,0
CC2D2A,4,15538156,na,na,Benign,0
COL6A1,21,45990472,na,na,Benign,0
COL6A1,21,46000753,na,na,Benign,0
ME2,18,50932347,na,na,Benign,0
DPM1,20,50935243,na,na,Benign,0
RECQL4,8,144516381,na,na,Benign,0
PROM1,4,15984361,na,na,Benign,0
SEC23B,20,18548589,na,na,Benign,0
CNTNAP2,7,148409398,na,na,Benign,0
ALG9,11,111870383,na,na,Benign,0
RAI1,17,17793441,na,na,Benign,0
BRCA2,13,32398679,na,na,Likely benign,0
BRCA2,13,32332644,na,na,Benign,0
BRCA2,13,32333385,na,na,Pathogenic,1
BRCA2,13,32337110,na,na,Benign,0
BRCA2,13,32337832,na,na,Pathogenic,1
BRCA2,13,32338294,na,na,Pathogenic,1
BRCA2,13,32339933,na,na,Pathogenic,1
BRCA2,13,32346848,na,na,Pathogenic,1
BRCA2,13,32356461,na,na,Benign,0
BRCA2,13,32356551,na,na,Likely benign,0
BRCA2,13,32331014,na,na,Likely benign,0
BRCA2,13,32362528,na,na,Likely pathogenic,1
BRCA2,13,32363164,na,na,Likely benign,0
BRCA2,13,32370567,na,na,Likely benign,0
BRCA2,13,32371101,na,na,Pathogenic,1
BRCA2,13,32379399,na,na,Pathogenic,1
BRCA2,13,32379848,na,na,Pathogenic,1
BRCA1,17,43124109,na,na,Likely benign,0
BRCA1,17,43094530,na,na,Likely benign,0
BRCA1,17,43094317,na,na,Pathogenic,1
BRCA1,17,43091713,na,na,Likely benign,0
BRCA1,17,43091459,na,na,Pathogenic,1
BRCA1,17,43090942,na,na,Pathogenic,1
BRCA1,17,43067603,na,na,Likely benign,0
BRCA1,17,43063379,na,na,Benign,0
BRCA1,17,43063332,na,na,Pathogenic,1
BRCA1,17,43049188,na,na,Likely pathogenic,1
BRCA1,17,43047713,na,na,Likely pathogenic,1
MAPT,17,45993928,na,na,Benign,0
PAH,12,102843686,na,na,Likely pathogenic,1
BRCA1,17,43124230,na,na,Benign,0
BRCA1,17,43124118,na,na,Benign,0
BRCA1,17,43124110,na,na,Likely benign,0
BRCA1,17,43124107,na,na,Likely benign,0
BRCA1,17,43124098,na,na,Likely benign,0
BRCA1,17,43124016,na,na,Pathogenic,1
BRCA1,17,43124016,na,na,Pathogenic,1
BRCA1,17,43124015,na,na,Pathogenic,1
BRCA1,17,43124013,na,na,Pathogenic,1
BRCA1,17,43115844,na,na,Benign,0
BRCA1,17,43093454,na,na,Benign,0
BRCA1,17,43093449,na,na,Benign,0
BRCA1,17,43093286,na,na,Likely benign,0
BRCA1,17,43093220,na,na,Benign,0
BRCA1,17,43093175,na,na,Likely benign,0
BRCA1,17,43106553,na,na,Likely benign,0
BRCA1,17,43106535,na,na,Pathogenic,1
BRCA1,17,43106435,na,na,Likely benign,0
BRCA1,17,43105117,na,na,Benign,0
BRCA1,17,43104964,na,na,Likely benign,0
BRCA1,17,43092204,na,na,Likely benign,0
BRCA1,17,43091573,na,na,Benign,0
BRCA1,17,43104858,na,na,Likely benign,0
BRCA1,17,43104860,na,na,Benign,0
BRCA1,17,43104263,na,na,Pathogenic,1
BRCA1,17,43091042,na,na,Benign,0
BRCA1,17,43091043,na,na,Benign,0
BRCA1,17,43091173,na,na,Benign,0
BRCA1,17,43090934,na,na,Benign,0
BRCA1,17,43090915,na,na,Likely benign,0
BRCA1,17,43090914,na,na,Likely benign,0
BRCA1,17,43082586,na,na,Likely benign,0
BRCA1,17,43082594,na,na,Likely benign,0
BRCA1,17,43082453,na,na,Benign,0
BRCA1,17,43082287,na,na,Benign,0
BRCA1,17,43076427,na,na,Likely benign,0
BRCA1,17,43074539,na,na,Likely benign,0
BRCA1,17,43074328,na,na,Pathogenic,1
BRCA1,17,43071248,na,na,Likely benign,0
BRCA1,17,43071249,na,na,Likely benign,0
BRCA1,17,43071239,na,na,Pathogenic,1
BRCA1,17,43070927,na,na,Pathogenic,1
BRCA1,17,43067696,na,na,Pathogenic,1
BRCA1,17,43067763,na,na,Benign,0
BRCA1,17,43067787,na,na,Benign,0
BRCA1,17,43063952,na,na,Pathogenic,1
BRCA1,17,43064004,na,na,Benign,0
BRCA1,17,43063873,na,na,Pathogenic,1
BRCA1,17,43063868,na,na,Likely pathogenic,1
BRCA1,17,43063868,na,na,Pathogenic,1
BRCA1,17,43063386,na,na,Benign,0
BRCA1,17,43063362,na,na,Likely pathogenic,1
BRCA1,17,43057136,na,na,Pathogenic,1
BRCA1,17,43056974,na,na,Benign,0
BRCA1,17,43051048,na,na,Likely benign,0
BRCA1,17,43049053,na,na,Benign,0
BRCA1,17,43049113,na,na,Benign,0
BRCA1,17,43047704,na,na,Pathogenic,1
BRCA1,17,43047705,na,na,Pathogenic,1
BRCA1,17,43045803,na,na,Pathogenic,1
BRCA1,17,43045842,na,na,Likely pathogenic,1
BRCA1,17,43099882,na,na,Pathogenic,1
BRCA1,17,43099914,na,na,Benign,0
BRCA1,17,43045642,na,na,Benign,0
BRCA1,17,43045572,na,na,Benign,0
BRCA1,17,43099629,na,na,Benign,0
BRCA1,17,43097302,na,na,Likely benign,0
BRCA1,17,43095937,na,na,Likely benign,0
BRCA1,17,43095942,na,na,Likely benign,0
BRCA1,17,43095926,na,na,Likely benign,0
BRCA1,17,43095839,na,na,Likely benign,0
BRCA1,17,43094875,na,na,Likely benign,0
BRCA2,13,32398875,na,na,Benign,0
BRCA2,13,32332441,na,na,Likely benign,0
BRCA2,13,32332552,na,na,Likely benign,0
BRCA2,13,32332603,na,na,Likely benign,0
BRCA2,13,32332843,na,na,Benign,0
BRCA2,13,32333016,na,na,Benign,0
BRCA2,13,32316406,na,na,Likely benign,0
BRCA2,13,32316415,na,na,Likely benign,0
BRCA2,13,32316427,na,na,Likely benign,0
BRCA2,13,32316435,na,na,Benign,0
BRCA2,13,32316435,na,na,Benign,0
BRCA2,13,32336293,na,na,Benign,0
BRCA2,13,32316450,na,na,Benign,0
BRCA2,13,32336584,na,na,Benign,0
BRCA2,13,32337094,na,na,Likely benign,0
BRCA2,13,32337333,na,na,Pathogenic,1
BRCA2,13,32337717,na,na,Pathogenic,1
BRCA2,13,32337751,na,na,Benign,0
BRCA2,13,32337751,na,na,Benign,0
BRCA2,13,32338162,na,na,Benign,0
BRCA2,13,32338162,na,na,Likely benign,0
BRCA2,13,32338321,na,na,Likely benign,0
BRCA2,13,32338918,na,na,Benign,0
BRCA2,13,32339320,na,na,Pathogenic,1
BRCA2,13,32340037,na,na,Pathogenic,1
BRCA2,13,32325251,na,na,Benign,0
BRCA2,13,32326089,na,na,Likely benign,0
BRCA2,13,32326012,na,na,Benign,0
BRCA2,13,32341000,na,na,Pathogenic,1
BRCA2,13,32326153,na,na,Pathogenic,1
BRCA2,13,32355095,na,na,Benign,0
BRCA2,13,32355341,na,na,Benign,0
BRCA2,13,32357888,na,na,Likely benign,0
BRCA2,13,32362509,na,na,Benign,0
BRCA2,13,32363177,na,na,Pathogenic,1
BRCA2,13,32363389,na,na,Likely benign,0
BRCA2,13,32363390,na,na,Likely pathogenic,1
BRCA2,13,32370576,na,na,Benign,0
BRCA2,13,32370604,na,na,Benign,0
BRCA2,13,32379251,na,na,Benign,0
BRCA2,13,32329548,na,na,Benign,0
BRCA2,13,32379765,na,na,Pathogenic,1
BRCA2,13,32380116,na,na,Pathogenic,1
BRCA2,13,32394606,na,na,Benign,0
CC2D2A,4,15537121,na,na,Benign,0
PALB2,16,23603112,na,na,Likely benign,0
PALB2,16,23641261,na,na,Likely benign,0
PALB2,16,23641302,na,na,Likely benign,0
PALB2,16,23641351,na,na,Likely benign,0
PALB2,16,23641384,na,na,Likely benign,0
PALB2,16,23641182,na,na,Likely benign,0
PALB2,16,23641516,na,na,Benign,0
PALB2,16,23641203,na,na,Likely benign,0
PALB2,16,23641255,na,na,Likely benign,0
PALB2,16,23635519,na,na,Pathogenic,1
PALB2,16,23638011,na,na,Likely benign,0
PALB2,16,23635085,na,na,Likely benign,0
PALB2,16,23634913,na,na,Pathogenic,1
PALB2,16,23633265,na,na,Benign,0
PALB2,16,23634833,na,na,Benign,0
PALB2,16,23630527,na,na,Likely benign,0
PALB2,16,23630539,na,na,Likely benign,0
PALB2,16,23630140,na,na,Benign,0
PALB2,16,23636514,na,na,Likely benign,0
PALB2,16,23636359,na,na,Likely benign,0
PALB2,16,23636367,na,na,Likely benign,0
PALB2,16,23636404,na,na,Likely benign,0
PALB2,16,23629949,na,na,Likely benign,0
PALB2,16,23629879,na,na,Likely benign,0
PALB2,16,23629853,na,na,Likely benign,0
PALB2,16,23629831,na,na,Pathogenic,1
PALB2,16,23629685,na,na,Benign,0
PALB2,16,23629231,na,na,Likely pathogenic,1
PALB2,16,23629173,na,na,Likely benign,0
PALB2,16,23629146,na,na,Benign,0
PALB2,16,23626434,na,na,Likely benign,0
PALB2,16,23626435,na,na,Likely benign,0
PALB2,16,23626456,na,na,Likely benign,0
PALB2,16,23626323,na,na,Likely benign,0
PALB2,16,23641132,na,na,Likely benign,0
PALB2,16,23626115,na,na,Likely benign,0
PALB2,16,23624082,na,na,Pathogenic,1
PALB2,16,23624020,na,na,Likely benign,0
PALB2,16,23623997,na,na,Likely benign,0
PALB2,16,23623989,na,na,Likely benign,0
PALB2,16,23623157,na,na,Likely benign,0
PALB2,16,23622845,na,na,Likely benign,0
PALB2,16,23622911,na,na,Likely benign,0
PALB2,16,23622102,na,na,Benign,0
PALB2,16,23621421,na,na,Benign,0
PALB2,16,23621231,na,na,Likely benign,0
PALB2,16,23621362,na,na,Pathogenic,1
PALB2,16,23614131,na,na,Likely benign,0
PALB2,16,23614133,na,na,Likely benign,0
PALB2,16,23614142,na,na,Benign,0
PALB2,16,23613889,na,na,Likely benign,0
PALB2,16,23613908,na,na,Likely benign,0
PALB2,16,23608057,na,na,Likely benign,0
PALB2,16,23607965,na,na,Benign,0
PALB2,16,23607848,na,na,Likely benign,0
PALB2,16,23607860,na,na,Likely pathogenic,1
PALB2,16,23641083,na,na,Likely benign,0
PALB2,16,23638302,na,na,Likely benign,0
PALB2,16,23638183,na,na,Likely benign,0
PALB2,16,23636043,na,na,Pathogenic,1
PALB2,16,23635928,na,na,Likely benign,0
PALB2,16,23635825,na,na,Benign,0
PALB2,16,23635795,na,na,Pathogenic,1
CHEK2,22,28712091,na,na,Likely benign,0
RAD50,5,132575733,na,na,Benign,0
RAD50,5,132588649,na,na,Benign,0
RAD50,5,132618066,na,na,Benign,0
BRCA1,17,43067543,na,na,Benign,0
BRCA1,17,43067324,na,na,Benign,0
XYLT1,16,17138534,na,na,Likely benign,0
ATM,11,108248940,na,na,Benign,0
ATM,11,108249102,na,na,Pathogenic,1
ATM,11,108250804,na,na,Pathogenic,1
ATM,11,108227873,na,na,Pathogenic,1
ATM,11,108252824,na,na,Benign,0
ATM,11,108271261,na,na,Benign,0
ATM,11,108279578,na,na,Pathogenic,1
ATM,11,108284316,na,na,Pathogenic,1
ATM,11,108284405,na,na,Benign,0
ATM,11,108301698,na,na,Pathogenic,1
ATM,11,108310218,na,na,Likely benign,0
ATM,11,108312424,na,na,Pathogenic,1
ATM,11,108331877,na,na,Pathogenic,1
ATM,11,108345818,na,na,Likely pathogenic,1
ATM,11,108353881,na,na,Pathogenic,1
PTEN,10,87960984,na,na,Likely benign,0
BARD1,2,214745842,na,na,Pathogenic,1
TP53,17,7676040,na,na,Likely benign,0
TP53,17,7674872,na,na,Pathogenic,1
TP53,17,7674259,na,na,Benign,0
TP53,17,7673773,na,na,Likely benign,0
TP53,17,7673751,na,na,Benign,0
TP53,17,7673743,na,na,Likely benign,0
CDH1,16,68811855,na,na,Likely benign,0
CDH1,16,68813337,na,na,Benign,0
CDH1,16,68813349,na,na,Likely benign,0
CDH1,16,68813398,na,na,Benign,0
CDH1,16,68813448,na,na,Likely benign,0
CDH1,16,68813472,na,na,Likely benign,0
CDH1,16,68815554,na,na,Likely benign,0
CDH1,16,68815603,na,na,Benign,0
CDH1,16,68815611,na,na,Likely benign,0
CDH1,16,68815760,na,na,Pathogenic,1
CDH1,16,68801694,na,na,Benign,0
CDH1,16,68823566,na,na,Benign,0
CDH1,16,68829687,na,na,Likely benign,0
CDH1,16,68829701,na,na,Likely benign,0
CDH1,16,68829771,na,na,Benign,0
CDH1,16,68833485,na,na,Likely benign,0
CDH1,16,68808831,na,na,Likely benign,0
CDH1,16,68738336,na,na,Benign,0
PALB2,16,23603471,na,na,Pathogenic,1
BRIP1,17,61799125,na,na,Pathogenic,1
BRIP1,17,61793698,na,na,Pathogenic,1
ATM,11,108304735,na,na,Benign,0
ATM,11,108244113,na,na,Benign,0
ATP13A2,1,16986959,na,na,Benign,0
CEP63,3,134537268,na,na,Benign,0
CPA6,8,67484680,na,na,Benign,0
DMPK,19,45778487,na,na,Benign,0
FA2H,16,74774527,na,na,Benign,0
GDI1,X,154438762,na,na,Benign,0
MAN1B1,9,137107526,na,na,Benign,0
MAPK10,4,86067798,na,na,Benign,0
MRE11,11,94420160,na,na,Benign,0
MRE11,11,94478882,na,na,Benign,0
TCOF1,5,150393369,na,na,Benign,0
NBN,8,89947815,na,na,Benign,0
BRCA2,13,32332750,na,na,Likely benign,0
CDH1,16,68808577,na,na,Benign,0
TP53,17,7676261,na,na,Benign,0
CDH1,16,68810224,na,na,Pathogenic,1
CDH1,16,68801851,na,na,Benign,0
BRIP1,17,61776566,na,na,Likely benign,0
CDH1,16,68801670,na,na,Likely benign,0
BRCA2,13,32339674,na,na,Likely benign,0
BRCA1,17,43044391,na,na,Benign,0
BRCA1,17,43044897,na,na,Benign,0
BRCA2,13,32338918,na,na,Benign,0
BRCA2,13,32340868,na,na,Benign,0
BRCA2,13,32339773,na,na,Benign,0
PIK3CA,3,179218352,na,na,Likely benign,0
TP53,17,7673734,na,na,Likely benign,0
ATM,11,108259051,na,na,Benign,0
ATM,11,108267318,na,na,Benign,0
ATM,11,108289005,na,na,Benign,0
ATM,11,108307915,na,na,Likely benign,0
ATM,11,108312440,na,na,Benign,0
ATM,11,108327664,na,na,Benign,0
BRCA2,13,32336826,na,na,Likely benign,0
BRCA2,13,32355250,na,na,Benign,0
BRIP1,17,61685986,na,na,Benign,0
BRIP1,17,61801429,na,na,Pathogenic,1
CDH1,16,68822177,na,na,Benign,0
CDH1,16,68823515,na,na,Likely benign,0
CDH1,16,68738361,na,na,Likely benign,0
CDH1,16,68808765,na,na,Benign,0
CDH1,16,68813400,na,na,Likely benign,0
CDK12,17,39519956,na,na,Likely benign,0
CDK12,17,39526122,na,na,Likely benign,0
FANCA,16,89783072,na,na,Benign,0
FANCA,16,89799635,na,na,Benign,0
FANCC,9,95107254,na,na,Benign,0
FANCD2,3,10039303,na,na,Benign,0
KMT2C,7,152150919,na,na,Likely benign,0
NBN,8,89978251,na,na,Benign,0
NOTCH2,1,119926524,na,na,Benign,0
PMS1,2,189843986,na,na,Likely benign,0
PMS1,2,189854881,na,na,Likely benign,0
TP53,17,7670613,na,na,Benign,0
NFE2L2,2,177233237,na,na,Benign,0
ATM,11,108325544,na,na,Pathogenic,1
ATM,11,108335959,na,na,Pathogenic,1
BRCA2,13,32398716,na,na,Likely benign,0
BRCA2,13,32336566,na,na,Likely benign,0
BRCA2,13,32319276,na,na,Likely benign,0
BRCA2,13,32337355,na,na,Likely benign,0
BRCA2,13,32337772,na,na,Likely benign,0
BRCA2,13,32338027,na,na,Likely benign,0
BRCA2,13,32339410,na,na,Likely benign,0
BRCA2,13,32339623,na,na,Likely benign,0
BRCA2,13,32339902,na,na,Likely benign,0
BRCA2,13,32340037,na,na,Likely benign,0
BRCA2,13,32340886,na,na,Likely benign,0
BRCA2,13,32355170,na,na,Likely benign,0
BRCA2,13,32330987,na,na,Likely benign,0
BRCA2,13,32363326,na,na,Likely benign,0
BRCA2,13,32394822,na,na,Likely benign,0
PTEN,10,87952204,na,na,Likely benign,0
TP53,17,7676224,na,na,Benign,0
CDH1,16,68811854,na,na,Pathogenic,1
CDH1,16,68815610,na,na,Likely benign,0
CDH1,16,68822154,na,na,Likely benign,0
CDH1,16,68823482,na,na,Likely benign,0
CDH1,16,68801720,na,na,Likely benign,0
CDH1,16,68828296,na,na,Pathogenic,1
BRCA1,17,43093827,na,na,Likely benign,0
BRCA1,17,43093701,na,na,Likely benign,0
BRCA1,17,43106441,na,na,Likely benign,0
BRCA1,17,43092588,na,na,Likely benign,0
BRCA1,17,43091784,na,na,Likely benign,0
BRCA1,17,43067594,na,na,Likely benign,0
BRCA1,17,43063369,na,na,Likely benign,0
BRCA1,17,43097229,na,na,Likely benign,0
BRCA1,17,43115779,na,na,Likely benign,0
ACSF3,16,89145254,na,na,Benign,0
ATM,11,108271230,na,na,Benign,0
BARD1,2,214745794,na,na,Benign,0
BOLA3,2,74135676,na,na,Benign,0
BRCA1,17,43124076,na,na,Benign,0
BRCA1,17,43099794,na,na,Likely benign,0
BRCA1,17,43094724,na,na,Benign,0
BRCA1,17,43094139,na,na,Benign,0
BRCA1,17,43093626,na,na,Likely benign,0
BRCA1,17,43093179,na,na,Likely benign,0
BRCA1,17,43091895,na,na,Likely benign,0
BRCA1,17,43091829,na,na,Likely benign,0
BRCA1,17,43091727,na,na,Likely benign,0
BRCA1,17,43091016,na,na,Likely benign,0
BRCA1,17,43079318,na,na,Benign,0
BRCA1,17,43074353,na,na,Likely benign,0
BRCA1,17,43071147,na,na,Likely benign,0
BRCA1,17,43067690,na,na,Benign,0
BRCA1,17,43063351,na,na,Likely benign,0
BRCA2,13,32336266,na,na,Benign,0
BRCA2,13,32336563,na,na,Likely benign,0
BRCA2,13,32336767,na,na,Likely benign,0
BRCA2,13,32336839,na,na,Likely benign,0
BRCA2,13,32337409,na,na,Likely benign,0
BRCA2,13,32338229,na,na,Likely benign,0
BRCA2,13,32338426,na,na,Benign,0
BRCA2,13,32339041,na,na,Likely benign,0
BRCA2,13,32340412,na,na,Benign,0
BRCA2,13,32346849,na,na,Likely benign,0
BRCA2,13,32354903,na,na,Likely benign,0
BRCA2,13,32355041,na,na,Likely benign,0
BRCA2,13,32363356,na,na,Likely benign,0
BRCA2,13,32379412,na,na,Likely benign,0
BRCA2,13,32379883,na,na,Likely benign,0
BRCA2,13,32394702,na,na,Likely benign,0
CDH1,16,68801830,na,na,Benign,0
CDH1,16,68737469,na,na,Benign,0
CDH1,16,68811668,na,na,Benign,0
COL5A1,9,134798472,na,na,Benign,0
ETHE1,19,43526358,na,na,Benign,0
GFM1,3,158654637,na,na,Benign,0
TP53,17,7676483,na,na,Benign,0
WNK1,12,859234,na,na,Benign,0
LARS1,5,146164409,na,na,Benign,0
LARS1,5,146130165,na,na,Benign,0
LIAS,4,39471222,na,na,Benign,0
MPC1,6,166365976,na,na,Benign,0
MTO1,6,73500567,na,na,Benign,0
POLG,15,89317555,na,na,Benign,0
PTEN,10,87965364,na,na,Likely benign,0
RBM20,10,110780864,na,na,Benign,0
MT-CYB,MT,14766,na,na,Benign,0
MT-TT;MT-CYB,MT,14783,na,na,Benign,0
MT-TT;MT-CYB,MT,15043,na,na,Benign,0
MT-CYB,MT,15287,na,na,Benign,0
MT-CYB;MT-TT,MT,15301,na,na,Benign,0
MT-CYB,MT,15326,na,na,Benign,0
ATM,11,108321432,na,na,Benign,0
ATM,11,108268393,na,na,Benign,0
ATM,11,108315926,na,na,Benign,0
NBN,8,89943355,na,na,Benign,0
RAD50,5,132595628,na,na,Benign,0
ATM,11,108268456,na,na,Benign,0
MRE11,11,94467796,na,na,Benign,0
PTEN,10,87965338,na,na,Likely benign,0
CDH1,16,68737468,na,na,Benign,0
TP53,17,7676050,na,na,Benign,0
ATM,11,108312440,na,na,Benign,0
CHEK2,22,28712017,na,na,Likely benign,0
RAD51C,17,58724090,na,na,Pathogenic,1
CDH1,16,68823386,na,na,Benign,0
ATM,11,108315863,na,na,Likely pathogenic,1
CDH1,16,68829694,na,na,Benign,0
MRE11,11,94467879,na,na,Benign,0
CDH1,16,68808707,na,na,Benign,0
CDH1,16,68738408,na,na,Likely benign,0
CDH1,16,68801850,na,na,Likely benign,0
ATM,11,108345797,na,na,Pathogenic,1
RAD50,5,132616000,na,na,Benign,0
ATM,11,108235838,na,na,Likely benign,0
MRE11,11,94470486,na,na,Benign,0
BARD1,2,214781141,na,na,Pathogenic,1
CDH1,16,68812258,na,na,Likely benign,0
CDH1,16,68819282,na,na,Benign,0
BRCA2,13,32356420,na,na,Likely benign,0
BRCA2,13,32336694,na,na,Pathogenic,1
RAD51C,17,58696790,na,na,Pathogenic,1
BRCA2,13,32379839,na,na,Benign,0
BRCA2,13,32362594,na,na,Pathogenic,1
BRCA2,13,32379837,na,na,Pathogenic,1
ATM,11,108271147,na,na,Pathogenic,1
STK11,19,1221294,na,na,Benign,0
BRCA2,13,32337273,na,na,Pathogenic,1
CDH1,16,68815760,na,na,Pathogenic,1
BRCA2,13,32340663,na,na,Pathogenic,1
BRCA1,17,43106476,na,na,Pathogenic,1
BRCA1,17,43104938,na,na,Likely benign,0
BRCA2,13,32357883,na,na,Benign,0
ATM,11,108329027,na,na,Pathogenic,1
CHEK2,22,28703504,na,na,Likely pathogenic,1
BARD1,2,214752472,na,na,Pathogenic,1
BARD1,2,214780927,na,na,Pathogenic,1
CDH1,16,68812145,na,na,Likely benign,0
TP53,17,7673728,na,na,Benign,0
PTEN,10,87952116,na,na,Pathogenic,1
BRIP1,17,61849173,na,na,Pathogenic,1
ATM,11,108272852,na,na,Likely pathogenic,1
CDH1,16,68801877,na,na,Likely benign,0
CHEK2,22,28695757,na,na,Pathogenic,1
CDH1,16,68822185,na,na,Benign,0
CDH1,16,68801690,na,na,Likely benign,0
ATM,11,108279594,na,na,Pathogenic,1
ATM,11,108289065,na,na,Pathogenic,1
BRCA2,13,32355041,na,na,Benign,0
ATM,11,108333909,na,na,Pathogenic,1
PALB2,16,23636122,na,na,Pathogenic,1
BRCA2,13,32371076,na,na,Pathogenic,1
CDH1,16,68833300,na,na,Likely benign,0
CDH1,16,68810233,na,na,Likely benign,0
CDH1,16,68813473,na,na,Benign,0
BRCA2,13,32357901,na,na,Pathogenic,1
CDH1,16,68813353,na,na,Benign,0
PALB2,16,23603544,na,na,Pathogenic,1
CDH1,16,68819398,na,na,Likely benign,0
TP53,17,7670694,na,na,Likely benign,0
BRCA2,13,32336667,na,na,Pathogenic,1
BRCA1,17,43045677,na,na,Likely benign,0
ATM,11,108317500,na,na,Pathogenic,1
TP53,17,7670630,na,na,Benign,0
CDH1,16,68810317,na,na,Benign,0
BARD1,2,214780821,na,na,Benign,0
CDH1,16,68801729,na,na,Likely benign,0
CHEK2,22,28734470,na,na,Benign,0
ATM,11,108249043,na,na,Benign,0
ATM,11,108294907,na,na,Benign,0
TP53,17,7673704,na,na,Pathogenic,1
CDH1,16,68828262,na,na,Benign,0
RAD51D,17,35106468,na,na,Benign,0
ATM,11,108365359,na,na,Likely pathogenic,1
ATM,11,108289735,na,na,Pathogenic,1
PTEN,10,87957955,na,na,Pathogenic,1
TP53,17,7670711,na,na,Benign,0
CDH1,16,68812244,na,na,Likely benign,0
CDH1,16,68738294,na,na,Likely benign,0
BRCA1,17,43095830,na,na,Benign,0
BRCA2,13,32337651,na,na,Pathogenic,1
PALB2,16,23630127,na,na,Benign,0
ATM,11,108248977,na,na,Pathogenic,1
ATM,11,108327643,na,na,Pathogenic,1
CDH1,16,68829757,na,na,Benign,0
TP53,17,7676152,na,na,Benign,0
BRCA2,13,32380123,na,na,Benign,0
BRCA2,13,32332274,na,na,Likely benign,0
PALB2,16,23629897,na,na,Pathogenic,1
PALB2,16,23635288,na,na,Pathogenic,1
TP53,17,7676047,na,na,Likely benign,0
CDH1,16,68828213,na,na,Likely benign,0
BRCA2,13,32337022,na,na,Likely benign,0
CHEK2,22,28711994,na,na,Likely pathogenic,1
CDH1,16,68801898,na,na,Benign,0
CDH1,16,68737423,na,na,Likely benign,0
BRIP1,17,61693463,na,na,Likely pathogenic,1
CDH1,16,68808430,na,na,Likely benign,0
CDH1,16,68801810,na,na,Benign,0
BRCA2,13,32339514,na,na,Pathogenic,1
BRCA1,17,43104938,na,na,Likely benign,0
TP53,17,7675071,na,na,Likely pathogenic,1
CDH1,16,68833484,na,na,Benign,0
CDH1,16,68811784,na,na,Benign,0
BRCA1,17,43092918,na,na,Likely benign,0
BRCA2,13,32337767,na,na,Pathogenic,1
BRCA1,17,43092938,na,na,Pathogenic,1
CDH1,16,68801775,na,na,Likely benign,0
TP53,17,7674252,na,na,Pathogenic,1
BARD1,2,214780662,na,na,Pathogenic,1
TP53,17,7675157,na,na,Pathogenic,1
BARD1,2,214780740,na,na,Benign,0
CDH1,16,68823538,na,na,Benign,0
BRCA1,17,43093475,na,na,Pathogenic,1
BRCA2,13,32357809,na,na,Likely pathogenic,1
CDH1,16,68822210,na,na,Pathogenic,1
BRCA1,17,43076583,na,na,Pathogenic,1
CDH1,16,68813322,na,na,Pathogenic,1
RAD51C,17,58703325,na,na,Pathogenic,1
CDH1,16,68812262,na,na,Likely benign,0
BRCA1,17,43047697,na,na,Likely benign,0
PTEN,10,87965321,na,na,Likely benign,0
MT-CYB,MT,14800,na,na,Benign,0
MT-CYB,MT,14950,na,na,Benign,0
MT-CYB,MT,14968,na,na,Benign,0
MT-CYB,MT,15001,na,na,Likely benign,0
MT-CYB,MT,15049,na,na,Benign,0
MT-CYB,MT,15214,na,na,Benign,0
MT-CYB,MT,15226,na,na,Likely benign,0
MT-CYB,MT,15289,na,na,Likely benign,0
MT-CYB,MT,15323,na,na,Benign,0
MT-CYB,MT,15346,na,na,Likely benign,0
MT-CYB,MT,15349,na,na,Benign,0
MT-CYB,MT,15355,na,na,Likely benign,0
MT-CYB,MT,15385,na,na,Likely benign,0
MT-CYB,MT,15458,na,na,Benign,0
MT-CYB,MT,15470,na,na,Benign,0
MT-CYB,MT,15553,na,na,Likely benign,0
MT-CYB,MT,15637,na,na,Benign,0
MT-CYB,MT,15649,na,na,Benign,0
MT-CYB,MT,15682,na,na,Benign,0
MT-CYB,MT,15758,na,na,Benign,0
MT-CYB,MT,15784,na,na,Benign,0
MT-TT,MT,15927,na,na,Benign,0
MT-CYB,MT,14905,na,na,Benign,0
MT-CYB,MT,14935,na,na,Benign,0
PALB2,16,23635438,na,na,Pathogenic,1
PALB2,16,23634975,na,na,Pathogenic,1
PALB2,16,23630080,na,na,Likely pathogenic,1
PALB2,16,23636095,na,na,Pathogenic,1
BRCA2,13,32370958,na,na,Pathogenic,1
BRCA2,13,32336746,na,na,Likely benign,0
BRCA2,13,32340399,na,na,Pathogenic,1
BRCA1,17,43124055,na,na,Likely benign,0
BRCA1,17,43047719,na,na,Likely benign,0
CDH1,16,68812149,na,na,Pathogenic,1
BRCA1,17,43093865,na,na,Likely benign,0
BRCA2,13,32336493,na,na,Likely benign,0
CDH1,16,68801693,na,na,Pathogenic,1
CDH1,16,68812263,na,na,Pathogenic,1
MUTYH,1,45331676,na,na,Pathogenic,1
ABCC8,11,17427157,na,na,Benign,0
BIN1,2,127059167,na,na,Benign,0
CCDC88C,14,91278005,na,na,Benign,0
WDR62,19,36094025,na,na,Benign,0
PCNT,21,46440080,na,na,Benign,0
BRCA2,13,32337635,na,na,Pathogenic,1
BRCA1,17,43076504,na,na,Pathogenic,1
DNAH5,5,13701416,na,na,Benign,0
NME8,7,37885135,na,na,Benign,0
CERKL,2,181548875,na,na,Benign,0
POMGNT1,1,46189486,na,na,Benign,0
BARD1,2,214781267,na,na,Pathogenic,1
BARD1,2,214781426,na,na,Pathogenic,1
RAD50,5,132587701,na,na,Benign,0
ATM,11,108227779,na,na,Likely benign,0
ATM,11,108243994,na,na,Pathogenic,1
ATM,11,108244867,na,na,Pathogenic,1
ATM,11,108253803,na,na,Likely benign,0
ATM,11,108279510,na,na,Pathogenic,1
ATM,11,108289759,na,na,Likely pathogenic,1
BRCA2,13,32326516,na,na,Likely benign,0
BRCA2,13,32326609,na,na,Likely benign,0
BRCA2,13,32332537,na,na,Likely benign,0
BRCA2,13,32332837,na,na,Likely benign,0
BRCA2,13,32333062,na,na,Likely benign,0
BRCA2,13,32336449,na,na,Likely benign,0
BRCA2,13,32336500,na,na,Benign,0
BRCA2,13,32336956,na,na,Likely benign,0
BRCA2,13,32337527,na,na,Pathogenic,1
BRCA2,13,32338669,na,na,Likely benign,0
BRCA2,13,32338918,na,na,Likely benign,0
BRCA2,13,32339332,na,na,Likely benign,0
BRCA2,13,32340055,na,na,Likely benign,0
BRCA2,13,32340868,na,na,Likely benign,0
BRCA2,13,32341030,na,na,Likely benign,0
BRCA2,13,32341040,na,na,Pathogenic,1
BRCA2,13,32344637,na,na,Likely benign,0
BRCA2,13,32354990,na,na,Likely benign,0
BRCA2,13,32356498,na,na,Likely benign,0
BRCA2,13,32363376,na,na,Pathogenic,1
BRCA2,13,32363500,na,na,Likely benign,0
BRCA2,13,32370491,na,na,Benign,0
BRCA2,13,32379774,na,na,Pathogenic,1
BRCA2,13,32398350,na,na,Likely benign,0
BRCA2,13,32398389,na,na,Likely benign,0
PALB2,16,23635858,na,na,Pathogenic,1
PALB2,16,23641115,na,na,Pathogenic,1
CDH1,16,68737448,na,na,Likely benign,0
CDH1,16,68810216,na,na,Pathogenic,1
BRCA1,17,43047698,na,na,Likely benign,0
BRCA1,17,43051061,na,na,Pathogenic,1
BRCA1,17,43051091,na,na,Likely benign,0
BRCA1,17,43067696,na,na,Pathogenic,1
BRCA1,17,43076553,na,na,Likely benign,0
BRCA1,17,43091631,na,na,Likely benign,0
BRCA1,17,43091814,na,na,Likely benign,0
BRCA1,17,43092671,na,na,Likely benign,0
BRCA1,17,43092897,na,na,Likely benign,0
BRCA1,17,43093665,na,na,Likely benign,0
BRCA1,17,43093817,na,na,Pathogenic,1
BRCA1,17,43094662,na,na,Pathogenic,1
BRCA1,17,43104143,na,na,Likely benign,0
BRCA1,17,43104881,na,na,Likely benign,0
TP53,17,7675119,na,na,Pathogenic,1
TP53,17,7676124,na,na,Likely benign,0
CHEK2,22,28695146,na,na,Pathogenic,1
BRCA2,13,32330949,na,na,Pathogenic,1
BRCA2,13,32355119,na,na,Pathogenic,1
BRCA1,17,43067684,na,na,Pathogenic,1
BRCA1,17,43092020,na,na,Pathogenic,1
BARD1,2,214728757,na,na,Likely benign,0
BARD1,2,214728871,na,na,Likely benign,0
BARD1,2,214767532,na,na,Benign,0
BARD1,2,214781378,na,na,Pathogenic,1
BARD1,2,214809500,na,na,Benign,0
MSH2,2,47476451,na,na,Likely pathogenic,1
RAD50,5,132618100,na,na,Likely benign,0
RAD50,5,132642271,na,na,Benign,0
NBN,8,89946194,na,na,Benign,0
NBN,8,89955483,na,na,Benign,0
NBN,8,89964474,na,na,Likely benign,0
NBN,8,89982791,na,na,Benign,0
PTEN,10,87864544,na,na,Likely benign,0
PTEN,10,87894059,na,na,Likely benign,0
PTEN,10,87933129,na,na,Pathogenic,1
ATM,11,108227626,na,na,Pathogenic,1
ATM,11,108227854,na,na,Pathogenic,1
ATM,11,108243969,na,na,Pathogenic,1
ATM,11,108251966,na,na,Pathogenic,1
ATM,11,108252812,na,na,Likely benign,0
ATM,11,108252858,na,na,Likely pathogenic,1
ATM,11,108268560,na,na,Pathogenic,1
ATM,11,108271074,na,na,Likely pathogenic,1
ATM,11,108272591,na,na,Likely pathogenic,1
ATM,11,108279555,na,na,Pathogenic,1
ATM,11,108292757,na,na,Likely benign,0
ATM,11,108295002,na,na,Pathogenic,1
ATM,11,108297283,na,na,Likely benign,0
ATM,11,108304722,na,na,Likely benign,0
ATM,11,108353805,na,na,Likely pathogenic,1
ATM,11,108365208,na,na,Pathogenic,1
BRCA2,13,32316487,na,na,Likely benign,0
BRCA2,13,32319099,na,na,Likely benign,0
BRCA2,13,32319132,na,na,Likely benign,0
BRCA2,13,32319192,na,na,Likely benign,0
BRCA2,13,32319282,na,na,Likely benign,0
BRCA2,13,32319326,na,na,Pathogenic,1
BRCA2,13,32325083,na,na,Likely benign,0
BRCA2,13,32325098,na,na,Likely benign,0
BRCA2,13,32325137,na,na,Likely benign,0
BRCA2,13,32325140,na,na,Likely benign,0
BRCA2,13,32326134,na,na,Likely benign,0
BRCA2,13,32326609,na,na,Likely benign,0
BRCA2,13,32330945,na,na,Likely benign,0
BRCA2,13,32330993,na,na,Likely benign,0
BRCA2,13,32332277,na,na,Pathogenic,1
BRCA2,13,32332285,na,na,Likely benign,0
BRCA2,13,32332297,na,na,Likely benign,0
BRCA2,13,32332345,na,na,Likely benign,0
BRCA2,13,32332375,na,na,Likely benign,0
BRCA2,13,32332396,na,na,Likely benign,0
BRCA2,13,32332459,na,na,Likely benign,0
BRCA2,13,32332504,na,na,Likely benign,0
BRCA2,13,32332522,na,na,Likely benign,0
BRCA2,13,32332534,na,na,Likely benign,0
BRCA2,13,32332645,na,na,Likely benign,0
BRCA2,13,32332657,na,na,Likely benign,0
BRCA2,13,32332675,na,na,Likely benign,0
BRCA2,13,32332771,na,na,Likely benign,0
BRCA2,13,32332832,na,na,Likely benign,0
BRCA2,13,32332849,na,na,Likely benign,0
BRCA2,13,32332930,na,na,Likely benign,0
BRCA2,13,32333023,na,na,Likely benign,0
BRCA2,13,32333032,na,na,Likely benign,0
BRCA2,13,32333047,na,na,Likely benign,0
BRCA2,13,32333119,na,na,Likely benign,0
BRCA2,13,32333137,na,na,Likely benign,0
BRCA2,13,32333296,na,na,Likely benign,0
BRCA2,13,32336315,na,na,Pathogenic,1
BRCA2,13,32336359,na,na,Likely benign,0
BRCA2,13,32336380,na,na,Likely benign,0
BRCA2,13,32336398,na,na,Likely benign,0
BRCA2,13,32336464,na,na,Likely benign,0
BRCA2,13,32336482,na,na,Benign,0
BRCA2,13,32336488,na,na,Likely benign,0
BRCA2,13,32336530,na,na,Likely benign,0
BRCA2,13,32336566,na,na,Likely benign,0
BRCA2,13,32336581,na,na,Likely benign,0
BRCA2,13,32336611,na,na,Likely benign,0
BRCA2,13,32336629,na,na,Likely benign,0
BRCA2,13,32336641,na,na,Likely benign,0
BRCA2,13,32336845,na,na,Likely benign,0
BRCA2,13,32336849,na,na,Pathogenic,1
BRCA2,13,32336851,na,na,Likely benign,0
BRCA2,13,32336881,na,na,Likely benign,0
BRCA2,13,32336967,na,na,Pathogenic,1
BRCA2,13,32337058,na,na,Likely benign,0
BRCA2,13,32337106,na,na,Likely benign,0
BRCA2,13,32337109,na,na,Likely benign,0
BRCA2,13,32337148,na,na,Likely benign,0
BRCA2,13,32337172,na,na,Likely benign,0
BRCA2,13,32337241,na,na,Likely benign,0
BRCA2,13,32337253,na,na,Likely benign,0
BRCA2,13,32337358,na,na,Likely benign,0
BRCA2,13,32337406,na,na,Likely benign,0
BRCA2,13,32337466,na,na,Likely benign,0
BRCA2,13,32337535,na,na,Likely benign,0
BRCA2,13,32337580,na,na,Likely benign,0
BRCA2,13,32337664,na,na,Likely benign,0
BRCA2,13,32337709,na,na,Likely benign,0
BRCA2,13,32337817,na,na,Likely benign,0
BRCA2,13,32337817,na,na,Likely benign,0
BRCA2,13,32337850,na,na,Benign,0
BRCA2,13,32337955,na,na,Likely benign,0
BRCA2,13,32337985,na,na,Likely benign,0
BRCA2,13,32338066,na,na,Likely benign,0
BRCA2,13,32338117,na,na,Likely benign,0
BRCA2,13,32338126,na,na,Likely benign,0
BRCA2,13,32338195,na,na,Likely benign,0
BRCA2,13,32338235,na,na,Likely benign,0
BRCA2,13,32338249,na,na,Likely benign,0
BRCA2,13,32338285,na,na,Likely benign,0
BRCA2,13,32338417,na,na,Likely benign,0
BRCA2,13,32338456,na,na,Likely benign,0
BRCA2,13,32338507,na,na,Likely benign,0
BRCA2,13,32338534,na,na,Likely benign,0
BRCA2,13,32338597,na,na,Likely benign,0
BRCA2,13,32338600,na,na,Likely benign,0
BRCA2,13,32338601,na,na,Pathogenic,1
BRCA2,13,32338603,na,na,Likely benign,0
BRCA2,13,32338618,na,na,Likely benign,0
BRCA2,13,32338624,na,na,Likely benign,0
BRCA2,13,32338648,na,na,Likely benign,0
BRCA2,13,32338724,na,na,Likely benign,0
BRCA2,13,32338726,na,na,Likely benign,0
BRCA2,13,32338765,na,na,Likely benign,0
BRCA2,13,32338789,na,na,Likely benign,0
BRCA2,13,32338816,na,na,Likely benign,0
BRCA2,13,32338849,na,na,Likely benign,0
BRCA2,13,32338916,na,na,Likely benign,0
BRCA2,13,32338933,na,na,Benign,0
BRCA2,13,32338963,na,na,Likely benign,0
BRCA2,13,32339032,na,na,Likely benign,0
BRCA2,13,32339053,na,na,Likely benign,0
BRCA2,13,32339054,na,na,Likely benign,0
BRCA2,13,32339080,na,na,Likely benign,0
BRCA2,13,32339122,na,na,Likely benign,0
BRCA2,13,32339146,na,na,Likely benign,0
BRCA2,13,32339185,na,na,Likely benign,0
BRCA2,13,32339213,na,na,Likely benign,0
BRCA2,13,32339236,na,na,Likely benign,0
BRCA2,13,32339341,na,na,Likely benign,0
BRCA2,13,32339380,na,na,Likely benign,0
BRCA2,13,32339572,na,na,Likely benign,0
BRCA2,13,32339620,na,na,Likely benign,0
BRCA2,13,32339734,na,na,Likely benign,0
BRCA2,13,32339845,na,na,Likely benign,0
BRCA2,13,32339908,na,na,Likely benign,0
BRCA2,13,32339986,na,na,Likely benign,0
BRCA2,13,32339989,na,na,Likely benign,0
BRCA2,13,32339990,na,na,Pathogenic,1
BRCA2,13,32340007,na,na,Likely benign,0
BRCA2,13,32340043,na,na,Likely benign,0
BRCA2,13,32340052,na,na,Likely benign,0
BRCA2,13,32340088,na,na,Likely benign,0
BRCA2,13,32340100,na,na,Likely benign,0
BRCA2,13,32340121,na,na,Likely benign,0
BRCA2,13,32340142,na,na,Likely benign,0
BRCA2,13,32340148,na,na,Likely benign,0
BRCA2,13,32340235,na,na,Likely benign,0
BRCA2,13,32340250,na,na,Likely benign,0
BRCA2,13,32340262,na,na,Likely benign,0
BRCA2,13,32340274,na,na,Likely benign,0
BRCA2,13,32340277,na,na,Likely benign,0
BRCA2,13,32340283,na,na,Likely benign,0
BRCA2,13,32340289,na,na,Likely benign,0
BRCA2,13,32340307,na,na,Likely benign,0
BRCA2,13,32340340,na,na,Likely benign,0
BRCA2,13,32340367,na,na,Likely benign,0
BRCA2,13,32340385,na,na,Likely benign,0
BRCA2,13,32340433,na,na,Likely benign,0
BRCA2,13,32340469,na,na,Likely benign,0
BRCA2,13,32340510,na,na,Pathogenic,1
BRCA2,13,32340547,na,na,Likely benign,0
BRCA2,13,32340571,na,na,Likely benign,0
BRCA2,13,32340571,na,na,Likely benign,0
BRCA2,13,32340646,na,na,Likely benign,0
BRCA2,13,32340790,na,na,Likely benign,0
BRCA2,13,32340820,na,na,Likely benign,0
BRCA2,13,32340830,na,na,Pathogenic,1
BRCA2,13,32340883,na,na,Likely benign,0
BRCA2,13,32340886,na,na,Likely benign,0
BRCA2,13,32340922,na,na,Likely benign,0
BRCA2,13,32340958,na,na,Likely benign,0
BRCA2,13,32340979,na,na,Likely benign,0
BRCA2,13,32341048,na,na,Likely benign,0
BRCA2,13,32341093,na,na,Likely benign,0
BRCA2,13,32341102,na,na,Likely benign,0
BRCA2,13,32341120,na,na,Likely benign,0
BRCA2,13,32341126,na,na,Likely benign,0
BRCA2,13,32341162,na,na,Likely benign,0
BRCA2,13,32341186,na,na,Likely benign,0
BRCA2,13,32344622,na,na,Likely benign,0
BRCA2,13,32344643,na,na,Likely benign,0
BRCA2,13,32346858,na,na,Likely benign,0
BRCA2,13,32346864,na,na,Likely benign,0
BRCA2,13,32346876,na,na,Likely benign,0
BRCA2,13,32346885,na,na,Likely benign,0
BRCA2,13,32355131,na,na,Likely benign,0
BRCA2,13,32355140,na,na,Likely benign,0
BRCA2,13,32355152,na,na,Likely benign,0
BRCA2,13,32355257,na,na,Likely benign,0
BRCA2,13,32356483,na,na,Likely benign,0
BRCA2,13,32356501,na,na,Likely benign,0
BRCA2,13,32356513,na,na,Benign,0
BRCA2,13,32356561,na,na,Likely benign,0
BRCA2,13,32356588,na,na,Likely benign,0
BRCA2,13,32356588,na,na,Likely benign,0
BRCA2,13,32356594,na,na,Likely benign,0
BRCA2,13,32356594,na,na,Likely benign,0
BRCA2,13,32357762,na,na,Likely benign,0
BRCA2,13,32357774,na,na,Likely benign,0
BRCA2,13,32357807,na,na,Likely benign,0
BRCA2,13,32357842,na,na,Pathogenic,1
BRCA2,13,32357873,na,na,Likely benign,0
BRCA2,13,32357926,na,na,Likely pathogenic,1
BRCA2,13,32362547,na,na,Likely benign,0
BRCA2,13,32363182,na,na,Likely benign,0
BRCA2,13,32363191,na,na,Likely benign,0
BRCA2,13,32363203,na,na,Likely benign,0
BRCA2,13,32363212,na,na,Likely benign,0
BRCA2,13,32363263,na,na,Likely benign,0
BRCA2,13,32363288,na,na,Likely benign,0
BRCA2,13,32363293,na,na,Likely benign,0
BRCA2,13,32363320,na,na,Likely benign,0
BRCA2,13,32363359,na,na,Likely benign,0
BRCA2,13,32363365,na,na,Likely benign,0
BRCA2,13,32363368,na,na,Likely benign,0
BRCA2,13,32363416,na,na,Likely benign,0
BRCA2,13,32363449,na,na,Likely benign,0
BRCA2,13,32370422,na,na,Likely benign,0
BRCA2,13,32370424,na,na,Likely benign,0
BRCA2,13,32370437,na,na,Likely benign,0
BRCA2,13,32370497,na,na,Likely benign,0
BRCA2,13,32370967,na,na,Likely benign,0
BRCA2,13,32371030,na,na,Likely benign,0
BRCA2,13,32371033,na,na,Likely benign,0
BRCA2,13,32371075,na,na,Likely benign,0
BRCA2,13,32376686,na,na,Likely benign,0
BRCA2,13,32376690,na,na,Likely benign,0
BRCA2,13,32376704,na,na,Likely benign,0
BRCA2,13,32376731,na,na,Likely benign,0
BRCA2,13,32376734,na,na,Likely benign,0
BRCA2,13,32376737,na,na,Likely benign,0
BRCA2,13,32379391,na,na,Likely benign,0
BRCA2,13,32379415,na,na,Likely benign,0
BRCA2,13,32379436,na,na,Likely benign,0
BRCA2,13,32379437,na,na,Pathogenic,1
BRCA2,13,32379463,na,na,Likely benign,0
BRCA2,13,32379796,na,na,Likely benign,0
BRCA2,13,32379808,na,na,Likely benign,0
BRCA2,13,32379859,na,na,Likely benign,0
BRCA2,13,32379904,na,na,Likely benign,0
BRCA2,13,32380111,na,na,Likely benign,0
BRCA2,13,32394717,na,na,Likely benign,0
BRCA2,13,32394783,na,na,Likely benign,0
BRCA2,13,32394810,na,na,Likely benign,0
BRCA2,13,32394828,na,na,Likely benign,0
BRCA2,13,32394843,na,na,Benign,0
BRCA2,13,32394858,na,na,Likely benign,0
BRCA2,13,32396963,na,na,Likely benign,0
BRCA2,13,32396972,na,na,Likely benign,0
BRCA2,13,32396999,na,na,Likely benign,0
BRCA2,13,32397002,na,na,Likely benign,0
BRCA2,13,32397002,na,na,Likely benign,0
BRCA2,13,32398251,na,na,Likely benign,0
BRCA2,13,32398377,na,na,Likely benign,0
BRCA2,13,32398417,na,na,Likely benign,0
BRCA2,13,32398458,na,na,Likely benign,0
BRCA2,13,32398462,na,na,Likely benign,0
BRCA2,13,32398485,na,na,Likely benign,0
BRCA2,13,32398536,na,na,Likely benign,0
BRCA2,13,32398566,na,na,Likely benign,0
BRCA2,13,32398593,na,na,Likely benign,0
BRCA2,13,32398629,na,na,Likely benign,0
BRCA2,13,32398701,na,na,Likely benign,0
BRCA2,13,32398734,na,na,Likely benign,0
PALB2,16,23603674,na,na,Likely benign,0
PALB2,16,23629818,na,na,Pathogenic,1
CDH1,16,68737419,na,na,Likely benign,0
CDH1,16,68738308,na,na,Pathogenic,1
CDH1,16,68738317,na,na,Likely benign,0
CDH1,16,68738324,na,na,Pathogenic,1
CDH1,16,68738368,na,na,Likely benign,0
CDH1,16,68801666,na,na,Likely benign,0
CDH1,16,68801679,na,na,Likely benign,0
CDH1,16,68801806,na,na,Likely benign,0
CDH1,16,68810329,na,na,Benign,0
CDH1,16,68812265,na,na,Likely pathogenic,1
CDH1,16,68813310,na,na,Likely benign,0
CDH1,16,68813345,na,na,Likely benign,0
CDH1,16,68813471,na,na,Likely benign,0
CDH1,16,68815694,na,na,Likely benign,0
CDH1,16,68815764,na,na,Likely pathogenic,1
CDH1,16,68819425,na,na,Likely pathogenic,1
CDH1,16,68833301,na,na,Likely benign,0
CDH1,16,68833488,na,na,Benign,0
RAD51D,17,35118530,na,na,Benign,0
RAD51D,17,35119531,na,na,Likely pathogenic,1
BRCA1,17,43045684,na,na,Likely benign,0
BRCA1,17,43045698,na,na,Benign,0
BRCA1,17,43045708,na,na,Likely benign,0
BRCA1,17,43045720,na,na,Likely benign,0
BRCA1,17,43045756,na,na,Likely benign,0
BRCA1,17,43047680,na,na,Likely benign,0
BRCA1,17,43049139,na,na,Likely benign,0
BRCA1,17,43051067,na,na,Likely benign,0
BRCA1,17,43051115,na,na,Likely benign,0
BRCA1,17,43057070,na,na,Likely benign,0
BRCA1,17,43063369,na,na,Likely benign,0
BRCA1,17,43063926,na,na,Likely benign,0
BRCA1,17,43063932,na,na,Likely benign,0
BRCA1,17,43067655,na,na,Pathogenic,1
BRCA1,17,43067660,na,na,Likely benign,0
BRCA1,17,43067684,na,na,Likely benign,0
BRCA1,17,43070943,na,na,Likely benign,0
BRCA1,17,43070985,na,na,Likely benign,0
BRCA1,17,43071000,na,na,Likely benign,0
BRCA1,17,43071063,na,na,Likely benign,0
BRCA1,17,43071069,na,na,Likely benign,0
BRCA1,17,43071080,na,na,Pathogenic,1
BRCA1,17,43071150,na,na,Likely benign,0
BRCA1,17,43071162,na,na,Likely benign,0
BRCA1,17,43071171,na,na,Likely benign,0
BRCA1,17,43071204,na,na,Likely benign,0
BRCA1,17,43074330,na,na,Pathogenic,1
BRCA1,17,43074362,na,na,Likely benign,0
BRCA1,17,43074380,na,na,Likely benign,0
BRCA1,17,43074452,na,na,Likely benign,0
BRCA1,17,43074461,na,na,Likely benign,0
BRCA1,17,43074483,na,na,Pathogenic,1
BRCA1,17,43076550,na,na,Likely benign,0
BRCA1,17,43076592,na,na,Likely benign,0
BRCA1,17,43082408,na,na,Likely benign,0
BRCA1,17,43082456,na,na,Likely benign,0
BRCA1,17,43082492,na,na,Likely benign,0
BRCA1,17,43082534,na,na,Likely benign,0
BRCA1,17,43082552,na,na,Likely benign,0
BRCA1,17,43090943,na,na,Pathogenic,1
BRCA1,17,43090998,na,na,Likely benign,0
BRCA1,17,43091030,na,na,Pathogenic,1
BRCA1,17,43091439,na,na,Likely benign,0
BRCA1,17,43091460,na,na,Likely benign,0
BRCA1,17,43091513,na,na,Likely benign,0
BRCA1,17,43091538,na,na,Likely benign,0
BRCA1,17,43091724,na,na,Likely benign,0
BRCA1,17,43091763,na,na,Likely benign,0
BRCA1,17,43091832,na,na,Likely benign,0
BRCA1,17,43091843,na,na,Likely benign,0
BRCA1,17,43091847,na,na,Benign,0
BRCA1,17,43091905,na,na,Pathogenic,1
BRCA1,17,43091916,na,na,Likely benign,0
BRCA1,17,43091949,na,na,Likely benign,0
BRCA1,17,43092018,na,na,Likely benign,0
BRCA1,17,43092050,na,na,Pathogenic,1
BRCA1,17,43092099,na,na,Benign,0
BRCA1,17,43092159,na,na,Likely benign,0
BRCA1,17,43092261,na,na,Likely benign,0
BRCA1,17,43092293,na,na,Likely benign,0
BRCA1,17,43092374,na,na,Pathogenic,1
BRCA1,17,43092456,na,na,Likely benign,0
BRCA1,17,43092471,na,na,Likely benign,0
BRCA1,17,43092519,na,na,Likely benign,0
BRCA1,17,43092522,na,na,Likely benign,0
BRCA1,17,43092552,na,na,Likely benign,0
BRCA1,17,43092611,na,na,Likely benign,0
BRCA1,17,43092618,na,na,Likely benign,0
BRCA1,17,43092633,na,na,Likely benign,0
BRCA1,17,43092648,na,na,Likely benign,0
BRCA1,17,43092669,na,na,Likely benign,0
BRCA1,17,43092669,na,na,Likely benign,0
BRCA1,17,43092756,na,na,Likely benign,0
BRCA1,17,43092825,na,na,Likely benign,0
BRCA1,17,43092861,na,na,Likely benign,0
BRCA1,17,43092962,na,na,Likely benign,0
BRCA1,17,43093008,na,na,Likely benign,0
BRCA1,17,43093059,na,na,Likely benign,0
BRCA1,17,43093091,na,na,Likely benign,0
BRCA1,17,43093110,na,na,Likely benign,0
BRCA1,17,43093119,na,na,Likely benign,0
BRCA1,17,43093236,na,na,Likely benign,0
BRCA1,17,43093299,na,na,Likely benign,0
BRCA1,17,43093410,na,na,Likely benign,0
BRCA1,17,43093572,na,na,Likely benign,0
BRCA1,17,43093605,na,na,Likely benign,0
BRCA1,17,43093614,na,na,Likely benign,0
BRCA1,17,43093638,na,na,Likely benign,0
BRCA1,17,43093650,na,na,Likely benign,0
BRCA1,17,43093656,na,na,Likely benign,0
BRCA1,17,43093668,na,na,Likely benign,0
BRCA1,17,43093689,na,na,Likely benign,0
BRCA1,17,43093698,na,na,Likely benign,0
BRCA1,17,43093734,na,na,Likely benign,0
BRCA1,17,43093800,na,na,Likely benign,0
BRCA1,17,43093803,na,na,Likely benign,0
BRCA1,17,43093896,na,na,Likely benign,0
BRCA1,17,43093914,na,na,Likely benign,0
BRCA1,17,43094025,na,na,Likely benign,0
BRCA1,17,43094040,na,na,Likely benign,0
BRCA1,17,43094061,na,na,Likely benign,0
BRCA1,17,43094112,na,na,Likely benign,0
BRCA1,17,43094130,na,na,Likely benign,0
BRCA1,17,43094223,na,na,Likely benign,0
BRCA1,17,43094256,na,na,Likely benign,0
BRCA1,17,43094277,na,na,Likely benign,0
BRCA1,17,43094289,na,na,Likely benign,0
BRCA1,17,43094294,na,na,Likely benign,0
BRCA1,17,43094304,na,na,Likely benign,0
BRCA1,17,43094316,na,na,Likely benign,0
BRCA1,17,43094460,na,na,Likely benign,0
BRCA1,17,43094534,na,na,Benign,0
BRCA1,17,43094544,na,na,Likely benign,0
BRCA1,17,43094556,na,na,Likely benign,0
BRCA1,17,43094562,na,na,Likely benign,0
BRCA1,17,43094604,na,na,Likely benign,0
BRCA1,17,43094697,na,na,Likely benign,0
BRCA1,17,43094703,na,na,Likely benign,0
BRCA1,17,43094763,na,na,Likely benign,0
BRCA1,17,43094775,na,na,Likely benign,0
BRCA1,17,43094832,na,na,Likely benign,0
BRCA1,17,43095864,na,na,Likely benign,0
BRCA1,17,43095913,na,na,Likely benign,0
BRCA1,17,43097267,na,na,Likely benign,0
BRCA1,17,43097267,na,na,Likely benign,0
BRCA1,17,43097273,na,na,Likely benign,0
BRCA1,17,43099800,na,na,Likely benign,0
BRCA1,17,43099815,na,na,Likely benign,0
BRCA1,17,43104137,na,na,Likely benign,0
BRCA1,17,43104185,na,na,Likely benign,0
BRCA1,17,43104197,na,na,Likely benign,0
BRCA1,17,43104911,na,na,Likely benign,0
BRCA1,17,43104914,na,na,Likely benign,0
BRCA1,17,43104952,na,na,Likely benign,0
BRCA1,17,43115727,na,na,Benign,0
BRCA1,17,43115737,na,na,Likely benign,0
BRCA1,17,43115759,na,na,Likely pathogenic,1
RAD51C,17,58696747,na,na,Likely benign,0
RAD51C,17,58709862,na,na,Pathogenic,1
BRIP1,17,61683335,na,na,Likely benign,0
BRIP1,17,61683635,na,na,Benign,0
BRIP1,17,61683968,na,na,Likely benign,0
BRIP1,17,61685870,na,na,Likely benign,0
BRIP1,17,61685882,na,na,Likely benign,0
BRIP1,17,61686104,na,na,Benign,0
BRIP1,17,61693513,na,na,Likely pathogenic,1
BRIP1,17,61780942,na,na,Likely benign,0
BRIP1,17,61784275,na,na,Likely benign,0
BRIP1,17,61801388,na,na,Pathogenic,1
BRIP1,17,61808718,na,na,Pathogenic,1
BRIP1,17,61857088,na,na,Pathogenic,1
TP53,17,7670712,na,na,Likely benign,0
CHEK2,22,28719486,na,na,Likely pathogenic,1
CHEK2,22,28734440,na,na,Likely benign,0
CHEK2,22,28734444,na,na,Pathogenic,1
BRIP1,17,61715996,na,na,Pathogenic,1
BRCA2,13,32319433,na,na,Benign,0
BRCA2,13,32326223,na,na,Likely benign,0
BRCA2,13,32326303,na,na,Benign,0
BRCA2,13,32339749,na,na,Likely benign,0
BRCA2,13,32354860,na,na,Pathogenic,1
BRCA2,13,32356555,na,na,Likely benign,0
BRCA2,13,32394713,na,na,Pathogenic,1
BRCA1,17,43092438,na,na,Likely benign,0
BRCA1,17,43106433,na,na,Benign,0
ATM,11,108244927,na,na,Pathogenic,1
ATM,11,108304693,na,na,Pathogenic,1
ATM,11,108304822,na,na,Pathogenic,1
ATM,11,108343260,na,na,Pathogenic,1
BRCA1,17,43125170,na,na,Benign,0
PSEN1,14,73198043,na,na,Benign,0
BRCA1,17,43094064,na,na,Likely benign,0
BRCA1,17,43091673,na,na,Likely benign,0
MRE11,11,94464094,na,na,Benign,0
BRCA1,17,43082510,na,na,Likely benign,0
BRCA1,17,43076580,na,na,Likely benign,0
DNM2,19,10759731,na,na,Benign,0
OPHN1,X,68053635,na,na,Benign,0
DYSF,2,71656164,na,na,Likely benign,0
MATN3,2,19997269,na,na,Benign,0
BRCA1,17,43104124,na,na,Likely benign,0
EXT2,11,44130027,na,na,Benign,0
NBN,8,89958707,na,na,Benign,0
MMUT,6,49457689,na,na,Pathogenic,1
HOGA1,10,97600168,na,na,Pathogenic,1
AFG2A,4,122947489,na,na,Pathogenic,1
BRCA2,13,32314943,na,na,Benign,0
BRCA2,13,32315226,na,na,Benign,0
BRCA2,13,32315532,na,na,Benign,0
BRCA2,13,32315655,na,na,Benign,0
BRCA2,13,32315831,na,na,Benign,0
BRCA2,13,32315889,na,na,Benign,0
BRCA2,13,32316027,na,na,Benign,0
BRCA2,13,32316090,na,na,Benign,0
BRCA2,13,32316853,na,na,Benign,0
BRCA2,13,32317168,na,na,Benign,0
BRCA2,13,32317569,na,na,Benign,0
BRCA2,13,32317629,na,na,Benign,0
BRCA2,13,32317661,na,na,Benign,0
BRCA2,13,32317793,na,na,Benign,0
BRCA2,13,32318080,na,na,Benign,0
BRCA2,13,32318532,na,na,Benign,0
BRCA2,13,32318557,na,na,Benign,0
BRCA2,13,32318598,na,na,Benign,0
BRCA2,13,32318623,na,na,Benign,0
BRCA2,13,32318683,na,na,Benign,0
BRCA2,13,32318738,na,na,Benign,0
BRCA2,13,32318748,na,na,Benign,0
BRCA2,13,32319587,na,na,Benign,0
BRCA2,13,32319654,na,na,Benign,0
BRCA2,13,32319686,na,na,Benign,0
BRCA2,13,32319771,na,na,Benign,0
BRCA2,13,32320185,na,na,Benign,0
BRCA2,13,32320347,na,na,Benign,0
BRCA2,13,32320601,na,na,Benign,0
BRCA2,13,32320668,na,na,Benign,0
BRCA2,13,32320728,na,na,Benign,0
BRCA2,13,32320807,na,na,Benign,0
BRCA2,13,32320840,na,na,Benign,0
BRCA2,13,32321240,na,na,Benign,0
BRCA2,13,32321244,na,na,Benign,0
BRCA2,13,32321537,na,na,Benign,0
BRCA2,13,32321936,na,na,Benign,0
BRCA2,13,32322152,na,na,Benign,0
BRCA2,13,32322539,na,na,Benign,0
BRCA2,13,32322585,na,na,Benign,0
BRCA2,13,32322709,na,na,Benign,0
BRCA2,13,32323006,na,na,Benign,0
BRCA2,13,32323201,na,na,Benign,0
BRCA2,13,32323405,na,na,Benign,0
BRCA2,13,32324101,na,na,Benign,0
BRCA2,13,32324497,na,na,Benign,0
BRCA2,13,32324693,na,na,Benign,0
BRCA2,13,32325307,na,na,Benign,0
BRCA2,13,32325331,na,na,Benign,0
BRCA2,13,32325430,na,na,Benign,0
BRCA2,13,32325701,na,na,Benign,0
BRCA2,13,32325710,na,na,Benign,0
BRCA2,13,32325741,na,na,Benign,0
BRCA2,13,32325750,na,na,Benign,0
BRCA2,13,32325762,na,na,Benign,0
BRCA2,13,32325765,na,na,Benign,0
BRCA2,13,32325869,na,na,Benign,0
BRCA2,13,32326796,na,na,Benign,0
BRCA2,13,32327154,na,na,Benign,0
BRCA2,13,32327293,na,na,Benign,0
BRCA2,13,32327594,na,na,Benign,0
BRCA2,13,32327930,na,na,Benign,0
BRCA2,13,32327943,na,na,Benign,0
BRCA2,13,32328257,na,na,Benign,0
BRCA2,13,32328310,na,na,Benign,0
BRCA2,13,32328640,na,na,Benign,0
BRCA2,13,32328672,na,na,Benign,0
BRCA2,13,32329687,na,na,Benign,0
BRCA2,13,32329701,na,na,Benign,0
BRCA2,13,32329790,na,na,Benign,0
BRCA2,13,32330162,na,na,Benign,0
BRCA2,13,32331128,na,na,Benign,0
BRCA2,13,32331135,na,na,Benign,0
BRCA2,13,32331431,na,na,Benign,0
BRCA2,13,32331491,na,na,Benign,0
BRCA2,13,32331778,na,na,Benign,0
BRCA2,13,32331861,na,na,Benign,0
BRCA2,13,32332100,na,na,Benign,0
BRCA2,13,32333630,na,na,Benign,0
BRCA2,13,32333719,na,na,Benign,0
BRCA2,13,32333969,na,na,Benign,0
BRCA2,13,32334210,na,na,Benign,0
BRCA2,13,32334492,na,na,Benign,0
BRCA2,13,32335313,na,na,Benign,0
BRCA2,13,32335478,na,na,Benign,0
BRCA2,13,32335723,na,na,Benign,0
BRCA2,13,32335919,na,na,Benign,0
BRCA2,13,32335965,na,na,Benign,0
BRCA2,13,32336191,na,na,Benign,0
BRCA2,13,32336214,na,na,Benign,0
BRCA2,13,32336222,na,na,Benign,0
BRCA2,13,32337511,na,na,Benign,0
BRCA2,13,32338148,na,na,Benign,0
BRCA2,13,32338964,na,na,Benign,0
BRCA2,13,32341387,na,na,Benign,0
BRCA2,13,32341421,na,na,Benign,0
BRCA2,13,32341669,na,na,Benign,0
BRCA2,13,32341836,na,na,Benign,0
BRCA2,13,32342160,na,na,Benign,0
BRCA2,13,32342225,na,na,Benign,0
BRCA2,13,32342233,na,na,Benign,0
BRCA2,13,32342540,na,na,Benign,0
BRCA2,13,32342652,na,na,Benign,0
BRCA2,13,32342999,na,na,Benign,0
BRCA2,13,32343207,na,na,Benign,0
BRCA2,13,32344085,na,na,Benign,0
BRCA2,13,32344344,na,na,Benign,0
BRCA2,13,32344804,na,na,Benign,0
BRCA2,13,32344830,na,na,Benign,0
BRCA2,13,32345093,na,na,Benign,0
BRCA2,13,32345389,na,na,Benign,0
BRCA2,13,32345500,na,na,Benign,0
BRCA2,13,32345631,na,na,Benign,0
BRCA2,13,32345879,na,na,Benign,0
BRCA2,13,32345984,na,na,Benign,0
BRCA2,13,32346203,na,na,Benign,0
BRCA2,13,32346312,na,na,Benign,0
BRCA2,13,32346481,na,na,Benign,0
BRCA2,13,32346514,na,na,Benign,0
BRCA2,13,32346707,na,na,Benign,0
BRCA2,13,32347053,na,na,Benign,0
BRCA2,13,32347169,na,na,Benign,0
BRCA2,13,32347225,na,na,Benign,0
BRCA2,13,32347399,na,na,Benign,0
BRCA2,13,32347584,na,na,Benign,0
BRCA2,13,32347801,na,na,Benign,0
BRCA2,13,32347807,na,na,Benign,0
BRCA2,13,32347999,na,na,Benign,0
BRCA2,13,32348194,na,na,Benign,0
BRCA2,13,32348993,na,na,Benign,0
BRCA2,13,32349324,na,na,Benign,0
BRCA2,13,32349428,na,na,Benign,0
BRCA2,13,32349553,na,na,Benign,0
BRCA2,13,32349673,na,na,Benign,0
BRCA2,13,32349851,na,na,Benign,0
BRCA2,13,32350055,na,na,Benign,0
BRCA2,13,32350510,na,na,Benign,0
BRCA2,13,32350747,na,na,Benign,0
BRCA2,13,32350832,na,na,Benign,0
BRCA2,13,32351120,na,na,Benign,0
BRCA2,13,32351338,na,na,Benign,0
BRCA2,13,32351909,na,na,Benign,0
BRCA2,13,32352517,na,na,Benign,0
BRCA2,13,32352524,na,na,Benign,0
BRCA2,13,32352807,na,na,Benign,0
BRCA2,13,32352880,na,na,Benign,0
BRCA2,13,32353602,na,na,Benign,0
BRCA2,13,32353757,na,na,Benign,0
BRCA2,13,32353975,na,na,Benign,0
BRCA2,13,32354065,na,na,Benign,0
BRCA2,13,32354180,na,na,Benign,0
BRCA2,13,32354267,na,na,Benign,0
BRCA2,13,32354271,na,na,Benign,0
BRCA2,13,32356237,na,na,Benign,0
BRCA2,13,32356297,na,na,Benign,0
BRCA2,13,32356757,na,na,Benign,0
BRCA2,13,32357158,na,na,Benign,0
BRCA2,13,32357492,na,na,Benign,0
BRCA2,13,32358468,na,na,Benign,0
BRCA2,13,32358600,na,na,Benign,0
BRCA2,13,32358855,na,na,Benign,0
BRCA2,13,32358885,na,na,Benign,0
BRCA2,13,32359302,na,na,Benign,0
BRCA2,13,32359789,na,na,Benign,0
BRCA2,13,32359800,na,na,Benign,0
BRCA2,13,32360294,na,na,Benign,0
BRCA2,13,32360373,na,na,Benign,0
BRCA2,13,32360418,na,na,Benign,0
BRCA2,13,32360521,na,na,Benign,0
BRCA2,13,32360774,na,na,Benign,0
BRCA2,13,32360873,na,na,Benign,0
BRCA2,13,32361269,na,na,Benign,0
BRCA2,13,32361348,na,na,Benign,0
BRCA2,13,32361504,na,na,Benign,0
BRCA2,13,32362094,na,na,Benign,0
BRCA2,13,32362235,na,na,Benign,0
BRCA2,13,32363642,na,na,Benign,0
BRCA2,13,32363866,na,na,Benign,0
BRCA2,13,32364036,na,na,Benign,0
BRCA2,13,32364315,na,na,Benign,0
BRCA2,13,32364532,na,na,Benign,0
BRCA2,13,32364744,na,na,Benign,0
BRCA2,13,32364848,na,na,Benign,0
BRCA2,13,32364948,na,na,Benign,0
BRCA2,13,32365149,na,na,Benign,0
BRCA2,13,32365165,na,na,Benign,0
BRCA2,13,32365177,na,na,Benign,0
BRCA2,13,32366142,na,na,Benign,0
BRCA2,13,32366208,na,na,Benign,0
BRCA2,13,32366257,na,na,Benign,0
BRCA2,13,32366751,na,na,Benign,0
BRCA2,13,32366979,na,na,Benign,0
BRCA2,13,32367008,na,na,Benign,0
BRCA2,13,32367159,na,na,Benign,0
BRCA2,13,32367304,na,na,Benign,0
BRCA2,13,32367486,na,na,Benign,0
BRCA2,13,32367646,na,na,Benign,0
BRCA2,13,32367964,na,na,Benign,0
BRCA2,13,32368300,na,na,Benign,0
BRCA2,13,32368453,na,na,Benign,0
BRCA2,13,32368578,na,na,Benign,0
BRCA2,13,32368935,na,na,Benign,0
BRCA2,13,32368998,na,na,Benign,0
BRCA2,13,32369041,na,na,Benign,0
BRCA2,13,32369612,na,na,Benign,0
BRCA2,13,32369645,na,na,Benign,0
BRCA2,13,32369699,na,na,Benign,0
BRCA2,13,32369919,na,na,Benign,0
BRCA2,13,32369961,na,na,Benign,0
BRCA2,13,32370848,na,na,Benign,0
BRCA2,13,32371400,na,na,Benign,0
BRCA2,13,32371432,na,na,Benign,0
BRCA2,13,32371474,na,na,Benign,0
BRCA2,13,32371492,na,na,Benign,0
BRCA2,13,32371580,na,na,Benign,0
BRCA2,13,32371795,na,na,Benign,0
BRCA2,13,32371842,na,na,Benign,0
BRCA2,13,32371874,na,na,Benign,0
BRCA2,13,32372082,na,na,Benign,0
BRCA2,13,32372278,na,na,Benign,0
BRCA2,13,32372283,na,na,Benign,0
BRCA2,13,32372668,na,na,Benign,0
BRCA2,13,32373331,na,na,Benign,0
BRCA2,13,32373523,na,na,Benign,0
BRCA2,13,32373524,na,na,Benign,0
BRCA2,13,32373717,na,na,Benign,0
BRCA2,13,32374128,na,na,Benign,0
BRCA2,13,32375245,na,na,Benign,0
BRCA2,13,32375396,na,na,Benign,0
BRCA2,13,32375530,na,na,Benign,0
BRCA2,13,32375718,na,na,Benign,0
BRCA2,13,32376120,na,na,Benign,0
BRCA2,13,32376960,na,na,Benign,0
BRCA2,13,32376974,na,na,Benign,0
BRCA2,13,32376978,na,na,Benign,0
BRCA2,13,32377040,na,na,Benign,0
BRCA2,13,32377317,na,na,Benign,0
BRCA2,13,32377459,na,na,Benign,0
BRCA2,13,32378219,na,na,Benign,0
BRCA2,13,32378309,na,na,Benign,0
BRCA2,13,32378348,na,na,Benign,0
BRCA2,13,32378476,na,na,Benign,0
BRCA2,13,32379045,na,na,Benign,0
BRCA2,13,32379128,na,na,Benign,0
BRCA2,13,32380284,na,na,Benign,0
BRCA2,13,32380424,na,na,Benign,0
BRCA2,13,32380559,na,na,Benign,0
BRCA2,13,32380604,na,na,Benign,0
BRCA2,13,32380775,na,na,Benign,0
BRCA2,13,32380776,na,na,Benign,0
BRCA2,13,32381260,na,na,Benign,0
BRCA2,13,32381563,na,na,Benign,0
BRCA2,13,32381652,na,na,Benign,0
BRCA2,13,32381972,na,na,Benign,0
BRCA2,13,32382007,na,na,Benign,0
BRCA2,13,32382033,na,na,Benign,0
BRCA2,13,32382146,na,na,Benign,0
BRCA2,13,32382620,na,na,Benign,0
BRCA2,13,32383177,na,na,Benign,0
BRCA2,13,32383682,na,na,Benign,0
BRCA2,13,32383835,na,na,Benign,0
BRCA2,13,32384015,na,na,Benign,0
BRCA2,13,32384329,na,na,Benign,0
BRCA2,13,32384512,na,na,Benign,0
BRCA2,13,32384686,na,na,Benign,0
BRCA2,13,32384750,na,na,Benign,0
BRCA2,13,32384860,na,na,Benign,0
BRCA2,13,32385062,na,na,Benign,0
BRCA2,13,32385099,na,na,Benign,0
BRCA2,13,32385103,na,na,Benign,0
BRCA2,13,32385397,na,na,Benign,0
BRCA2,13,32385401,na,na,Benign,0
BRCA2,13,32385652,na,na,Benign,0
BRCA2,13,32385702,na,na,Benign,0
BRCA2,13,32385907,na,na,Benign,0
BRCA2,13,32386226,na,na,Benign,0
BRCA2,13,32386531,na,na,Benign,0
BRCA2,13,32386560,na,na,Benign,0
BRCA2,13,32386851,na,na,Benign,0
BRCA2,13,32387360,na,na,Benign,0
BRCA2,13,32387447,na,na,Benign,0
BRCA2,13,32387908,na,na,Benign,0
BRCA2,13,32387951,na,na,Benign,0
BRCA2,13,32388063,na,na,Benign,0
BRCA2,13,32388181,na,na,Benign,0
BRCA2,13,32388406,na,na,Benign,0
BRCA2,13,32388542,na,na,Benign,0
BRCA2,13,32388548,na,na,Benign,0
BRCA2,13,32389392,na,na,Benign,0
BRCA2,13,32389570,na,na,Benign,0
BRCA2,13,32389701,na,na,Benign,0
BRCA2,13,32389796,na,na,Benign,0
BRCA2,13,32389810,na,na,Benign,0
BRCA2,13,32390046,na,na,Benign,0
BRCA2,13,32390265,na,na,Benign,0
BRCA2,13,32390362,na,na,Benign,0
BRCA2,13,32390367,na,na,Benign,0
BRCA2,13,32390504,na,na,Benign,0
BRCA2,13,32391173,na,na,Benign,0
BRCA2,13,32391514,na,na,Benign,0
BRCA2,13,32391627,na,na,Benign,0
BRCA2,13,32391658,na,na,Benign,0
BRCA2,13,32391943,na,na,Benign,0
BRCA2,13,32392531,na,na,Benign,0
BRCA2,13,32392545,na,na,Benign,0
BRCA2,13,32393109,na,na,Benign,0
BRCA2,13,32393166,na,na,Benign,0
BRCA2,13,32393329,na,na,Benign,0
BRCA2,13,32393672,na,na,Benign,0
BRCA2,13,32393874,na,na,Benign,0
BRCA2,13,32394146,na,na,Benign,0
BRCA2,13,32394153,na,na,Benign,0
BRCA2,13,32394172,na,na,Benign,0
BRCA2,13,32394413,na,na,Benign,0
BRCA2,13,32394454,na,na,Benign,0
BRCA2,13,32394470,na,na,Benign,0
BRCA2,13,32394546,na,na,Benign,0
BRCA2,13,32394576,na,na,Benign,0
BRCA2,13,32395111,na,na,Benign,0
BRCA2,13,32395894,na,na,Benign,0
BRCA2,13,32395918,na,na,Benign,0
BRCA2,13,32395964,na,na,Benign,0
BRCA2,13,32396248,na,na,Benign,0
BRCA2,13,32396296,na,na,Benign,0
BRCA2,13,32396449,na,na,Benign,0
BRCA2,13,32396462,na,na,Benign,0
BRCA2,13,32396599,na,na,Benign,0
BRCA2,13,32397288,na,na,Benign,0
BRCA2,13,32397453,na,na,Benign,0
BRCA2,13,32397919,na,na,Benign,0
BRCA2,13,32399065,na,na,Benign,0
BRCA2,13,32399139,na,na,Benign,0
BRCA2,13,32399160,na,na,Benign,0
BRCA2,13,32399167,na,na,Benign,0
BRCA2,13,32399302,na,na,Benign,0
BRCA1,17,43039471,na,na,Benign,0
BRCA1,17,43039818,na,na,Benign,0
BRCA1,17,43040165,na,na,Benign,0
BRCA1,17,43041129,na,na,Benign,0
BRCA1,17,43041407,na,na,Benign,0
BRCA1,17,43041622,na,na,Benign,0
BRCA1,17,43041893,na,na,Benign,0
BRCA1,17,43042868,na,na,Benign,0
BRCA1,17,43043008,na,na,Benign,0
BRCA1,17,43043076,na,na,Benign,0
BRCA1,17,43043694,na,na,Benign,0
BRCA1,17,43043756,na,na,Benign,0
BRCA1,17,43044346,na,na,Benign,0
BRCA1,17,43044565,na,na,Benign,0
BRCA1,17,43045257,na,na,Benign,0
BRCA1,17,43045450,na,na,Benign,0
BRCA1,17,43046070,na,na,Benign,0
BRCA1,17,43046253,na,na,Benign,0
BRCA1,17,43046604,na,na,Benign,0
BRCA1,17,43046931,na,na,Benign,0
BRCA1,17,43046985,na,na,Benign,0
BRCA1,17,43047106,na,na,Benign,0
BRCA1,17,43047161,na,na,Benign,0
BRCA1,17,43047896,na,na,Benign,0
BRCA1,17,43048092,na,na,Benign,0
BRCA1,17,43048520,na,na,Benign,0
BRCA1,17,43049347,na,na,Benign,0
BRCA1,17,43049415,na,na,Benign,0
BRCA1,17,43049448,na,na,Benign,0
BRCA1,17,43049498,na,na,Benign,0
BRCA1,17,43049685,na,na,Benign,0
BRCA1,17,43050562,na,na,Benign,0
BRCA1,17,43050573,na,na,Benign,0
BRCA1,17,43050671,na,na,Benign,0
BRCA1,17,43050878,na,na,Benign,0
BRCA1,17,43051308,na,na,Benign,0
BRCA1,17,43051574,na,na,Benign,0
BRCA1,17,43051690,na,na,Benign,0
BRCA1,17,43051983,na,na,Benign,0
BRCA1,17,43052001,na,na,Benign,0
BRCA1,17,43052188,na,na,Benign,0
BRCA1,17,43052344,na,na,Benign,0
BRCA1,17,43052360,na,na,Benign,0
BRCA1,17,43052373,na,na,Benign,0
BRCA1,17,43052636,na,na,Benign,0
BRCA1,17,43052761,na,na,Benign,0
BRCA1,17,43052839,na,na,Benign,0
BRCA1,17,43052883,na,na,Benign,0
BRCA1,17,43052991,na,na,Benign,0
BRCA1,17,43053035,na,na,Benign,0
BRCA1,17,43053615,na,na,Benign,0
BRCA1,17,43053704,na,na,Benign,0
BRCA1,17,43053755,na,na,Benign,0
BRCA1,17,43053924,na,na,Benign,0
BRCA1,17,43054039,na,na,Benign,0
BRCA1,17,43054080,na,na,Benign,0
BRCA1,17,43054613,na,na,Benign,0
BRCA1,17,43054835,na,na,Benign,0
BRCA1,17,43055445,na,na,Benign,0
BRCA1,17,43055643,na,na,Benign,0
BRCA1,17,43056199,na,na,Benign,0
BRCA1,17,43056288,na,na,Benign,0
BRCA1,17,43056450,na,na,Benign,0
BRCA1,17,43057356,na,na,Benign,0
BRCA1,17,43057558,na,na,Benign,0
BRCA1,17,43057561,na,na,Benign,0
BRCA1,17,43057601,na,na,Benign,0
BRCA1,17,43057610,na,na,Benign,0
BRCA1,17,43058314,na,na,Benign,0
BRCA1,17,43058377,na,na,Benign,0
BRCA1,17,43058379,na,na,Benign,0
BRCA1,17,43058399,na,na,Benign,0
BRCA1,17,43058585,na,na,Benign,0
BRCA1,17,43059207,na,na,Benign,0
BRCA1,17,43059351,na,na,Benign,0
BRCA1,17,43059636,na,na,Benign,0
BRCA1,17,43059936,na,na,Benign,0
BRCA1,17,43060152,na,na,Benign,0
BRCA1,17,43060163,na,na,Benign,0
BRCA1,17,43060321,na,na,Benign,0
BRCA1,17,43060530,na,na,Benign,0
BRCA1,17,43060745,na,na,Benign,0
BRCA1,17,43060788,na,na,Benign,0
BRCA1,17,43060996,na,na,Benign,0
BRCA1,17,43061077,na,na,Benign,0
BRCA1,17,43061103,na,na,Benign,0
BRCA1,17,43061301,na,na,Benign,0
BRCA1,17,43061609,na,na,Benign,0
BRCA1,17,43061643,na,na,Benign,0
BRCA1,17,43061731,na,na,Benign,0
BRCA1,17,43061743,na,na,Benign,0
BRCA1,17,43061876,na,na,Benign,0
BRCA1,17,43061979,na,na,Benign,0
BRCA1,17,43062062,na,na,Benign,0
BRCA1,17,43062603,na,na,Benign,0
BRCA1,17,43064188,na,na,Benign,0
BRCA1,17,43064189,na,na,Benign,0
BRCA1,17,43064324,na,na,Benign,0
BRCA1,17,43064327,na,na,Benign,0
BRCA1,17,43064696,na,na,Benign,0
BRCA1,17,43064916,na,na,Benign,0
BRCA1,17,43065024,na,na,Benign,0
BRCA1,17,43065086,na,na,Benign,0
BRCA1,17,43065094,na,na,Benign,0
BRCA1,17,43065363,na,na,Benign,0
BRCA1,17,43065497,na,na,Benign,0
BRCA1,17,43065535,na,na,Benign,0
BRCA1,17,43065857,na,na,Benign,0
BRCA1,17,43066316,na,na,Benign,0
BRCA1,17,43066355,na,na,Benign,0
BRCA1,17,43066409,na,na,Benign,0
BRCA1,17,43066450,na,na,Benign,0
BRCA1,17,43066555,na,na,Benign,0
BRCA1,17,43066598,na,na,Benign,0
BRCA1,17,43066690,na,na,Benign,0
BRCA1,17,43066699,na,na,Benign,0
BRCA1,17,43066730,na,na,Benign,0
BRCA1,17,43066788,na,na,Benign,0
BRCA1,17,43067343,na,na,Benign,0
BRCA1,17,43067380,na,na,Benign,0
BRCA1,17,43067387,na,na,Benign,0
BRCA1,17,43067403,na,na,Benign,0
BRCA1,17,43068206,na,na,Benign,0
BRCA1,17,43068271,na,na,Benign,0
BRCA1,17,43068303,na,na,Benign,0
BRCA1,17,43068755,na,na,Benign,0
BRCA1,17,43069161,na,na,Benign,0
BRCA1,17,43069579,na,na,Benign,0
BRCA1,17,43070082,na,na,Benign,0
BRCA1,17,43070444,na,na,Benign,0
BRCA1,17,43070445,na,na,Benign,0
BRCA1,17,43070706,na,na,Benign,0
BRCA1,17,43072249,na,na,Benign,0
BRCA1,17,43072263,na,na,Benign,0
BRCA1,17,43072816,na,na,Benign,0
BRCA1,17,43073428,na,na,Benign,0
BRCA1,17,43073750,na,na,Benign,0
BRCA1,17,43073762,na,na,Benign,0
BRCA1,17,43073764,na,na,Benign,0
BRCA1,17,43073766,na,na,Benign,0
BRCA1,17,43073768,na,na,Benign,0
BRCA1,17,43073822,na,na,Benign,0
BRCA1,17,43074016,na,na,Benign,0
BRCA1,17,43074226,na,na,Benign,0
BRCA1,17,43074584,na,na,Benign,0
BRCA1,17,43074658,na,na,Benign,0
BRCA1,17,43074861,na,na,Benign,0
BRCA1,17,43075589,na,na,Benign,0
BRCA1,17,43076025,na,na,Benign,0
BRCA1,17,43076103,na,na,Benign,0
BRCA1,17,43077369,na,na,Benign,0
BRCA1,17,43077795,na,na,Benign,0
BRCA1,17,43077840,na,na,Benign,0
BRCA1,17,43077891,na,na,Benign,0
BRCA1,17,43078027,na,na,Benign,0
BRCA1,17,43078211,na,na,Benign,0
BRCA1,17,43078319,na,na,Benign,0
BRCA1,17,43078359,na,na,Benign,0
BRCA1,17,43078507,na,na,Benign,0
BRCA1,17,43078520,na,na,Benign,0
BRCA1,17,43078938,na,na,Benign,0
BRCA1,17,43078965,na,na,Benign,0
BRCA1,17,43078973,na,na,Benign,0
BRCA1,17,43079069,na,na,Benign,0
BRCA1,17,43079204,na,na,Benign,0
BRCA1,17,43079499,na,na,Benign,0
BRCA1,17,43079681,na,na,Benign,0
BRCA1,17,43079885,na,na,Benign,0
BRCA1,17,43080276,na,na,Benign,0
BRCA1,17,43080327,na,na,Benign,0
BRCA1,17,43080359,na,na,Benign,0
BRCA1,17,43080681,na,na,Benign,0
BRCA1,17,43080841,na,na,Benign,0
BRCA1,17,43081018,na,na,Benign,0
BRCA1,17,43081192,na,na,Benign,0
BRCA1,17,43081527,na,na,Benign,0
BRCA1,17,43081610,na,na,Benign,0
BRCA1,17,43082024,na,na,Benign,0
BRCA1,17,43083089,na,na,Benign,0
BRCA1,17,43083782,na,na,Benign,0
BRCA1,17,43083822,na,na,Benign,0
BRCA1,17,43084026,na,na,Benign,0
BRCA1,17,43084625,na,na,Benign,0
BRCA1,17,43085058,na,na,Benign,0
BRCA1,17,43085427,na,na,Benign,0
BRCA1,17,43085936,na,na,Benign,0
BRCA1,17,43085995,na,na,Benign,0
BRCA1,17,43086485,na,na,Benign,0
BRCA1,17,43086602,na,na,Benign,0
BRCA1,17,43087455,na,na,Benign,0
BRCA1,17,43087474,na,na,Benign,0
BRCA1,17,43087611,na,na,Benign,0
BRCA1,17,43088260,na,na,Benign,0
BRCA1,17,43088583,na,na,Benign,0
BRCA1,17,43088733,na,na,Benign,0
BRCA1,17,43088898,na,na,Benign,0
BRCA1,17,43089157,na,na,Benign,0
BRCA1,17,43089373,na,na,Benign,0
BRCA1,17,43089486,na,na,Benign,0
BRCA1,17,43090268,na,na,Benign,0
BRCA1,17,43090381,na,na,Benign,0
BRCA1,17,43090589,na,na,Benign,0
BRCA1,17,43090832,na,na,Benign,0
BRCA1,17,43095038,na,na,Benign,0
BRCA1,17,43095587,na,na,Benign,0
BRCA1,17,43095590,na,na,Benign,0
BRCA1,17,43096147,na,na,Benign,0
BRCA1,17,43096467,na,na,Benign,0
BRCA1,17,43097077,na,na,Benign,0
BRCA1,17,43097369,na,na,Benign,0
BRCA1,17,43097582,na,na,Benign,0
BRCA1,17,43098010,na,na,Benign,0
BRCA1,17,43098424,na,na,Benign,0
BRCA1,17,43098566,na,na,Benign,0
BRCA1,17,43098877,na,na,Benign,0
BRCA1,17,43098906,na,na,Benign,0
BRCA1,17,43099453,na,na,Benign,0
BRCA1,17,43099478,na,na,Benign,0
BRCA1,17,43099491,na,na,Benign,0
BRCA1,17,43100558,na,na,Benign,0
BRCA1,17,43100560,na,na,Benign,0
BRCA1,17,43100594,na,na,Benign,0
BRCA1,17,43100595,na,na,Benign,0
BRCA1,17,43100596,na,na,Benign,0
BRCA1,17,43100863,na,na,Benign,0
BRCA1,17,43101311,na,na,Benign,0
BRCA1,17,43101650,na,na,Benign,0
BRCA1,17,43102132,na,na,Benign,0
BRCA1,17,43102157,na,na,Benign,0
BRCA1,17,43102469,na,na,Benign,0
BRCA1,17,43102706,na,na,Benign,0
BRCA1,17,43102743,na,na,Benign,0
BRCA1,17,43102801,na,na,Benign,0
BRCA1,17,43103085,na,na,Benign,0
BRCA1,17,43103094,na,na,Benign,0
BRCA1,17,43103254,na,na,Benign,0
BRCA1,17,43103842,na,na,Benign,0
BRCA1,17,43104331,na,na,Benign,0
BRCA1,17,43105222,na,na,Benign,0
BRCA1,17,43105441,na,na,Benign,0
BRCA1,17,43105799,na,na,Benign,0
BRCA1,17,43106026,na,na,Benign,0
BRCA1,17,43106131,na,na,Benign,0
BRCA1,17,43106929,na,na,Benign,0
BRCA1,17,43107032,na,na,Benign,0
BRCA1,17,43107299,na,na,Benign,0
BRCA1,17,43107458,na,na,Benign,0
BRCA1,17,43107539,na,na,Benign,0
BRCA1,17,43107764,na,na,Benign,0
BRCA1,17,43108791,na,na,Benign,0
BRCA1,17,43108968,na,na,Benign,0
BRCA1,17,43108991,na,na,Benign,0
BRCA1,17,43109088,na,na,Benign,0
BRCA1,17,43109216,na,na,Benign,0
BRCA1,17,43109546,na,na,Benign,0
BRCA1,17,43110084,na,na,Benign,0
BRCA1,17,43110085,na,na,Benign,0
BRCA1,17,43110174,na,na,Benign,0
BRCA1,17,43110292,na,na,Benign,0
BRCA1,17,43110340,na,na,Benign,0
BRCA1,17,43110532,na,na,Benign,0
BRCA1,17,43110694,na,na,Benign,0
BRCA1,17,43111027,na,na,Benign,0
BRCA1,17,43111066,na,na,Benign,0
BRCA1,17,43111413,na,na,Benign,0
BRCA1,17,43111432,na,na,Benign,0
BRCA1,17,43111549,na,na,Benign,0
BRCA1,17,43111593,na,na,Benign,0
BRCA1,17,43111828,na,na,Benign,0
BRCA1,17,43112129,na,na,Benign,0
BRCA1,17,43112322,na,na,Benign,0
BRCA1,17,43112347,na,na,Benign,0
BRCA1,17,43113054,na,na,Benign,0
BRCA1,17,43113156,na,na,Benign,0
BRCA1,17,43113759,na,na,Benign,0
BRCA1,17,43113790,na,na,Benign,0
BRCA1,17,43113938,na,na,Benign,0
BRCA1,17,43114094,na,na,Benign,0
BRCA1,17,43114335,na,na,Benign,0
BRCA1,17,43114980,na,na,Benign,0
BRCA1,17,43115033,na,na,Benign,0
BRCA1,17,43115163,na,na,Benign,0
BRCA1,17,43115430,na,na,Benign,0
BRCA1,17,43115524,na,na,Benign,0
BRCA1,17,43115615,na,na,Benign,0
BRCA1,17,43115968,na,na,Benign,0
BRCA1,17,43116189,na,na,Benign,0
BRCA1,17,43116451,na,na,Benign,0
BRCA1,17,43116581,na,na,Benign,0
BRCA1,17,43116729,na,na,Benign,0
BRCA1,17,43116981,na,na,Benign,0
BRCA1,17,43117163,na,na,Benign,0
BRCA1,17,43117298,na,na,Benign,0
BRCA1,17,43118065,na,na,Benign,0
BRCA1,17,43118212,na,na,Benign,0
BRCA1,17,43118218,na,na,Benign,0
BRCA1,17,43118260,na,na,Benign,0
BRCA1,17,43118338,na,na,Benign,0
BRCA1,17,43118401,na,na,Benign,0
BRCA1,17,43118425,na,na,Benign,0
BRCA1,17,43118446,na,na,Benign,0
BRCA1,17,43118649,na,na,Benign,0
BRCA1,17,43119034,na,na,Benign,0
BRCA1,17,43119205,na,na,Benign,0
BRCA1,17,43120293,na,na,Benign,0
BRCA1,17,43120810,na,na,Benign,0
BRCA1,17,43120979,na,na,Benign,0
BRCA1,17,43121006,na,na,Benign,0
BRCA1,17,43121078,na,na,Benign,0
BRCA1,17,43121231,na,na,Benign,0
BRCA1,17,43121331,na,na,Benign,0
BRCA1,17,43121362,na,na,Benign,0
BRCA1,17,43121405,na,na,Benign,0
BRCA1,17,43121520,na,na,Benign,0
BRCA1,17,43122761,na,na,Benign,0
BRCA1,17,43122772,na,na,Benign,0
BRCA1,17,43122889,na,na,Benign,0
BRCA1,17,43123134,na,na,Benign,0
BRCA1,17,43123628,na,na,Benign,0
BRCA1,17,43123638,na,na,Benign,0
BRCA1,17,43123815,na,na,Benign,0
BRCA1,17,43124331,na,na,Benign,0
BRCA1,17,43124476,na,na,Benign,0
BRCA1,17,43124741,na,na,Benign,0
BRCA1,17,43124935,na,na,Benign,0
BRCA1,17,43125086,na,na,Benign,0
BRCA1,17,43125443,na,na,Benign,0
BRCA1,17,43125524,na,na,Benign,0
BRCA1,17,43125979,na,na,Benign,0
BRCA1,17,43126099,na,na,Benign,0
BRCA1,17,43126360,na,na,Benign,0
BRCA1,17,43126708,na,na,Benign,0
BRCA1,17,43126716,na,na,Benign,0
BRCA1,17,43126870,na,na,Benign,0
BRCA1,17,43126899,na,na,Benign,0
BRCA1,17,43127210,na,na,Benign,0
BRCA1,17,43127281,na,na,Benign,0
BRCA1,17,43127512,na,na,Benign,0
BRCA1,17,43127517,na,na,Benign,0
BRCA1,17,43127544,na,na,Benign,0
BRCA1,17,43127753,na,na,Benign,0
BRCA1,17,43127820,na,na,Benign,0
BRCA1,17,43127865,na,na,Benign,0
CHRND,2,232534349,na,na,Benign,0
KLF8,X,56265420,na,na,Benign,0
COQ8A,1,226965746,na,na,Benign,0
NDUFA12,12,95003615,na,na,Likely benign,0
POLG2,17,64482952,na,na,Benign,0
ATM,11,108227843,na,na,Pathogenic,1
ATM,11,108244873,na,na,Pathogenic,1
ATM,11,108259022,na,na,Pathogenic,1
ATM,11,108289111,na,na,Likely benign,0
ATM,11,108292610,na,na,Likely benign,0
ATM,11,108329171,na,na,Pathogenic,1
BRCA2,13,32316461,na,na,Pathogenic,1
BRCA2,13,32319231,na,na,Likely benign,0
BRCA2,13,32326166,na,na,Likely benign,0
BRCA2,13,32330984,na,na,Likely benign,0
BRCA2,13,32332387,na,na,Likely benign,0
BRCA2,13,32332654,na,na,Likely benign,0
BRCA2,13,32337568,na,na,Likely benign,0
BRCA2,13,32337967,na,na,Likely benign,0
BRCA2,13,32338579,na,na,Likely benign,0
BRCA2,13,32338840,na,na,Likely benign,0
BRCA2,13,32339383,na,na,Likely benign,0
BRCA2,13,32340124,na,na,Likely benign,0
BRCA2,13,32340377,na,na,Pathogenic,1
BRCA2,13,32340982,na,na,Likely benign,0
BRCA2,13,32355092,na,na,Likely benign,0
BRCA2,13,32355251,na,na,Likely benign,0
BRCA2,13,32357946,na,na,Likely benign,0
BRCA2,13,32362589,na,na,Pathogenic,1
BRCA2,13,32362688,na,na,Likely benign,0
BRCA2,13,32363197,na,na,Likely benign,0
BRCA2,13,32363345,na,na,Pathogenic,1
BRCA2,13,32363353,na,na,Likely benign,0
BRCA2,13,32363440,na,na,Likely benign,0
BRCA2,13,32370490,na,na,Pathogenic,1
BRCA2,13,32370976,na,na,Likely benign,0
BRCA2,13,32370985,na,na,Likely benign,0
BRCA2,13,32376803,na,na,Likely benign,0
BRCA2,13,32379305,na,na,Likely benign,0
BRCA2,13,32379334,na,na,Likely benign,0
BRCA2,13,32394734,na,na,Likely pathogenic,1
BRCA2,13,32398431,na,na,Likely benign,0
BRCA2,13,32398464,na,na,Likely benign,0
PALB2,16,23621487,na,na,Likely benign,0
CDH1,16,68811717,na,na,Likely benign,0
CDH1,16,68815759,na,na,Benign,0
BRCA1,17,43071012,na,na,Likely benign,0
BRCA1,17,43076498,na,na,Pathogenic,1
BRCA1,17,43092108,na,na,Likely benign,0
BRCA1,17,43094514,na,na,Likely benign,0
BRCA1,17,43097236,na,na,Likely benign,0
BRCA1,17,43104926,na,na,Likely benign,0
BRCA1,17,43106544,na,na,Likely benign,0
BRCA1,17,43106549,na,na,Likely benign,0
BRCA1,17,43115711,na,na,Likely benign,0
RAD51C,17,58703339,na,na,Likely benign,0
BRIP1,17,61684007,na,na,Likely benign,0
BRIP1,17,61780876,na,na,Likely benign,0
BRIP1,17,61784433,na,na,Likely benign,0
BRIP1,17,61793687,na,na,Pathogenic,1
TP53,17,7674947,na,na,Pathogenic,1
CHEK2,22,28719385,na,na,Likely benign,0
MUC4,3,195783070,na,na,Benign,0
MTFMT,15,65020276,na,na,Likely benign,0
MYO1C,17,1477602,na,na,Benign,0
BARD1,2,214730514,na,na,Likely benign,0
BARD1,2,214745166,na,na,Likely benign,0
MSH6,2,47799674,na,na,Pathogenic,1
RAD50,5,132640713,na,na,Likely benign,0
ATM,11,108227889,na,na,Likely pathogenic,1
ATM,11,108250834,na,na,Pathogenic,1
ATM,11,108251073,na,na,Pathogenic,1
ATM,11,108282703,na,na,Likely benign,0
ATM,11,108282796,na,na,Pathogenic,1
ATM,11,108292770,na,na,Pathogenic,1
ATM,11,108319952,na,na,Likely pathogenic,1
MRE11,11,94435822,na,na,Benign,0
BRCA2,13,32316490,na,na,Likely benign,0
BRCA2,13,32326084,na,na,Likely benign,0
BRCA2,13,32329440,na,na,Likely pathogenic,1
BRCA2,13,32329444,na,na,Likely benign,0
BRCA2,13,32330904,na,na,Likely benign,0
BRCA2,13,32332447,na,na,Likely benign,0
BRCA2,13,32332465,na,na,Benign,0
BRCA2,13,32332861,na,na,Likely benign,0
BRCA2,13,32336971,na,na,Likely benign,0
BRCA2,13,32337546,na,na,Pathogenic,1
BRCA2,13,32337682,na,na,Likely benign,0
BRCA2,13,32338048,na,na,Likely benign,0
BRCA2,13,32338693,na,na,Likely benign,0
BRCA2,13,32339293,na,na,Likely benign,0
BRCA2,13,32339371,na,na,Pathogenic,1
BRCA2,13,32339569,na,na,Likely benign,0
BRCA2,13,32340409,na,na,Likely benign,0
BRCA2,13,32340592,na,na,Likely benign,0
BRCA2,13,32340609,na,na,Pathogenic,1
BRCA2,13,32340619,na,na,Likely benign,0
BRCA2,13,32341105,na,na,Likely benign,0
BRCA2,13,32341165,na,na,Likely benign,0
BRCA2,13,32357732,na,na,Likely pathogenic,1
BRCA2,13,32357938,na,na,Likely benign,0
BRCA2,13,32370398,na,na,Likely benign,0
BRCA2,13,32376755,na,na,Likely benign,0
BRCA2,13,32376795,na,na,Pathogenic,1
BRCA2,13,32379466,na,na,Likely benign,0
BRCA2,13,32379783,na,na,Pathogenic,1
BRCA2,13,32379823,na,na,Pathogenic,1
BRCA2,13,32394801,na,na,Likely benign,0
BRCA2,13,32396903,na,na,Likely benign,0
BRCA2,13,32398144,na,na,Likely benign,0
PALB2,16,23624007,na,na,Pathogenic,1
PALB2,16,23630360,na,na,Likely benign,0
PALB2,16,23635785,na,na,Pathogenic,1
CDH1,16,68737345,na,na,Benign,0
CDH1,16,68801792,na,na,Benign,0
CDH1,16,68808535,na,na,Likely benign,0
CDH1,16,68819274,na,na,Likely benign,0
BRCA1,17,43051085,na,na,Likely benign,0
BRCA1,17,43070943,na,na,Likely benign,0
BRCA1,17,43090947,na,na,Likely benign,0
BRCA1,17,43091484,na,na,Likely benign,0
BRCA1,17,43091958,na,na,Likely benign,0
BRCA1,17,43092063,na,na,Likely benign,0
BRCA1,17,43092927,na,na,Likely benign,0
BRCA1,17,43093035,na,na,Likely benign,0
BRCA1,17,43093533,na,na,Likely benign,0
BRCA1,17,43093658,na,na,Likely benign,0
BRCA1,17,43094237,na,na,Likely benign,0
BRCA1,17,43094580,na,na,Likely benign,0
BRCA1,17,43095940,na,na,Likely benign,0
BRCA1,17,43104849,na,na,Likely benign,0
BRCA1,17,43106439,na,na,Likely benign,0
BRCA1,17,43115797,na,na,Likely benign,0
BRCA1,17,43124000,na,na,Likely benign,0
BRIP1,17,61744601,na,na,Likely benign,0
TP53,17,7674326,na,na,Benign,0
CHEK2,22,28699947,na,na,Likely benign,0
CHEK2,22,28711907,na,na,Likely pathogenic,1
CHEK2,22,28725368,na,na,Likely pathogenic,1
KRTAP10-3;TSPEAR,21,44558709,na,na,Benign,0
ATM,11,108253839,na,na,Likely pathogenic,1
PALB2,16,23635504,na,na,Pathogenic,1
ATM,11,108284606,na,na,Likely benign,0
BRCA2,13,32362990,na,na,Likely benign,0
CDH1,16,68828470,na,na,Benign,0
CDH1,16,68822976,na,na,Benign,0
CDH1,16,68812349,na,na,Benign,0
GEN1,2,17759914,na,na,Likely benign,0
MRE11,11,94460843,na,na,Likely benign,0
BRCA2,13,32319180,na,na,Likely benign,0
BRCA2,13,32336491,na,na,Likely benign,0
BRCA2,13,32339561,na,na,Pathogenic,1
BRCA2,13,32356501,na,na,Likely benign,0
BRCA2,13,32356537,na,na,Likely benign,0
BRCA2,13,32394750,na,na,Pathogenic,1
BRCA1,17,43071111,na,na,Likely benign,0
BRCA1,17,43090970,na,na,Likely benign,0
BRCA1,17,43092961,na,na,Pathogenic,1
BRCA1,17,43094694,na,na,Likely benign,0
BRCA1,17,43094787,na,na,Likely benign,0
BRCA1,17,43104958,na,na,Pathogenic,1
BRIP1,17,61686167,na,na,Likely pathogenic,1
OGDHL,10,49750849,na,na,Likely benign,0
RMND1,6,151427481,na,na,Pathogenic,1
BRCA2,13,32325092,na,na,Likely benign,0
BRCA2,13,32326644,na,na,Likely benign,0
BRCA2,13,32326656,na,na,Likely benign,0
BRCA2,13,32340331,na,na,Likely benign,0
BRCA2,13,32354831,na,na,Likely benign,0
BRCA2,13,32357954,na,na,Likely benign,0
BRCA2,13,32362716,na,na,Benign,0
BRCA2,13,32362728,na,na,Likely benign,0
BRCA2,13,32398677,na,na,Likely benign,0
BRCA1,17,43057127,na,na,Likely pathogenic,1
BRCA1,17,43076659,na,na,Likely benign,0
BRCA1,17,43091757,na,na,Likely benign,0
BRCA1,17,43093548,na,na,Likely benign,0
BRCA1,17,43115793,na,na,Likely benign,0
PALB2,16,23630063,na,na,Likely benign,0
PALB2,16,23603525,na,na,Likely benign,0
COL3A1,2,189010695,na,na,Benign,0
MYLK,3,123725938,na,na,Benign,0
SFTPA2,10,79558875,na,na,Benign,0
MUC5B,11,1231418,na,na,Benign,0
OTOGL,12,80305695,na,na,Benign,0
OTOGL,12,80377120,na,na,Benign,0
BRCA2,13,32333310,na,na,Pathogenic,1
BRCA2,13,32337542,na,na,Pathogenic,1
LTBP4,19,40611980,na,na,Benign,0
MSH6,2,47800889,na,na,Likely pathogenic,1
FANCC,9,95107174,na,na,Likely benign,0
BRCA2,13,32339006,na,na,Pathogenic,1
BRCA2,13,32339489,na,na,Pathogenic,1
BRCA2,13,32344592,na,na,Likely benign,0
BRCA2,13,32394813,na,na,Pathogenic,1
CDH1,16,68801843,na,na,Pathogenic,1
CDH1,16,68808504,na,na,Pathogenic,1
CDH1,16,68812183,na,na,Likely pathogenic,1
CDH1,16,68815687,na,na,Likely benign,0
CDH1,16,68819393,na,na,Pathogenic,1
BARD1,2,214745066,na,na,Likely pathogenic,1
BARD1,2,214745721,na,na,Likely pathogenic,1
BARD1,2,214745786,na,na,Likely benign,0
BARD1,2,214745795,na,na,Likely benign,0
BARD1,2,214752485,na,na,Pathogenic,1
BARD1,2,214780773,na,na,Likely benign,0
BARD1,2,214781165,na,na,Pathogenic,1
BARD1,2,214792384,na,na,Pathogenic,1
RAD50,5,132557426,na,na,Likely benign,0
ATM,11,108227691,na,na,Pathogenic,1
ATM,11,108235669,na,na,Pathogenic,1
ATM,11,108235835,na,na,Likely pathogenic,1
ATM,11,108245000,na,na,Likely pathogenic,1
ATM,11,108248932,na,na,Likely pathogenic,1
ATM,11,108250861,na,na,Pathogenic,1
ATM,11,108252813,na,na,Likely benign,0
ATM,11,108253846,na,na,Pathogenic,1
ATM,11,108267201,na,na,Pathogenic,1
ATM,11,108272531,na,na,Pathogenic,1
ATM,11,108272718,na,na,Likely benign,0
ATM,11,108281103,na,na,Pathogenic,1
ATM,11,108289104,na,na,Likely pathogenic,1
ATM,11,108293475,na,na,Pathogenic,1
ATM,11,108301790,na,na,Likely pathogenic,1
ATM,11,108310158,na,na,Pathogenic,1
ATM,11,108312409,na,na,Likely pathogenic,1
ATM,11,108315898,na,na,Pathogenic,1
ATM,11,108320003,na,na,Pathogenic,1
ATM,11,108335962,na,na,Likely pathogenic,1
ATM,11,108343240,na,na,Pathogenic,1
MRE11,11,94459495,na,na,Likely benign,0
MRE11,11,94479763,na,na,Likely pathogenic,1
BRCA2,13,32319111,na,na,Likely benign,0
BRCA2,13,32319174,na,na,Likely benign,0
BRCA2,13,32319180,na,na,Pathogenic,1
BRCA2,13,32325158,na,na,Likely benign,0
BRCA2,13,32326111,na,na,Likely benign,0
BRCA2,13,32326570,na,na,Likely benign,0
BRCA2,13,32330958,na,na,Pathogenic,1
BRCA2,13,32332366,na,na,Pathogenic,1
BRCA2,13,32332570,na,na,Likely benign,0
BRCA2,13,32332573,na,na,Likely benign,0
BRCA2,13,32332660,na,na,Likely benign,0
BRCA2,13,32332714,na,na,Likely benign,0
BRCA2,13,32332780,na,na,Likely benign,0
BRCA2,13,32332894,na,na,Likely benign,0
BRCA2,13,32333227,na,na,Likely benign,0
BRCA2,13,32333234,na,na,Pathogenic,1
BRCA2,13,32333254,na,na,Likely benign,0
BRCA2,13,32333284,na,na,Likely benign,0
BRCA2,13,32333329,na,na,Likely benign,0
BRCA2,13,32333329,na,na,Likely benign,0
BRCA2,13,32333389,na,na,Likely pathogenic,1
BRCA2,13,32336272,na,na,Likely benign,0
BRCA2,13,32336350,na,na,Likely benign,0
BRCA2,13,32336377,na,na,Likely benign,0
BRCA2,13,32336401,na,na,Likely benign,0
BRCA2,13,32336437,na,na,Likely benign,0
BRCA2,13,32336506,na,na,Pathogenic,1
BRCA2,13,32336515,na,na,Likely benign,0
BRCA2,13,32336536,na,na,Likely benign,0
BRCA2,13,32336586,na,na,Pathogenic,1
BRCA2,13,32336770,na,na,Likely benign,0
BRCA2,13,32336953,na,na,Likely benign,0
BRCA2,13,32336996,na,na,Pathogenic,1
BRCA2,13,32337006,na,na,Pathogenic,1
BRCA2,13,32337016,na,na,Likely benign,0
BRCA2,13,32337127,na,na,Likely benign,0
BRCA2,13,32337178,na,na,Likely benign,0
BRCA2,13,32337217,na,na,Likely benign,0
BRCA2,13,32337284,na,na,Likely benign,0
BRCA2,13,32337304,na,na,Likely benign,0
BRCA2,13,32337475,na,na,Likely benign,0
BRCA2,13,32337565,na,na,Likely benign,0
BRCA2,13,32337574,na,na,Likely benign,0
BRCA2,13,32337604,na,na,Likely benign,0
BRCA2,13,32337706,na,na,Likely benign,0
BRCA2,13,32337739,na,na,Likely benign,0
BRCA2,13,32337760,na,na,Pathogenic,1
BRCA2,13,32337810,na,na,Pathogenic,1
BRCA2,13,32337871,na,na,Likely benign,0
BRCA2,13,32337880,na,na,Likely benign,0
BRCA2,13,32337910,na,na,Likely benign,0
BRCA2,13,32338012,na,na,Likely benign,0
BRCA2,13,32338021,na,na,Likely benign,0
BRCA2,13,32338036,na,na,Likely benign,0
BRCA2,13,32338069,na,na,Likely benign,0
BRCA2,13,32338144,na,na,Likely benign,0
BRCA2,13,32338240,na,na,Likely benign,0
BRCA2,13,32338291,na,na,Likely benign,0
BRCA2,13,32338339,na,na,Likely benign,0
BRCA2,13,32338358,na,na,Pathogenic,1
BRCA2,13,32338492,na,na,Likely benign,0
BRCA2,13,32338597,na,na,Likely benign,0
BRCA2,13,32338678,na,na,Likely benign,0
BRCA2,13,32338714,na,na,Likely benign,0
BRCA2,13,32338798,na,na,Likely benign,0
BRCA2,13,32338840,na,na,Likely benign,0
BRCA2,13,32338867,na,na,Likely benign,0
BRCA2,13,32338879,na,na,Likely benign,0
BRCA2,13,32338919,na,na,Likely benign,0
BRCA2,13,32339038,na,na,Likely benign,0
BRCA2,13,32339200,na,na,Likely benign,0
BRCA2,13,32339203,na,na,Likely benign,0
BRCA2,13,32339284,na,na,Likely benign,0
BRCA2,13,32339296,na,na,Likely benign,0
BRCA2,13,32339599,na,na,Likely benign,0
BRCA2,13,32339638,na,na,Likely benign,0
BRCA2,13,32339884,na,na,Benign,0
BRCA2,13,32340054,na,na,Pathogenic,1
BRCA2,13,32340079,na,na,Likely benign,0
BRCA2,13,32340100,na,na,Likely benign,0
BRCA2,13,32340265,na,na,Likely benign,0
BRCA2,13,32340268,na,na,Likely benign,0
BRCA2,13,32340328,na,na,Likely benign,0
BRCA2,13,32340334,na,na,Likely benign,0
BRCA2,13,32340343,na,na,Likely benign,0
BRCA2,13,32340385,na,na,Likely benign,0
BRCA2,13,32340475,na,na,Likely benign,0
BRCA2,13,32340511,na,na,Likely benign,0
BRCA2,13,32340556,na,na,Likely benign,0
BRCA2,13,32340682,na,na,Likely benign,0
BRCA2,13,32340706,na,na,Pathogenic,1
BRCA2,13,32340796,na,na,Likely benign,0
BRCA2,13,32341084,na,na,Likely benign,0
BRCA2,13,32341136,na,na,Pathogenic,1
BRCA2,13,32341156,na,na,Likely benign,0
BRCA2,13,32344584,na,na,Likely benign,0
BRCA2,13,32344634,na,na,Likely benign,0
BRCA2,13,32354879,na,na,Likely benign,0
BRCA2,13,32354924,na,na,Likely benign,0
BRCA2,13,32355104,na,na,Likely benign,0
BRCA2,13,32355219,na,na,Pathogenic,1
BRCA2,13,32355266,na,na,Likely benign,0
BRCA2,13,32356498,na,na,Likely benign,0
BRCA2,13,32356508,na,na,Pathogenic,1
BRCA2,13,32357756,na,na,Likely benign,0
BRCA2,13,32362543,na,na,Likely pathogenic,1
BRCA2,13,32362597,na,na,Likely pathogenic,1
BRCA2,13,32363257,na,na,Likely benign,0
BRCA2,13,32363488,na,na,Likely benign,0
BRCA2,13,32370422,na,na,Likely benign,0
BRCA2,13,32370494,na,na,Likely benign,0
BRCA2,13,32370527,na,na,Likely benign,0
BRCA2,13,32370982,na,na,Likely benign,0
BRCA2,13,32371033,na,na,Likely benign,0
BRCA2,13,32379514,na,na,Likely benign,0
BRCA2,13,32379760,na,na,Likely benign,0
BRCA2,13,32379886,na,na,Likely benign,0
BRCA2,13,32379895,na,na,Likely benign,0
BRCA2,13,32380024,na,na,Likely benign,0
BRCA2,13,32380084,na,na,Likely benign,0
BRCA2,13,32380096,na,na,Likely benign,0
BRCA2,13,32380117,na,na,Likely benign,0
BRCA2,13,32394753,na,na,Likely benign,0
BRCA2,13,32394765,na,na,Likely benign,0
BRCA2,13,32394788,na,na,Pathogenic,1
BRCA2,13,32396954,na,na,Likely benign,0
BRCA2,13,32396960,na,na,Likely benign,0
BRCA2,13,32397035,na,na,Likely benign,0
BRCA2,13,32398296,na,na,Likely benign,0
BRCA2,13,32398542,na,na,Likely benign,0
BRCA2,13,32398566,na,na,Likely benign,0
BRCA2,13,32398689,na,na,Likely benign,0
PALB2,16,23603662,na,na,Pathogenic,1
PALB2,16,23607864,na,na,Pathogenic,1
PALB2,16,23614040,na,na,Pathogenic,1
PALB2,16,23614091,na,na,Pathogenic,1
PALB2,16,23622997,na,na,Pathogenic,1
PALB2,16,23626310,na,na,Pathogenic,1
PALB2,16,23626354,na,na,Pathogenic,1
PALB2,16,23630046,na,na,Pathogenic,1
PALB2,16,23630235,na,na,Pathogenic,1
PALB2,16,23635154,na,na,Likely benign,0
PALB2,16,23635168,na,na,Pathogenic,1
PALB2,16,23635295,na,na,Likely benign,0
PALB2,16,23636005,na,na,Pathogenic,1
PALB2,16,23636087,na,na,Likely benign,0
PALB2,16,23636199,na,na,Pathogenic,1
PALB2,16,23637926,na,na,Likely benign,0
PALB2,16,23637946,na,na,Pathogenic,1
CDH1,16,68738361,na,na,Likely benign,0
CDH1,16,68738373,na,na,Likely benign,0
CDH1,16,68738409,na,na,Likely benign,0
CDH1,16,68801803,na,na,Likely benign,0
CDH1,16,68811859,na,na,Pathogenic,1
CDH1,16,68812264,na,na,Pathogenic,1
CDH1,16,68828302,na,na,Pathogenic,1
CDH1,16,68829652,na,na,Likely pathogenic,1
RAD51D,17,35103458,na,na,Likely benign,0
RAD51D,17,35103512,na,na,Likely benign,0
RAD51D,17,35118601,na,na,Likely benign,0
BRCA1,17,43045696,na,na,Likely benign,0
BRCA1,17,43045702,na,na,Likely benign,0
BRCA1,17,43047671,na,na,Likely benign,0
BRCA1,17,43049190,na,na,Likely benign,0
BRCA1,17,43057055,na,na,Likely benign,0
BRCA1,17,43057084,na,na,Likely benign,0
BRCA1,17,43057129,na,na,Likely pathogenic,1
BRCA1,17,43063333,na,na,Likely benign,0
BRCA1,17,43063891,na,na,Pathogenic,1
BRCA1,17,43063918,na,na,Likely pathogenic,1
BRCA1,17,43067657,na,na,Likely benign,0
BRCA1,17,43070991,na,na,Likely benign,0
BRCA1,17,43071132,na,na,Likely benign,0
BRCA1,17,43071150,na,na,Likely benign,0
BRCA1,17,43071231,na,na,Likely benign,0
BRCA1,17,43074356,na,na,Likely benign,0
BRCA1,17,43074449,na,na,Likely benign,0
BRCA1,17,43076540,na,na,Pathogenic,1
BRCA1,17,43082564,na,na,Likely benign,0
BRCA1,17,43090944,na,na,Likely pathogenic,1
BRCA1,17,43090950,na,na,Likely benign,0
BRCA1,17,43090967,na,na,Pathogenic,1
BRCA1,17,43091541,na,na,Likely benign,0
BRCA1,17,43091552,na,na,Pathogenic,1
BRCA1,17,43091697,na,na,Likely benign,0
BRCA1,17,43091705,na,na,Likely benign,0
BRCA1,17,43091781,na,na,Likely benign,0
BRCA1,17,43091811,na,na,Likely benign,0
BRCA1,17,43091895,na,na,Likely benign,0
BRCA1,17,43091919,na,na,Likely benign,0
BRCA1,17,43091943,na,na,Likely benign,0
BRCA1,17,43092069,na,na,Likely benign,0
BRCA1,17,43092219,na,na,Likely benign,0
BRCA1,17,43092225,na,na,Likely benign,0
BRCA1,17,43092288,na,na,Likely benign,0
BRCA1,17,43092297,na,na,Likely benign,0
BRCA1,17,43092360,na,na,Likely benign,0
BRCA1,17,43092501,na,na,Likely benign,0
BRCA1,17,43092621,na,na,Likely benign,0
BRCA1,17,43092642,na,na,Likely benign,0
BRCA1,17,43092720,na,na,Likely benign,0
BRCA1,17,43092733,na,na,Benign,0
BRCA1,17,43092738,na,na,Likely benign,0
BRCA1,17,43092741,na,na,Likely benign,0
BRCA1,17,43092774,na,na,Likely benign,0
BRCA1,17,43092786,na,na,Likely benign,0
BRCA1,17,43092792,na,na,Likely benign,0
BRCA1,17,43092812,na,na,Pathogenic,1
BRCA1,17,43092851,na,na,Pathogenic,1
BRCA1,17,43092852,na,na,Likely benign,0
BRCA1,17,43092906,na,na,Likely benign,0
BRCA1,17,43092906,na,na,Likely benign,0
BRCA1,17,43092930,na,na,Likely benign,0
BRCA1,17,43092951,na,na,Likely benign,0
BRCA1,17,43092996,na,na,Likely benign,0
BRCA1,17,43093215,na,na,Likely benign,0
BRCA1,17,43093257,na,na,Likely benign,0
BRCA1,17,43093430,na,na,Pathogenic,1
BRCA1,17,43093509,na,na,Likely benign,0
BRCA1,17,43093587,na,na,Likely benign,0
BRCA1,17,43093737,na,na,Likely benign,0
BRCA1,17,43093755,na,na,Likely benign,0
BRCA1,17,43093782,na,na,Likely benign,0
BRCA1,17,43093821,na,na,Likely benign,0
BRCA1,17,43093824,na,na,Likely benign,0
BRCA1,17,43093899,na,na,Likely benign,0
BRCA1,17,43094097,na,na,Likely benign,0
BRCA1,17,43094145,na,na,Likely benign,0
BRCA1,17,43094212,na,na,Pathogenic,1
BRCA1,17,43094372,na,na,Benign,0
BRCA1,17,43094376,na,na,Pathogenic,1
BRCA1,17,43094418,na,na,Likely benign,0
BRCA1,17,43094433,na,na,Likely benign,0
BRCA1,17,43094459,na,na,Likely benign,0
BRCA1,17,43094517,na,na,Likely benign,0
BRCA1,17,43099803,na,na,Likely benign,0
BRCA1,17,43104254,na,na,Likely benign,0
BRCA1,17,43104266,na,na,Likely benign,0
BRCA1,17,43104947,na,na,Likely benign,0
BRCA1,17,43104950,na,na,Likely benign,0
BRCA1,17,43115738,na,na,Likely pathogenic,1
BRCA1,17,43124023,na,na,Likely pathogenic,1
BRCA1,17,43124061,na,na,Likely benign,0
BRIP1,17,61685835,na,na,Likely pathogenic,1
BRIP1,17,61744451,na,na,Likely benign,0
BRIP1,17,61776445,na,na,Pathogenic,1
BRIP1,17,61780854,na,na,Likely pathogenic,1
BRIP1,17,61793596,na,na,Likely pathogenic,1
BRIP1,17,61801385,na,na,Likely benign,0
BRIP1,17,61808467,na,na,Likely benign,0
BRIP1,17,61849129,na,na,Likely pathogenic,1
BRIP1,17,61849194,na,na,Likely benign,0
TP53,17,7676040,na,na,Pathogenic,1
CHEK2,22,28694034,na,na,Pathogenic,1
CHEK2,22,28694118,na,na,Likely pathogenic,1
CHEK2,22,28695187,na,na,Pathogenic,1
CHEK2,22,28695769,na,na,Likely benign,0
CHEK2,22,28695835,na,na,Likely benign,0
CHEK2,22,28695871,na,na,Likely benign,0
CHEK2,22,28696900,na,na,Likely pathogenic,1
CHEK2,22,28711904,na,na,Likely pathogenic,1
CHEK2,22,28734418,na,na,Pathogenic,1
CHEK2,22,28734614,na,na,Likely benign,0
TCF4,18,55232676,na,na,Benign,0
BRCA2,13,32330917,na,na,Pathogenic,1
BRCA1,17,43074430,na,na,Pathogenic,1
BRCA1,17,43094381,na,na,Pathogenic,1
BRCA1,17,43104120,na,na,Pathogenic,1
BARD1,2,214745080,na,na,Likely benign,0
BARD1,2,214769316,na,na,Likely benign,0
MLH1,3,37012002,na,na,Likely benign,0
MLH1,3,37012004,na,na,Likely benign,0
ACVR2B,3,38478523,na,na,Benign,0
ATM,11,108229331,na,na,Likely benign,0
ATM,11,108250705,na,na,Pathogenic,1
ATM,11,108282704,na,na,Likely benign,0
ATM,11,108284479,na,na,Likely benign,0
ATM,11,108289761,na,na,Pathogenic,1
ATM,11,108304666,na,na,Likely benign,0
ATM,11,108315919,na,na,Likely benign,0
ATM,11,108330205,na,na,Likely benign,0
ATM,11,108331491,na,na,Pathogenic,1
POLE,12,132626141,na,na,Likely benign,0
BRCA2,13,32316517,na,na,Likely benign,0
BRCA2,13,32326267,na,na,Likely benign,0
BRCA2,13,32332255,na,na,Likely benign,0
BRCA2,13,32332667,na,na,Pathogenic,1
BRCA2,13,32333278,na,na,Likely benign,0
BRCA2,13,32336450,na,na,Pathogenic,1
BRCA2,13,32336594,na,na,Pathogenic,1
BRCA2,13,32336764,na,na,Likely benign,0
BRCA2,13,32336881,na,na,Likely benign,0
BRCA2,13,32337688,na,na,Likely benign,0
BRCA2,13,32338024,na,na,Likely benign,0
BRCA2,13,32338090,na,na,Likely benign,0
BRCA2,13,32338282,na,na,Likely benign,0
BRCA2,13,32338561,na,na,Likely benign,0
BRCA2,13,32339062,na,na,Pathogenic,1
BRCA2,13,32339068,na,na,Likely benign,0
BRCA2,13,32339644,na,na,Likely benign,0
BRCA2,13,32339800,na,na,Likely benign,0
BRCA2,13,32340592,na,na,Likely benign,0
BRCA2,13,32340783,na,na,Pathogenic,1
BRCA2,13,32355284,na,na,Likely benign,0
BRCA2,13,32355295,na,na,Likely benign,0
BRCA2,13,32355306,na,na,Likely benign,0
BRCA2,13,32356408,na,na,Likely benign,0
BRCA2,13,32357723,na,na,Likely benign,0
BRCA2,13,32357813,na,na,Likely benign,0
BRCA2,13,32362589,na,na,Likely benign,0
BRCA2,13,32363470,na,na,Likely benign,0
BRCA2,13,32370571,na,na,Likely benign,0
BRCA2,13,32376779,na,na,Likely benign,0
BRCA2,13,32379484,na,na,Likely benign,0
BRCA2,13,32379996,na,na,Likely benign,0
BRCA2,13,32394733,na,na,Likely benign,0
DICER1,14,95117750,na,na,Benign,0
PALB2,16,23626390,na,na,Pathogenic,1
PALB2,16,23629645,na,na,Pathogenic,1
PALB2,16,23635172,na,na,Likely benign,0
PALB2,16,23635177,na,na,Pathogenic,1
PALB2,16,23641151,na,na,Pathogenic,1
CDH1,16,68737418,na,na,Pathogenic,1
CDH1,16,68738398,na,na,Likely benign,0
CDH1,16,68801726,na,na,Pathogenic,1
CDH1,16,68801876,na,na,Likely benign,0
CDH1,16,68810342,na,na,Pathogenic,1
CDH1,16,68811675,na,na,Likely pathogenic,1
RAD51D,17,35103521,na,na,Likely benign,0
RAD51D,17,35107130,na,na,Likely benign,0
RAD51D,17,35118499,na,na,Likely pathogenic,1
BRCA1,17,43045387,na,na,Likely benign,0
BRCA1,17,43045747,na,na,Likely benign,0
BRCA1,17,43057087,na,na,Likely pathogenic,1
BRCA1,17,43063884,na,na,Likely benign,0
BRCA1,17,43063917,na,na,Likely benign,0
BRCA1,17,43063938,na,na,Likely benign,0
BRCA1,17,43063960,na,na,Likely benign,0
BRCA1,17,43067658,na,na,Benign,0
BRCA1,17,43070955,na,na,Likely benign,0
BRCA1,17,43071054,na,na,Likely benign,0
BRCA1,17,43071177,na,na,Likely benign,0
BRCA1,17,43071189,na,na,Likely benign,0
BRCA1,17,43074341,na,na,Likely benign,0
BRCA1,17,43074503,na,na,Likely benign,0
BRCA1,17,43076602,na,na,Pathogenic,1
BRCA1,17,43082385,na,na,Likely benign,0
BRCA1,17,43091638,na,na,Pathogenic,1
BRCA1,17,43091846,na,na,Likely benign,0
BRCA1,17,43093530,na,na,Likely benign,0
BRCA1,17,43093827,na,na,Likely benign,0
BRCA1,17,43094793,na,na,Likely benign,0
BRCA1,17,43097228,na,na,Likely benign,0
BRCA1,17,43097299,na,na,Likely benign,0
BRCA1,17,43104233,na,na,Likely benign,0
BRCA1,17,43106470,na,na,Likely benign,0
RAD51C,17,58732480,na,na,Likely benign,0
BRIP1,17,61715964,na,na,Pathogenic,1
BRIP1,17,61744551,na,na,Pathogenic,1
CHEK2,22,28696924,na,na,Pathogenic,1
CHEK2,22,28703567,na,na,Likely pathogenic,1
CHEK2,22,28719394,na,na,Likely pathogenic,1
CHEK2,22,28734514,na,na,Pathogenic,1
ALG13,X,111682233,na,na,Benign,0
BARD1,2,214745160,na,na,Likely pathogenic,1
ATM,11,108250928,na,na,Pathogenic,1
ATM,11,108287716,na,na,Likely pathogenic,1
ATM,11,108304751,na,na,Pathogenic,1
ATM,11,108304801,na,na,Pathogenic,1
ATM,11,108326227,na,na,Likely pathogenic,1
ATM,11,108330355,na,na,Pathogenic,1
ATM,11,108335958,na,na,Pathogenic,1
BRCA2,13,32356610,na,na,Pathogenic,1
PALB2,16,23603528,na,na,Pathogenic,1
PALB2,16,23623105,na,na,Pathogenic,1
PALB2,16,23630088,na,na,Pathogenic,1
BRCA1,17,43070924,na,na,Likely pathogenic,1
BRCA1,17,43074522,na,na,Pathogenic,1
BRCA1,17,43076488,na,na,Pathogenic,1
BRCA1,17,43091856,na,na,Pathogenic,1
BRCA1,17,43092666,na,na,Likely benign,0
BRCA1,17,43124065,na,na,Likely pathogenic,1
RAD51C,17,58696860,na,na,Likely pathogenic,1
LPIN2,18,2923868,na,na,Likely benign,0
BRCA2,13,32326588,na,na,Likely benign,0
BRCA2,13,32332367,na,na,Pathogenic,1
BRCA2,13,32338238,na,na,Pathogenic,1
BRCA2,13,32355038,na,na,Likely benign,0
BRCA1,17,43063953,na,na,Pathogenic,1
BRCA2,13,32333066,na,na,Pathogenic,1
BRCA1,17,43092548,na,na,Pathogenic,1
BRCA1,17,43094852,na,na,Pathogenic,1
BRCA1,17,43124032,na,na,Pathogenic,1
BRCA2,13,32316437,na,na,Likely benign,0
BRCA2,13,32336961,na,na,Pathogenic,1
BRCA2,13,32338945,na,na,Pathogenic,1
BRCA2,13,32339648,na,na,Pathogenic,1
BRCA2,13,32331037,na,na,Likely benign,0
BRCA2,13,32363165,na,na,Likely benign,0
BRCA1,17,43124130,na,na,Likely benign,0
BRCA1,17,43104160,na,na,Pathogenic,1
BRCA1,17,43091050,na,na,Likely benign,0
BRCA1,17,43090936,na,na,Likely benign,0
BRCA1,17,43082593,na,na,Likely benign,0
BRCA1,17,43063919,na,na,Likely pathogenic,1
BRCA1,17,43049121,na,na,Likely benign,0
BRCA1,17,43124020,na,na,Pathogenic,1
BRCA2,13,32326505,na,na,Pathogenic,1
BRCA2,13,32326566,na,na,Pathogenic,1
BRCA2,13,32332404,na,na,Pathogenic,1
BRCA2,13,32332803,na,na,Pathogenic,1
BRCA2,13,32336903,na,na,Pathogenic,1
BRCA2,13,32337006,na,na,Pathogenic,1
BRCA2,13,32337260,na,na,Pathogenic,1
BRCA2,13,32337371,na,na,Pathogenic,1
BRCA2,13,32337401,na,na,Pathogenic,1
BRCA2,13,32338509,na,na,Pathogenic,1
BRCA2,13,32338820,na,na,Pathogenic,1
BRCA2,13,32339044,na,na,Pathogenic,1
BRCA2,13,32339259,na,na,Pathogenic,1
BRCA2,13,32339291,na,na,Pathogenic,1
BRCA2,13,32339327,na,na,Pathogenic,1
BRCA2,13,32339412,na,na,Pathogenic,1
BRCA2,13,32339426,na,na,Pathogenic,1
BRCA2,13,32339555,na,na,Pathogenic,1
BRCA2,13,32339636,na,na,Pathogenic,1
BRCA2,13,32339919,na,na,Pathogenic,1
BRCA2,13,32340134,na,na,Pathogenic,1
BRCA2,13,32340321,na,na,Pathogenic,1
BRCA2,13,32340333,na,na,Pathogenic,1
BRCA2,13,32346871,na,na,Pathogenic,1
BRCA2,13,32354916,na,na,Pathogenic,1
BRCA2,13,32362638,na,na,Pathogenic,1
BRCA2,13,32363189,na,na,Pathogenic,1
BRCA2,13,32363380,na,na,Pathogenic,1
BRCA2,13,32370447,na,na,Pathogenic,1
BRCA2,13,32370548,na,na,Pathogenic,1
BRCA2,13,32379473,na,na,Pathogenic,1
BRCA1,17,43091443,na,na,Pathogenic,1
BRCA1,17,43091621,na,na,Pathogenic,1
BRCA1,17,43091752,na,na,Pathogenic,1
BRCA1,17,43091834,na,na,Pathogenic,1
BRCA1,17,43091896,na,na,Pathogenic,1
BRCA1,17,43092089,na,na,Pathogenic,1
BRCA1,17,43092305,na,na,Pathogenic,1
BRCA1,17,43092530,na,na,Pathogenic,1
BRCA1,17,43092932,na,na,Pathogenic,1
BRCA1,17,43093393,na,na,Pathogenic,1
BRCA1,17,43093436,na,na,Pathogenic,1
BRCA1,17,43093988,na,na,Pathogenic,1
BRCA1,17,43094451,na,na,Pathogenic,1
BRCA1,17,43094487,na,na,Pathogenic,1
BRCA1,17,43094675,na,na,Pathogenic,1
BRCA1,17,43094747,na,na,Pathogenic,1
BRCA1,17,43094794,na,na,Pathogenic,1
BRCA1,17,43104173,na,na,Pathogenic,1
BRCA1,17,43104889,na,na,Pathogenic,1
BRCA1,17,43045757,na,na,Likely pathogenic,1
BRCA1,17,43099836,na,na,Likely benign,0
COL11A1,1,102995952,na,na,Benign,0
LAMB3,1,209622984,na,na,Benign,0
IRF6,1,209795339,na,na,Benign,0
IRF6,1,209796557,na,na,Benign,0
PSEN2,1,226883824,na,na,Benign,0
COL5A2,2,189060822,na,na,Benign,0
BARD1,2,214767468,na,na,Benign,0
BARD1,2,214769331,na,na,Benign,0
SMARCAL1,2,216451064,na,na,Benign,0
FANCL,2,58226795,na,na,Benign,0
FANCD2,3,10028733,na,na,Benign,0
FANCD2,3,10036271,na,na,Benign,0
FANCD2,3,10039690,na,na,Benign,0
FANCD2,3,10039861,na,na,Benign,0
FANCD2,3,10042540,na,na,Benign,0
FANCD2,3,10043446,na,na,Benign,0
FANCD2,3,10048089,na,na,Benign,0
FANCD2,3,10049351,na,na,Benign,0
FANCD2,3,10049469,na,na,Benign,0
FANCD2,3,10064831,na,na,Benign,0
FANCD2,3,10065531,na,na,Benign,0
FANCD2,3,10073359,na,na,Benign,0
FANCD2,3,10078233,na,na,Benign,0
FANCD2,3,10092265,na,na,Benign,0
FANCD2,3,10096385,na,na,Benign,0
FANCD2,3,10096505,na,na,Benign,0
FYCO1,3,45975359,na,na,Benign,0
FRAS1,4,78265017,na,na,Benign,0
RAD50,5,132579521,na,na,Benign,0
PDGFRB,5,150117614,na,na,Benign,0
COL11A2,6,33174143,na,na,Benign,0
CCM2,7,45073571,na,na,Benign,0
COL1A2,7,94409720,na,na,Benign,0
NBN,8,89943396,na,na,Benign,0
NBN,8,89946302,na,na,Benign,0
NBN,8,89970575,na,na,Benign,0
LMX1B,9,126690950,na,na,Benign,0
VCP,9,35060937,na,na,Benign,0
VCP,9,35060958,na,na,Benign,0
VCP,9,35068204,na,na,Benign,0
FBP1,9,94617761,na,na,Benign,0
FANCC,9,95172085,na,na,Benign,0
BMPR1A,10,86923365,na,na,Benign,0
CEP164,11,117390772,na,na,Benign,0
TNNI2,11,1839732,na,na,Likely benign,0
MRE11,11,94492754,na,na,Benign,0
PEX5,12,7210243,na,na,Likely benign,0
COL4A1,13,110206722,na,na,Benign,0
COL4A1,13,110242745,na,na,Benign,0
BRCA2,13,32337001,na,na,Likely benign,0
BRCA2,13,32338036,na,na,Likely benign,0
INF2,14,104712847,na,na,Benign,0
CDAN1,15,42729365,na,na,Benign,0
DUOX2,15,45099368,na,na,Benign,0
PKD1,16,2108021,na,na,Benign,0
CDH1,16,68829819,na,na,Benign,0
WWOX,16,78164295,na,na,Benign,0
ITGA2B,17,44377095,na,na,Benign,0
MAPT,17,45962325,na,na,Benign,0
DGKE,17,56844133,na,na,Benign,0
BRIP1,17,61847251,na,na,Benign,0
BRIP1,17,61849198,na,na,Likely benign,0
BRIP1,17,61859925,na,na,Benign,0
UNC13D,17,75834915,na,na,Benign,0
TP53,17,7676301,na,na,Benign,0
ALOXE3,17,8109899,na,na,Benign,0
SMAD4,18,51054738,na,na,Benign,0
CCBE1,18,59480160,na,na,Benign,0
KLK4,19,50908380,na,na,Benign,0
STXBP2,19,7647699,na,na,Benign,0
DEPDC5,22,31809646,na,na,Benign,0
PHKA2,X,18941678,na,na,Benign,0
SMC1A,X,53394733,na,na,Benign,0
BRCA2,13,32315545,na,na,Benign,0
BRCA2,13,32315859,na,na,Benign,0
BRCA2,13,32316585,na,na,Benign,0
BRCA2,13,32317246,na,na,Benign,0
BRCA2,13,32320188,na,na,Benign,0
BRCA2,13,32321334,na,na,Benign,0
BRCA2,13,32321612,na,na,Benign,0
BRCA2,13,32323301,na,na,Benign,0
BRCA2,13,32323396,na,na,Benign,0
BRCA2,13,32323861,na,na,Benign,0
BRCA2,13,32324727,na,na,Benign,0
BRCA2,13,32325418,na,na,Benign,0
BRCA2,13,32325469,na,na,Benign,0
BRCA2,13,32325641,na,na,Benign,0
BRCA2,13,32325687,na,na,Benign,0
BRCA2,13,32325696,na,na,Benign,0
BRCA2,13,32325840,na,na,Benign,0
BRCA2,13,32328244,na,na,Benign,0
BRCA2,13,32328764,na,na,Benign,0
BRCA2,13,32330317,na,na,Benign,0
BRCA2,13,32330360,na,na,Benign,0
BRCA2,13,32330603,na,na,Benign,0
BRCA2,13,32333458,na,na,Benign,0
BRCA2,13,32333776,na,na,Benign,0
BRCA2,13,32334587,na,na,Benign,0
BRCA2,13,32335744,na,na,Benign,0
BRCA2,13,32342530,na,na,Benign,0
BRCA2,13,32342695,na,na,Benign,0
BRCA2,13,32342795,na,na,Benign,0
BRCA2,13,32343174,na,na,Benign,0
BRCA2,13,32343208,na,na,Benign,0
BRCA2,13,32343436,na,na,Benign,0
BRCA2,13,32344161,na,na,Benign,0
BRCA2,13,32344184,na,na,Benign,0
BRCA2,13,32344974,na,na,Benign,0
BRCA2,13,32348303,na,na,Benign,0
BRCA2,13,32348329,na,na,Benign,0
BRCA2,13,32348465,na,na,Benign,0
BRCA2,13,32349352,na,na,Benign,0
BRCA2,13,32353471,na,na,Benign,0
BRCA2,13,32354156,na,na,Benign,0
BRCA2,13,32356799,na,na,Benign,0
BRCA2,13,32358127,na,na,Benign,0
BRCA2,13,32358436,na,na,Benign,0
BRCA2,13,32358687,na,na,Benign,0
BRCA2,13,32359219,na,na,Benign,0
BRCA2,13,32359222,na,na,Benign,0
BRCA2,13,32359497,na,na,Benign,0
BRCA2,13,32359570,na,na,Benign,0
BRCA2,13,32360422,na,na,Benign,0
BRCA2,13,32360520,na,na,Benign,0
BRCA2,13,32364476,na,na,Benign,0
BRCA2,13,32366385,na,na,Benign,0
BRCA2,13,32368799,na,na,Benign,0
BRCA2,13,32368808,na,na,Benign,0
BRCA2,13,32368810,na,na,Benign,0
BRCA2,13,32368811,na,na,Benign,0
BRCA2,13,32368879,na,na,Benign,0
BRCA2,13,32370639,na,na,Benign,0
BRCA2,13,32372447,na,na,Benign,0
BRCA2,13,32374083,na,na,Benign,0
BRCA2,13,32375662,na,na,Benign,0
BRCA2,13,32376194,na,na,Benign,0
BRCA2,13,32376413,na,na,Benign,0
BRCA2,13,32377582,na,na,Benign,0
BRCA2,13,32378757,na,na,Benign,0
BRCA2,13,32380686,na,na,Benign,0
BRCA2,13,32380880,na,na,Benign,0
BRCA2,13,32382058,na,na,Benign,0
BRCA2,13,32382482,na,na,Benign,0
BRCA2,13,32383740,na,na,Benign,0
BRCA2,13,32385327,na,na,Benign,0
BRCA2,13,32385743,na,na,Benign,0
BRCA2,13,32386106,na,na,Benign,0
BRCA2,13,32387015,na,na,Benign,0
BRCA2,13,32387788,na,na,Benign,0
BRCA2,13,32388418,na,na,Benign,0
BRCA2,13,32388964,na,na,Benign,0
BRCA2,13,32389575,na,na,Benign,0
BRCA2,13,32394312,na,na,Benign,0
BRCA2,13,32394448,na,na,Benign,0
BRCA2,13,32397588,na,na,Benign,0
BRCA2,13,32398004,na,na,Benign,0
BRCA2,13,32399611,na,na,Benign,0
BRCA2,13,32399612,na,na,Benign,0
BRCA2,13,32399625,na,na,Benign,0
BRCA1,17,43044351,na,na,Benign,0
BRCA1,17,43048825,na,na,Benign,0
BRCA1,17,43051581,na,na,Benign,0
BRCA1,17,43051659,na,na,Benign,0
BRCA1,17,43054114,na,na,Benign,0
BRCA1,17,43055023,na,na,Benign,0
BRCA1,17,43056191,na,na,Benign,0
BRCA1,17,43056737,na,na,Benign,0
BRCA1,17,43056866,na,na,Benign,0
BRCA1,17,43057538,na,na,Benign,0
BRCA1,17,43059516,na,na,Benign,0
BRCA1,17,43060047,na,na,Benign,0
BRCA1,17,43060751,na,na,Benign,0
BRCA1,17,43065990,na,na,Benign,0
BRCA1,17,43066220,na,na,Benign,0
BRCA1,17,43066690,na,na,Benign,0
BRCA1,17,43066848,na,na,Benign,0
BRCA1,17,43071293,na,na,Benign,0
BRCA1,17,43072939,na,na,Benign,0
BRCA1,17,43077746,na,na,Benign,0
BRCA1,17,43077756,na,na,Benign,0
BRCA1,17,43077808,na,na,Benign,0
BRCA1,17,43080091,na,na,Benign,0
BRCA1,17,43081753,na,na,Benign,0
BRCA1,17,43082145,na,na,Benign,0
BRCA1,17,43084762,na,na,Benign,0
BRCA1,17,43087610,na,na,Benign,0
BRCA1,17,43087911,na,na,Benign,0
BRCA1,17,43087963,na,na,Benign,0
BRCA1,17,43096380,na,na,Benign,0
BRCA1,17,43096544,na,na,Benign,0
BRCA1,17,43096887,na,na,Benign,0
BRCA1,17,43102113,na,na,Benign,0
BRCA1,17,43102388,na,na,Benign,0
BRCA1,17,43102739,na,na,Benign,0
BRCA1,17,43102740,na,na,Benign,0
BRCA1,17,43104302,na,na,Benign,0
BRCA1,17,43106865,na,na,Benign,0
BRCA1,17,43107096,na,na,Benign,0
BRCA1,17,43109923,na,na,Benign,0
BRCA1,17,43112722,na,na,Benign,0
BRCA1,17,43112732,na,na,Benign,0
BRCA1,17,43112733,na,na,Benign,0
BRCA1,17,43112736,na,na,Benign,0
BRCA1,17,43116287,na,na,Benign,0
BRCA1,17,43117726,na,na,Benign,0
BRCA1,17,43119949,na,na,Benign,0
BRCA1,17,43122547,na,na,Benign,0
ATM,11,108332765,na,na,Pathogenic,1
BRCA2,13,32332663,na,na,Pathogenic,1
PALB2,16,23622968,na,na,Likely pathogenic,1
PALB2,16,23623132,na,na,Likely pathogenic,1
PALB2,16,23629639,na,na,Likely pathogenic,1
CDH1,16,68813496,na,na,Likely pathogenic,1
CDH1,16,68819292,na,na,Pathogenic,1
BRCA1,17,43063379,na,na,Likely benign,0
CHEK2,22,28699938,na,na,Likely pathogenic,1
CHEK2,22,28719394,na,na,Likely pathogenic,1
BRCA2,13,32319080,na,na,Pathogenic,1
BRCA2,13,32319082,na,na,Pathogenic,1
BRCA2,13,32319119,na,na,Pathogenic,1
BRCA2,13,32319119,na,na,Pathogenic,1
BRCA2,13,32319135,na,na,Pathogenic,1
BRCA2,13,32319256,na,na,Pathogenic,1
BRCA2,13,32326148,na,na,Pathogenic,1
BRCA2,13,32329454,na,na,Pathogenic,1
BRCA2,13,32332457,na,na,Pathogenic,1
BRCA2,13,32332501,na,na,Pathogenic,1
BRCA2,13,32332536,na,na,Pathogenic,1
BRCA2,13,32332536,na,na,Pathogenic,1
BRCA2,13,32332575,na,na,Pathogenic,1
BRCA2,13,32332662,na,na,Pathogenic,1
BRCA2,13,32332731,na,na,Pathogenic,1
BRCA2,13,32332764,na,na,Pathogenic,1
BRCA2,13,32332854,na,na,Pathogenic,1
BRCA2,13,32333099,na,na,Pathogenic,1
BRCA2,13,32336268,na,na,Pathogenic,1
BRCA2,13,32336298,na,na,Pathogenic,1
BRCA2,13,32336441,na,na,Pathogenic,1
BRCA2,13,32336484,na,na,Pathogenic,1
BRCA2,13,32336492,na,na,Pathogenic,1
BRCA2,13,32336624,na,na,Pathogenic,1
BRCA2,13,32336894,na,na,Pathogenic,1
BRCA2,13,32336948,na,na,Pathogenic,1
BRCA2,13,32337202,na,na,Pathogenic,1
BRCA2,13,32337338,na,na,Pathogenic,1
BRCA2,13,32337345,na,na,Pathogenic,1
BRCA2,13,32337572,na,na,Pathogenic,1
BRCA2,13,32337599,na,na,Pathogenic,1
BRCA2,13,32337878,na,na,Pathogenic,1
BRCA2,13,32337986,na,na,Pathogenic,1
BRCA2,13,32338167,na,na,Pathogenic,1
BRCA2,13,32338236,na,na,Pathogenic,1
BRCA2,13,32338406,na,na,Pathogenic,1
BRCA2,13,32338566,na,na,Pathogenic,1
BRCA2,13,32338721,na,na,Pathogenic,1
BRCA2,13,32338752,na,na,Pathogenic,1
BRCA2,13,32339129,na,na,Pathogenic,1
BRCA2,13,32339138,na,na,Pathogenic,1
BRCA2,13,32339267,na,na,Pathogenic,1
BRCA2,13,32339340,na,na,Pathogenic,1
BRCA2,13,32339618,na,na,Pathogenic,1
BRCA2,13,32339720,na,na,Pathogenic,1
BRCA2,13,32339978,na,na,Pathogenic,1
BRCA2,13,32340105,na,na,Pathogenic,1
BRCA2,13,32340155,na,na,Pathogenic,1
BRCA2,13,32340321,na,na,Pathogenic,1
BRCA2,13,32340330,na,na,Pathogenic,1
BRCA2,13,32340404,na,na,Pathogenic,1
BRCA2,13,32340510,na,na,Pathogenic,1
BRCA2,13,32340599,na,na,Pathogenic,1
BRCA2,13,32340740,na,na,Pathogenic,1
BRCA2,13,32340783,na,na,Pathogenic,1
BRCA2,13,32340833,na,na,Pathogenic,1
BRCA2,13,32340855,na,na,Pathogenic,1
BRCA2,13,32340857,na,na,Pathogenic,1
BRCA2,13,32340870,na,na,Pathogenic,1
BRCA2,13,32340896,na,na,Pathogenic,1
BRCA2,13,32340912,na,na,Pathogenic,1
BRCA2,13,32341031,na,na,Pathogenic,1
BRCA2,13,32341085,na,na,Pathogenic,1
BRCA2,13,32354886,na,na,Pathogenic,1
BRCA2,13,32354943,na,na,Pathogenic,1
BRCA2,13,32354977,na,na,Pathogenic,1
BRCA2,13,32355040,na,na,Pathogenic,1
BRCA2,13,32355063,na,na,Pathogenic,1
BRCA2,13,32355136,na,na,Pathogenic,1
BRCA2,13,32356487,na,na,Pathogenic,1
BRCA2,13,32356493,na,na,Pathogenic,1
BRCA2,13,32356607,na,na,Pathogenic,1
BRCA2,13,32357832,na,na,Pathogenic,1
BRCA2,13,32357919,na,na,Pathogenic,1
BRCA2,13,32362604,na,na,Pathogenic,1
BRCA2,13,32362650,na,na,Pathogenic,1
BRCA2,13,32362691,na,na,Pathogenic,1
BRCA2,13,32363397,na,na,Pathogenic,1
BRCA2,13,32363497,na,na,Pathogenic,1
BRCA2,13,32363531,na,na,Pathogenic,1
BRCA2,13,32370465,na,na,Pathogenic,1
BRCA2,13,32370540,na,na,Pathogenic,1
BRCA2,13,32370548,na,na,Pathogenic,1
BRCA2,13,32370972,na,na,Pathogenic,1
BRCA2,13,32370981,na,na,Pathogenic,1
BRCA2,13,32370981,na,na,Pathogenic,1
BRCA2,13,32370985,na,na,Pathogenic,1
BRCA2,13,32371004,na,na,Pathogenic,1
BRCA2,13,32376689,na,na,Pathogenic,1
BRCA2,13,32379322,na,na,Pathogenic,1
BRCA2,13,32379339,na,na,Pathogenic,1
BRCA2,13,32379450,na,na,Pathogenic,1
BRCA2,13,32379472,na,na,Pathogenic,1
BRCA2,13,32379477,na,na,Pathogenic,1
BRCA2,13,32379493,na,na,Pathogenic,1
BRCA2,13,32379500,na,na,Pathogenic,1
BRCA2,13,32379503,na,na,Pathogenic,1
BRCA2,13,32379513,na,na,Pathogenic,1
BRCA2,13,32379901,na,na,Pathogenic,1
BRCA2,13,32379902,na,na,Pathogenic,1
BRCA2,13,32380028,na,na,Pathogenic,1
BRCA2,13,32380036,na,na,Pathogenic,1
BRCA2,13,32380071,na,na,Pathogenic,1
BRCA2,13,32394845,na,na,Pathogenic,1
BRCA2,13,32398252,na,na,Pathogenic,1
BRCA2,13,32398349,na,na,Pathogenic,1
BRCA2,13,32398437,na,na,Pathogenic,1
BRCA1,17,43045728,na,na,Pathogenic,1
BRCA1,17,43045735,na,na,Pathogenic,1
BRCA1,17,43049137,na,na,Pathogenic,1
BRCA1,17,43051094,na,na,Pathogenic,1
BRCA1,17,43057117,na,na,Pathogenic,1
BRCA1,17,43063365,na,na,Pathogenic,1
BRCA1,17,43063878,na,na,Pathogenic,1
BRCA1,17,43063895,na,na,Pathogenic,1
BRCA1,17,43067655,na,na,Pathogenic,1
BRCA1,17,43071039,na,na,Pathogenic,1
BRCA1,17,43074433,na,na,Pathogenic,1
BRCA1,17,43074440,na,na,Pathogenic,1
BRCA1,17,43074440,na,na,Pathogenic,1
BRCA1,17,43074479,na,na,Pathogenic,1
BRCA1,17,43074503,na,na,Pathogenic,1
BRCA1,17,43076564,na,na,Pathogenic,1
BRCA1,17,43076597,na,na,Pathogenic,1
BRCA1,17,43076608,na,na,Pathogenic,1
BRCA1,17,43082412,na,na,Pathogenic,1
BRCA1,17,43082491,na,na,Pathogenic,1
BRCA1,17,43082506,na,na,Pathogenic,1
BRCA1,17,43082536,na,na,Pathogenic,1
BRCA1,17,43082545,na,na,Pathogenic,1
BRCA1,17,43091462,na,na,Pathogenic,1
BRCA1,17,43091465,na,na,Pathogenic,1
BRCA1,17,43091489,na,na,Pathogenic,1
BRCA1,17,43091498,na,na,Pathogenic,1
BRCA1,17,43091669,na,na,Pathogenic,1
BRCA1,17,43091721,na,na,Pathogenic,1
BRCA1,17,43091852,na,na,Pathogenic,1
BRCA1,17,43092070,na,na,Pathogenic,1
BRCA1,17,43092119,na,na,Pathogenic,1
BRCA1,17,43092150,na,na,Pathogenic,1
BRCA1,17,43092249,na,na,Pathogenic,1
BRCA1,17,43092265,na,na,Pathogenic,1
BRCA1,17,43092521,na,na,Pathogenic,1
BRCA1,17,43092560,na,na,Pathogenic,1
BRCA1,17,43092572,na,na,Pathogenic,1
BRCA1,17,43092641,na,na,Pathogenic,1
BRCA1,17,43092667,na,na,Pathogenic,1
BRCA1,17,43092856,na,na,Pathogenic,1
BRCA1,17,43092980,na,na,Pathogenic,1
BRCA1,17,43092995,na,na,Pathogenic,1
BRCA1,17,43093007,na,na,Pathogenic,1
BRCA1,17,43093200,na,na,Pathogenic,1
BRCA1,17,43093222,na,na,Pathogenic,1
BRCA1,17,43093382,na,na,Pathogenic,1
BRCA1,17,43093463,na,na,Pathogenic,1
BRCA1,17,43093566,na,na,Pathogenic,1
BRCA1,17,43093589,na,na,Pathogenic,1
BRCA1,17,43093613,na,na,Pathogenic,1
BRCA1,17,43093808,na,na,Pathogenic,1
BRCA1,17,43093838,na,na,Pathogenic,1
BRCA1,17,43093913,na,na,Pathogenic,1
BRCA1,17,43094002,na,na,Pathogenic,1
BRCA1,17,43094026,na,na,Pathogenic,1
BRCA1,17,43094156,na,na,Pathogenic,1
BRCA1,17,43094254,na,na,Pathogenic,1
BRCA1,17,43094254,na,na,Pathogenic,1
BRCA1,17,43094270,na,na,Pathogenic,1
BRCA1,17,43094309,na,na,Pathogenic,1
BRCA1,17,43094360,na,na,Pathogenic,1
BRCA1,17,43094568,na,na,Pathogenic,1
BRCA1,17,43094606,na,na,Pathogenic,1
BRCA1,17,43094633,na,na,Pathogenic,1
BRCA1,17,43094717,na,na,Pathogenic,1
BRCA1,17,43094813,na,na,Pathogenic,1
BRCA1,17,43099820,na,na,Pathogenic,1
BRCA1,17,43104208,na,na,Pathogenic,1
BRCA1,17,43104260,na,na,Pathogenic,1
BRCA1,17,43104909,na,na,Pathogenic,1
BRCA1,17,43106492,na,na,Pathogenic,1
BRCA2,13,32339653,na,na,Likely benign,0
BRCA2,13,32319327,na,na,Pathogenic,1
BRCA2,13,32326099,na,na,Pathogenic,1
BRCA2,13,32326240,na,na,Pathogenic,1
BRCA2,13,32326498,na,na,Pathogenic,1
BRCA2,13,32326615,na,na,Pathogenic,1
BRCA2,13,32344617,na,na,Pathogenic,1
BRCA2,13,32346825,na,na,Pathogenic,1
BRCA2,13,32346898,na,na,Pathogenic,1
BRCA2,13,32354860,na,na,Pathogenic,1
BRCA2,13,32355289,na,na,Pathogenic,1
BRCA2,13,32356426,na,na,Pathogenic,1
BRCA2,13,32356427,na,na,Pathogenic,1
BRCA2,13,32357740,na,na,Pathogenic,1
BRCA2,13,32357931,na,na,Pathogenic,1
BRCA2,13,32370559,na,na,Pathogenic,1
BRCA2,13,32379517,na,na,Pathogenic,1
BRCA2,13,32379915,na,na,Pathogenic,1
BRCA2,13,32380005,na,na,Pathogenic,1
BRCA1,17,43049195,na,na,Pathogenic,1
BRCA1,17,43051061,na,na,Pathogenic,1
BRCA1,17,43051062,na,na,Pathogenic,1
BRCA1,17,43051119,na,na,Pathogenic,1
BRCA1,17,43057136,na,na,Pathogenic,1
BRCA1,17,43057136,na,na,Pathogenic,1
BRCA1,17,43063331,na,na,Pathogenic,1
BRCA1,17,43063872,na,na,Pathogenic,1
BRCA1,17,43067607,na,na,Pathogenic,1
BRCA1,17,43067696,na,na,Pathogenic,1
BRCA1,17,43074329,na,na,Pathogenic,1
BRCA1,17,43074329,na,na,Pathogenic,1
BRCA1,17,43074330,na,na,Pathogenic,1
BRCA1,17,43074522,na,na,Pathogenic,1
BRCA1,17,43076487,na,na,Pathogenic,1
BRCA1,17,43090942,na,na,Pathogenic,1
BRCA1,17,43094862,na,na,Pathogenic,1
BRCA1,17,43099772,na,na,Pathogenic,1
BRCA1,17,43099887,na,na,Pathogenic,1
BRCA1,17,43104971,na,na,Likely pathogenic,1
BRCA1,17,43106456,na,na,Pathogenic,1
BRCA1,17,43106529,na,na,Pathogenic,1
BRCA1,17,43115725,na,na,Pathogenic,1
BRCA1,17,43115743,na,na,Pathogenic,1
BRCA1,17,43124015,na,na,Pathogenic,1
BRCA1,17,43124094,na,na,Pathogenic,1
BRCA1,17,43104957,na,na,Pathogenic,1
TGM1,14,24259813,na,na,Pathogenic,1
CDH1,16,68819426,na,na,Pathogenic,1
IL1RAPL1,X,28789325,na,na,Benign,0
DYSF,2,71511923,na,na,Pathogenic,1
SKIC3,5,95530121,na,na,Likely benign,0
GAA,17,80108788,na,na,Benign,0
HMCN1,1,186153991,na,na,Likely benign,0
DDOST,1,20656138,na,na,Benign,0
GLUL,1,182385755,na,na,Likely benign,0
EDARADD,1,236483066,na,na,Benign,0
BARD1,2,214809617,na,na,Benign,0
BMPR2,2,202552713,na,na,Benign,0
BARD1,2,214809647,na,na,Benign,0
BARD1,2,214809599,na,na,Benign,0
FANCD2,3,10046582,na,na,Benign,0
RPS7,2,3580793,na,na,Benign,0
XPC,3,14148012,na,na,Benign,0
FANCD2,3,10046659,na,na,Benign,0
FANCD2,3,10098987,na,na,Benign,0
FANCD2,3,10099012,na,na,Benign,0
MANBA,4,102650714,na,na,Benign,0
AGA,4,177431525,na,na,Benign,0
SLC25A4,4,185143289,na,na,Benign,0
ITPR1,3,4846273,na,na,Benign,0
FLNB,3,58150006,na,na,Likely benign,0
SLC2A9,4,9920506,na,na,Benign,0
CFB,6,31947158,na,na,Benign,0
SLC20A2,8,42465930,na,na,Benign,0
SEC63,6,107893482,na,na,Benign,0
ADAMTSL2,9,133544458,na,na,Benign,0
CUL7,6,43039001,na,na,Benign,0
TRAPPC9,8,140024092,na,na,Benign,0
AKR1D1,7,138117024,na,na,Benign,0
BMPER,7,34046309,na,na,Benign,0
PSPH,7,56011356,na,na,Benign,0
PSPH,7,56019716,na,na,Benign,0
DLAT,11,112043478,na,na,Likely benign,0
KIF21A,12,39333054,na,na,Benign,0
MAN1B1,9,137107444,na,na,Benign,0
APTX,9,32986042,na,na,Benign,0
LRP4,11,46893032,na,na,Benign,0
UROS,10,125796152,na,na,Benign,0
OPTN,10,13133591,na,na,Benign,0
KIF21A,12,39331694,na,na,Benign,0
KRT2,12,52646967,na,na,Benign,0
CDH1,16,68834088,na,na,Benign,0
CDH1,16,68834273,na,na,Benign,0
CDH1,16,68834487,na,na,Benign,0
PRPF8,17,1674691,na,na,Benign,0
BRCA2,13,32399152,na,na,Likely benign,0
BRCA2,13,32399609,na,na,Likely benign,0
BRCA1,17,43047644,na,na,Likely benign,0
KANSL1,17,46171403,na,na,Benign,0
IL12RB1,19,18063910,na,na,Benign,0
DNMT3B,20,32798643,na,na,Benign,0
DNMT3B,20,32800148,na,na,Benign,0
GSS,20,34935645,na,na,Likely benign,0
CDH1,16,68833909,na,na,Benign,0
CDH1,16,68835161,na,na,Benign,0
BRCA2,13,32332441,na,na,Likely benign,0
BRCA2,13,32399018,na,na,Likely benign,0
ALDH6A1,14,74072622,na,na,Benign,0
NAGA,22,42063031,na,na,Benign,0
GLIS2,16,4337697,na,na,Benign,0
CDH1,16,68833553,na,na,Benign,0
CDH1,16,68834619,na,na,Benign,0
ABAT,16,8776494,na,na,Benign,0
CDH1,16,68834120,na,na,Benign,0
CDH1,16,68834675,na,na,Benign,0
CDH1,16,68835190,na,na,Benign,0
CDH1,16,68835334,na,na,Benign,0
CDH1,16,68835372,na,na,Benign,0
RAD51D,17,35119851,na,na,Benign,0
ABAT,16,8746097,na,na,Benign,0
ABAT,16,8764723,na,na,Benign,0
RHBDF2,17,76473753,na,na,Benign,0
PRKCSH,19,11449434,na,na,Benign,0
MAN2B1,19,12649910,na,na,Benign,0
SAMHD1;TLDC2,20,36892861,na,na,Benign,0
COL18A1,21,45479943,na,na,Benign,0
NEURL2,20,45891154,na,na,Likely benign,0
COL18A1,21,45479928,na,na,Benign,0
F8,X,154931255,na,na,Likely benign,0
XPNPEP3,22,40857244,na,na,Likely benign,0
CDH1,16,68835546,na,na,Benign,0
CDH1,16,68835549,na,na,Benign,0
ATM,11,108245002,na,na,Pathogenic,1
ATM,11,108252815,na,na,Likely pathogenic,1
ATM,11,108281133,na,na,Pathogenic,1
ATM,11,108282709,na,na,Likely pathogenic,1
ATM,11,108293433,na,na,Pathogenic,1
ATM,11,108297383,na,na,Likely pathogenic,1
ATM,11,108315913,na,na,Likely pathogenic,1
ATM,11,108319953,na,na,Likely pathogenic,1
ATM,11,108329097,na,na,Pathogenic,1
ATM,11,108335056,na,na,Pathogenic,1
BARD1,2,214769333,na,na,Likely benign,0
BARD1,2,214797041,na,na,Likely benign,0
BRCA2,13,32338829,na,na,Pathogenic,1
BRCA2,13,32363548,na,na,Likely benign,0
PALB2,16,23603679,na,na,Likely benign,0
PALB2,16,23613984,na,na,Likely benign,0
PALB2,16,23626223,na,na,Likely benign,0
PALB2,16,23629214,na,na,Pathogenic,1
PALB2,16,23634852,na,na,Likely benign,0
CDH1,16,68829653,na,na,Likely pathogenic,1
RAD51D,17,35116905,na,na,Likely benign,0
RAD51D,17,35116992,na,na,Likely benign,0
BRCA1,17,43044392,na,na,Likely benign,0
BRCA1,17,43047621,na,na,Likely benign,0
BRCA1,17,43051088,na,na,Pathogenic,1
BRCA1,17,43051139,na,na,Likely benign,0
BRCA1,17,43074320,na,na,Likely benign,0
BRCA1,17,43079329,na,na,Likely benign,0
BRCA1,17,43079334,na,na,Likely benign,0
BRCA1,17,43079349,na,na,Likely benign,0
BRCA1,17,43090983,na,na,Pathogenic,1
BRCA1,17,43094662,na,na,Pathogenic,1
BRCA1,17,43125216,na,na,Likely benign,0
RAD51C,17,58710004,na,na,Likely benign,0
BRIP1,17,61744578,na,na,Pathogenic,1
CHEK2,22,28719494,na,na,Likely benign,0
BRCA2,13,32371025,na,na,Pathogenic,1
BRCA2,13,32336621,na,na,Pathogenic,1
BRCA2,13,32339317,na,na,Pathogenic,1
BRCA2,13,32340905,na,na,Pathogenic,1
BRCA1,17,43070951,na,na,Likely pathogenic,1
ATM,11,108243952,na,na,Likely pathogenic,1
BRCA2,13,32346846,na,na,Likely benign,0
BRCA1,17,43082518,na,na,Pathogenic,1
NAT2,8,18400285,na,na,Benign,0
TP53,17,7674950,na,na,Pathogenic,1
IARS2,1,220145665,na,na,Benign,0
MTR,1,236803409,na,na,Likely benign,0
MTR,1,236874708,na,na,Benign,0
P3H1,1,42747432,na,na,Benign,0
PARS2,1,54759078,na,na,Benign,0
AGL,1,99874634,na,na,Likely benign,0
RANBP2,2,108768392,na,na,Benign,0
BARD1,2,214745177,na,na,Likely benign,0
BARD1,2,214752430,na,na,Likely benign,0
BARD1,2,214792457,na,na,Likely benign,0
BARD1,2,214797047,na,na,Likely benign,0
BARD1,2,214730523,na,na,Likely benign,0
BARD1,2,214809392,na,na,Likely benign,0
BARD1,2,214809392,na,na,Likely benign,0
MSH6,2,47798599,na,na,Likely benign,0
PNPT1,2,55686457,na,na,Likely benign,0
MSH6,2,47803410,na,na,Likely benign,0
BARD1,2,214752502,na,na,Pathogenic,1
BARD1,2,214792288,na,na,Likely benign,0
QARS1,3,49099270,na,na,Benign,0
KIF2A,5,62373676,na,na,Benign,0
LAMB1,7,107964678,na,na,Benign,0
LAMB1,7,107924097,na,na,Benign,0
ATM,11,108229159,na,na,Likely benign,0
ATM,11,108271060,na,na,Likely benign,0
ATM,11,108284220,na,na,Likely benign,0
ATM,11,108289583,na,na,Likely benign,0
ATM,11,108294912,na,na,Likely benign,0
ATM,11,108302839,na,na,Likely benign,0
SFXN4,10,119155180,na,na,Benign,0
ATM;C11orf65,11,108315917,na,na,Likely benign,0
ATM,11,108331438,na,na,Likely benign,0
ATM,11,108335117,na,na,Likely benign,0
ATM,11,108345726,na,na,Likely benign,0
ATM,11,108354797,na,na,Likely benign,0
BMPR1A,10,86899902,na,na,Likely benign,0
ATM,11,108252038,na,na,Likely benign,0
ATM,11,108256199,na,na,Likely benign,0
ATM,11,108258968,na,na,Likely benign,0
ATM,11,108268403,na,na,Likely benign,0
ATM,11,108272715,na,na,Likely benign,0
ATM,11,108272859,na,na,Likely benign,0
ATM,11,108287588,na,na,Likely benign,0
ATM,11,108287712,na,na,Pathogenic,1
ATM,11,108288959,na,na,Likely benign,0
ATM,11,108303040,na,na,Likely benign,0
ATM,11,108310147,na,na,Likely benign,0
ATM,11,108321286,na,na,Likely benign,0
ATM,11,108335968,na,na,Likely benign,0
ATM,11,108353896,na,na,Likely benign,0
POLE,12,132643006,na,na,Benign,0
ATM,11,108354796,na,na,Likely benign,0
NBN,8,89947845,na,na,Likely benign,0
ATM,11,108252921,na,na,Likely benign,0
ATM,11,108272702,na,na,Likely benign,0
ATM,11,108282695,na,na,Likely benign,0
ATM,11,108292599,na,na,Likely benign,0
ATM,11,108292612,na,na,Likely benign,0
ATM,11,108292802,na,na,Likely benign,0
ATM,11,108301630,na,na,Likely benign,0
ATM,11,108310149,na,na,Likely benign,0
ATM,11,108325298,na,na,Likely benign,0
ATM,11,108331864,na,na,Likely benign,0
BRCA2,13,32332279,na,na,Likely benign,0
BRCA2,13,32332639,na,na,Likely benign,0
BRCA2,13,32332762,na,na,Likely benign,0
BRCA2,13,32333011,na,na,Likely benign,0
BRCA2,13,32333314,na,na,Likely benign,0
BRCA2,13,32337301,na,na,Likely benign,0
BRCA2,13,32337727,na,na,Likely benign,0
BRCA2,13,32338581,na,na,Pathogenic,1
BRCA2,13,32338709,na,na,Pathogenic,1
BRCA2,13,32338912,na,na,Likely benign,0
BRCA2,13,32339071,na,na,Likely benign,0
BRCA2,13,32340313,na,na,Likely benign,0
BRCA2,13,32355194,na,na,Likely benign,0
BRCA2,13,32357789,na,na,Likely benign,0
BRCA2,13,32363188,na,na,Likely benign,0
POLE,12,132665463,na,na,Benign,0
BRCA2,13,32363266,na,na,Likely benign,0
BRCA2,13,32363549,na,na,Likely benign,0
BRCA2,13,32371036,na,na,Likely benign,0
BRCA2,13,32376770,na,na,Likely benign,0
BRCA2,13,32380159,na,na,Likely benign,0
BRCA2,13,32398748,na,na,Likely benign,0
BRCA2,13,32316438,na,na,Likely benign,0
BRCA2,13,32319057,na,na,Likely benign,0
BRCA2,13,32319343,na,na,Likely benign,0
BRCA2,13,32329459,na,na,Likely benign,0
BRCA2,13,32332585,na,na,Likely benign,0
BRCA2,13,32332819,na,na,Likely benign,0
BRCA2,13,32336617,na,na,Likely benign,0
MARS1,12,57511829,na,na,Benign,0
BRCA2,13,32337289,na,na,Likely benign,0
BRCA2,13,32337433,na,na,Likely benign,0
BRCA2,13,32337634,na,na,Likely benign,0
BRCA2,13,32337886,na,na,Likely benign,0
BRCA2,13,32338072,na,na,Likely benign,0
BRCA2,13,32338606,na,na,Likely benign,0
BRCA2,13,32339281,na,na,Likely benign,0
BRCA2,13,32339809,na,na,Likely benign,0
BRCA2,13,32339941,na,na,Likely benign,0
BRCA2,13,32340487,na,na,Likely benign,0
BRCA2,13,32340652,na,na,Likely benign,0
BRCA2,13,32341111,na,na,Likely benign,0
BRCA2,13,32344669,na,na,Likely benign,0
BRCA2,13,32344670,na,na,Likely benign,0
BRCA2,13,32355212,na,na,Likely benign,0
BRCA2,13,32357736,na,na,Likely benign,0
BRCA2,13,32370973,na,na,Likely benign,0
BRCA2,13,32376809,na,na,Likely benign,0
BRCA2,13,32379997,na,na,Likely benign,0
BRCA2,13,32398200,na,na,Likely benign,0
BRCA2,13,32316545,na,na,Likely benign,0
BRCA2,13,32319231,na,na,Likely benign,0
BRCA2,13,32319309,na,na,Likely benign,0
BRCA2,13,32319341,na,na,Likely benign,0
BRCA2,13,32326299,na,na,Likely benign,0
BRCA2,13,32326591,na,na,Likely benign,0
BRCA2,13,32330910,na,na,Likely benign,0
ATM,11,108245033,na,na,Likely benign,0
BRCA2,13,32331048,na,na,Likely benign,0
BRCA2,13,32333221,na,na,Likely benign,0
BRCA2,13,32336278,na,na,Likely benign,0
BRCA2,13,32337349,na,na,Likely benign,0
BRCA2,13,32337736,na,na,Likely benign,0
BRCA2,13,32338075,na,na,Likely benign,0
BRCA2,13,32338258,na,na,Likely benign,0
BRCA2,13,32338438,na,na,Likely benign,0
BRCA2,13,32338759,na,na,Likely benign,0
BRCA2,13,32338795,na,na,Likely benign,0
BRCA2,13,32338885,na,na,Likely benign,0
BRCA2,13,32339188,na,na,Likely benign,0
BRCA2,13,32340262,na,na,Likely benign,0
BRCA2,13,32340550,na,na,Likely benign,0
ATM,11,108271048,na,na,Likely benign,0
BRCA2,13,32344546,na,na,Likely benign,0
BRCA2,13,32344667,na,na,Likely benign,0
ATM,11,108271237,na,na,Likely benign,0
BRCA2,13,32355135,na,na,Likely benign,0
ATM,11,108279475,na,na,Likely benign,0
ATM,11,108279617,na,na,Likely benign,0
BRCA2,13,32356495,na,na,Likely benign,0
ATM,11,108292801,na,na,Likely benign,0
BRCA2,13,32356522,na,na,Likely benign,0
BRCA2,13,32357939,na,na,Likely benign,0
BRCA2,13,32362711,na,na,Likely benign,0
BRCA2,13,32363368,na,na,Likely benign,0
BRCA2,13,32363485,na,na,Likely benign,0
BRCA2,13,32376752,na,na,Likely benign,0
BRCA2,13,32379398,na,na,Likely benign,0
BRCA2,13,32379490,na,na,Likely benign,0
ATM,11,108310148,na,na,Likely benign,0
ATM,11,108315815,na,na,Likely benign,0
BRCA2,13,32396881,na,na,Likely benign,0
BRCA2,13,32398692,na,na,Likely benign,0
ATM,11,108319942,na,na,Likely benign,0
ATM,11,108329246,na,na,Likely benign,0
ATM,11,108331875,na,na,Likely benign,0
ATM,11,108333880,na,na,Likely benign,0
ATM,11,108335828,na,na,Likely benign,0
ABCD4,14,74295211,na,na,Benign,0
PALB2,16,23626402,na,na,Likely benign,0
PALB2,16,23626413,na,na,Likely benign,0
PALB2,16,23641091,na,na,Likely benign,0
PALB2,16,23641094,na,na,Likely benign,0
CDH1,16,68801899,na,na,Likely benign,0
UQCRC2,16,21983090,na,na,Benign,0
RAD51D,17,35103328,na,na,Likely benign,0
RAD51D,17,35103434,na,na,Likely benign,0
RAD51D,17,35106492,na,na,Likely benign,0
RAD51D,17,35106982,na,na,Likely benign,0
RAD51D,17,35106990,na,na,Pathogenic,1
CHD2,15,93002162,na,na,Benign,0
PALB2,16,23634852,na,na,Likely benign,0
PALB2,16,23635108,na,na,Pathogenic,1
CHD2,15,93019997,na,na,Likely benign,0
PALB2,16,23636341,na,na,Likely benign,0
PALB2,16,23637836,na,na,Likely benign,0
PALB2,16,23637956,na,na,Likely benign,0
PALB2,16,23638133,na,na,Likely benign,0
PALB2,16,23641091,na,na,Likely benign,0
BRCA1,17,43045795,na,na,Likely benign,0
BRCA1,17,43047631,na,na,Likely benign,0
BRCA1,17,43049205,na,na,Likely benign,0
BRCA1,17,43057139,na,na,Likely benign,0
BRCA1,17,43070913,na,na,Likely benign,0
BRCA1,17,43071195,na,na,Likely benign,0
BRCA1,17,43082519,na,na,Likely benign,0
BRCA1,17,43090974,na,na,Likely benign,0
BRCA1,17,43091817,na,na,Likely benign,0
BRCA1,17,43091991,na,na,Likely benign,0
BRCA1,17,43092153,na,na,Likely benign,0
BRCA1,17,43092378,na,na,Likely benign,0
BRCA1,17,43092864,na,na,Likely benign,0
BRCA1,17,43093728,na,na,Likely benign,0
BRCA1,17,43093770,na,na,Likely benign,0
BRCA1,17,43093791,na,na,Likely benign,0
BRCA1,17,43104910,na,na,Likely benign,0
BRCA1,17,43106440,na,na,Likely benign,0
BRCA1,17,43124028,na,na,Likely benign,0
PALB2,16,23629934,na,na,Likely benign,0
CDH1,16,68810183,na,na,Likely benign,0
CDH1,16,68811667,na,na,Likely benign,0
CDH1,16,68828318,na,na,Likely benign,0
RAD51C,17,58709842,na,na,Likely benign,0
RAD51C,17,58734101,na,na,Likely benign,0
BRIP1,17,61744587,na,na,Pathogenic,1
BRIP1,17,61780821,na,na,Likely benign,0
BRIP1,17,61781019,na,na,Likely benign,0
BRIP1,17,61784252,na,na,Likely benign,0
BRIP1,17,61808459,na,na,Likely benign,0
BRIP1,17,61808773,na,na,Likely benign,0
BRIP1,17,61808777,na,na,Likely benign,0
BRIP1,17,61847235,na,na,Likely benign,0
BRIP1,17,61849115,na,na,Likely benign,0
CA5A,16,87926954,na,na,Benign,0
BRCA2,13,32319183,na,na,Likely benign,0
BRCA2,13,32319249,na,na,Likely benign,0
BRCA2,13,32319294,na,na,Likely benign,0
BRCA2,13,32326582,na,na,Likely benign,0
BRCA2,13,32333317,na,na,Likely benign,0
BRCA2,13,32337997,na,na,Likely benign,0
BRCA2,13,32338297,na,na,Likely benign,0
BRCA2,13,32338432,na,na,Likely benign,0
BRCA2,13,32339992,na,na,Likely benign,0
BRCA2,13,32340451,na,na,Likely benign,0
BRCA2,13,32340848,na,na,Likely benign,0
BRCA2,13,32341072,na,na,Likely benign,0
BRCA2,13,32341138,na,na,Likely benign,0
BRCA2,13,32355200,na,na,Likely benign,0
BRCA2,13,32357795,na,na,Likely benign,0
BRCA2,13,32362556,na,na,Likely benign,0
BRCA2,13,32363299,na,na,Likely benign,0
BRCA2,13,32363428,na,na,Likely benign,0
BRCA2,13,32363546,na,na,Likely benign,0
BRCA2,13,32370419,na,na,Likely benign,0
BRCA2,13,32376810,na,na,Likely benign,0
BRCA2,13,32396993,na,na,Likely benign,0
VPS53,17,697495,na,na,Benign,0
BRCA2,13,32397062,na,na,Likely benign,0
BRCA2,13,32398548,na,na,Likely benign,0
RAD51D,17,35106367,na,na,Likely benign,0
RAD51D,17,35107047,na,na,Likely benign,0
BRCA1,17,43045795,na,na,Likely benign,0
BRCA1,17,43049104,na,na,Likely benign,0
BRCA1,17,43049106,na,na,Likely benign,0
BRCA1,17,43051047,na,na,Likely benign,0
BRCA1,17,43063902,na,na,Likely benign,0
BRCA1,17,43067630,na,na,Likely benign,0
BRCA1,17,43074311,na,na,Likely benign,0
BRCA1,17,43076544,na,na,Likely benign,0
BRCA1,17,43076623,na,na,Likely benign,0
RAD51D,17,35107138,na,na,Likely benign,0
BRCA1,17,43082438,na,na,Likely benign,0
RAD51D,17,35107451,na,na,Likely benign,0
BRCA1,17,43091744,na,na,Likely benign,0
BRCA1,17,43092510,na,na,Likely benign,0
BRCA1,17,43092528,na,na,Likely benign,0
RAD51D,17,35119191,na,na,Likely benign,0
BRCA1,17,43092768,na,na,Likely benign,0
BRCA1,17,43092819,na,na,Likely benign,0
BRCA1,17,43092857,na,na,Likely benign,0
BRCA1,17,43094274,na,na,Likely benign,0
BRCA1,17,43094319,na,na,Likely benign,0
BRCA1,17,43094835,na,na,Likely benign,0
BRCA1,17,43104272,na,na,Likely benign,0
BRCA1,17,43106443,na,na,Likely benign,0
BRCA1,17,43106497,na,na,Likely benign,0
BRCA1,17,43115795,na,na,Likely benign,0
BRCA1,17,43124124,na,na,Likely benign,0
BRCA1,17,43047659,na,na,Likely benign,0
BRCA1,17,43051043,na,na,Likely benign,0
BRCA1,17,43051044,na,na,Likely benign,0
BRCA1,17,43051055,na,na,Likely benign,0
BRCA1,17,43063384,na,na,Likely benign,0
BRCA1,17,43063859,na,na,Likely benign,0
BRCA1,17,43067674,na,na,Likely benign,0
BRCA1,17,43074491,na,na,Likely benign,0
BRCA1,17,43091417,na,na,Likely benign,0
BRCA1,17,43091709,na,na,Likely benign,0
BRCA1,17,43092789,na,na,Likely benign,0
BRCA1,17,43094574,na,na,Likely benign,0
BRCA1,17,43104276,na,na,Likely benign,0
BRCA1,17,43125266,na,na,Likely benign,0
STK11,19,1221935,na,na,Likely benign,0
RAD51C,17,58724033,na,na,Likely benign,0
RAD51C,17,58734102,na,na,Likely benign,0
BRIP1,17,61683281,na,na,Likely benign,0
BRIP1,17,61686184,na,na,Likely benign,0
BRIP1,17,61716055,na,na,Likely benign,0
BRIP1,17,61743006,na,na,Likely benign,0
BRIP1,17,61743153,na,na,Likely benign,0
BRIP1,17,61780419,na,na,Likely benign,0
BRIP1,17,61784250,na,na,Likely benign,0
BRIP1,17,61793578,na,na,Likely benign,0
BRIP1,17,61849109,na,na,Likely benign,0
BRIP1,17,61859780,na,na,Likely benign,0
GTPBP3,19,17338348,na,na,Benign,0
RAD51C,17,58709853,na,na,Likely benign,0
RAD51C,17,58720731,na,na,Likely benign,0
VPS53,17,601899,na,na,Benign,0
BRIP1,17,61744594,na,na,Likely benign,0
BRIP1,17,61784252,na,na,Likely benign,0
BRIP1,17,61849110,na,na,Likely benign,0
BRIP1,17,61857050,na,na,Likely benign,0
TP53,17,7670727,na,na,Likely benign,0
TP53,17,7674291,na,na,Pathogenic,1
PALB2,16,23603678,na,na,Likely benign,0
PALB2,16,23621351,na,na,Likely benign,0
PALB2,16,23629622,na,na,Likely benign,0
PALB2,16,23629835,na,na,Likely benign,0
PALB2,16,23630183,na,na,Likely benign,0
PALB2,16,23635122,na,na,Pathogenic,1
CHEK2,22,28695703,na,na,Likely benign,0
CHEK2,22,28696893,na,na,Likely benign,0
CHEK2,22,28703495,na,na,Likely benign,0
CHEK2,22,28710029,na,na,Pathogenic,1
CHEK2,22,28719494,na,na,Likely benign,0
CHEK2,22,28725223,na,na,Likely benign,0
CDH1,16,68738289,na,na,Likely benign,0
ELAC2,17,13016943,na,na,Benign,0
RAD51D,17,35103237,na,na,Likely benign,0
RAD51D,17,35103241,na,na,Likely benign,0
BRCA1,17,43045768,na,na,Likely benign,0
BRCA1,17,43049169,na,na,Likely benign,0
BRCA1,17,43063958,na,na,Likely benign,0
BRCA1,17,43074371,na,na,Likely benign,0
BRCA1,17,43091634,na,na,Likely benign,0
BRCA1,17,43091793,na,na,Likely benign,0
BRCA1,17,43092318,na,na,Likely benign,0
BRCA1,17,43092657,na,na,Likely benign,0
BRCA1,17,43093527,na,na,Likely benign,0
BRCA1,17,43093611,na,na,Likely benign,0
BRCA1,17,43097228,na,na,Likely benign,0
BRCA1,17,43099761,na,na,Likely benign,0
BRCA1,17,43104271,na,na,Likely benign,0
RAD51C,17,58692636,na,na,Likely benign,0
RAD51C,17,58703343,na,na,Likely benign,0
PPM1D,17,60663001,na,na,Pathogenic,1
BRIP1,17,61684155,na,na,Likely benign,0
BRIP1,17,61686172,na,na,Likely benign,0
BRIP1,17,61799086,na,na,Likely benign,0
BRIP1,17,61808768,na,na,Likely benign,0
BRIP1,17,61849119,na,na,Likely benign,0
CHEK2,22,28689119,na,na,Likely benign,0
CHEK2,22,28709994,na,na,Likely benign,0
CHEK2,22,28719501,na,na,Likely benign,0
CHEK2,22,28734395,na,na,Likely benign,0
CHEK2,22,28688006,na,na,Likely benign,0
CHEK2,22,28694024,na,na,Likely benign,0
CHEK2,22,28711892,na,na,Likely benign,0
CHEK2,22,28712037,na,na,Likely benign,0
MIB1,18,21838514,na,na,Benign,0
PIGA,X,15331876,na,na,Benign,0
TXNRD2,22,19878072,na,na,Benign,0
CHEK2,22,28689156,na,na,Likely benign,0
CHEK2,22,28699955,na,na,Likely benign,0
CHEK2,22,28703487,na,na,Likely benign,0
CHEK2,22,28703491,na,na,Likely benign,0
CHEK2,22,28734396,na,na,Likely benign,0
CUL4B,X,120534601,na,na,Benign,0
PALB2,16,23626234,na,na,Likely pathogenic,1
PALB2,16,23635507,na,na,Pathogenic,1
PALB2,16,23638072,na,na,Pathogenic,1
DYNC1I2,2,171725602,na,na,Benign,0
ITGA9,3,37494493,na,na,Benign,0
GYPE,4,143880509,na,na,Benign,0
NOS3,7,151012483,na,na,Benign,0
LCN2,9,128151891,na,na,Benign,0
MUC5B,11,1245928,na,na,Benign,0
PIGN,18,62146032,na,na,Benign,0
DNAAF19,17,44902302,na,na,Benign,0
NDUFV3,21,42897046,na,na,Likely benign,0
ADA2,22,17182027,na,na,Benign,0
ARHGAP4;AVPR2,X,153907968,na,na,Benign,0
BRCA2,13,32316421,na,na,Likely pathogenic,1
ATM,11,108327759,na,na,Likely pathogenic,1
BRCA1,17,43045720,na,na,Likely benign,0
BARD1,2,214752446,na,na,Likely pathogenic,1
BARD1,2,214780929,na,na,Likely benign,0
BARD1,2,214752564,na,na,Likely benign,0
BARD1,2,214781193,na,na,Likely benign,0
BARD1,2,214728835,na,na,Likely benign,0
BARD1,2,214730453,na,na,Likely benign,0
BARD1,2,214781348,na,na,Pathogenic,1
TRDN,6,123316457,na,na,Likely benign,0
PMS2,7,5991963,na,na,Likely benign,0
KPNA7,7,99185162,na,na,Benign,0
ATM,11,108227896,na,na,Likely benign,0
ATM,11,108253854,na,na,Pathogenic,1
ATM,11,108289683,na,na,Pathogenic,1
ATM,11,108227895,na,na,Likely benign,0
ATM,11,108244119,na,na,Likely pathogenic,1
ATM,11,108267258,na,na,Pathogenic,1
ATM,11,108325554,na,na,Likely benign,0
ATM,11,108272782,na,na,Pathogenic,1
ATM,11,108287596,na,na,Likely benign,0
ATM,11,108312505,na,na,Likely benign,0
ATM,11,108325395,na,na,Pathogenic,1
ATM,11,108335839,na,na,Likely benign,0
ATM,11,108365111,na,na,Pathogenic,1
PTEN,10,87933223,na,na,Pathogenic,1
ATM,11,108267350,na,na,Likely benign,0
ATM,11,108268618,na,na,Likely benign,0
ATM,11,108279526,na,na,Pathogenic,1
ATM,11,108271156,na,na,Likely benign,0
ATM,11,108272853,na,na,Likely pathogenic,1
ATM,11,108297286,na,na,Likely pathogenic,1
ATM,11,108330204,na,na,Likely benign,0
ATM,11,108301706,na,na,Pathogenic,1
ATM,11,108347277,na,na,Pathogenic,1
ATM,11,108335080,na,na,Likely pathogenic,1
ATM,11,108365228,na,na,Likely benign,0
BRCA2,13,32316547,na,na,Likely benign,0
BRCA2,13,32326482,na,na,Likely benign,0
BRCA2,13,32332363,na,na,Likely benign,0
BRCA2,13,32332717,na,na,Likely benign,0
BRCA2,13,32332960,na,na,Likely benign,0
BRCA2,13,32336596,na,na,Likely benign,0
BRCA2,13,32336608,na,na,Likely benign,0
BRCA2,13,32338120,na,na,Likely benign,0
BRCA2,13,32338426,na,na,Likely benign,0
BRCA2,13,32316484,na,na,Likely benign,0
BRCA2,13,32339785,na,na,Likely benign,0
BRCA2,13,32340523,na,na,Likely benign,0
BRCA2,13,32340613,na,na,Likely benign,0
BRCA2,13,32319222,na,na,Likely benign,0
BRCA2,13,32329493,na,na,Pathogenic,1
BRCA2,13,32341053,na,na,Likely benign,0
BRCA2,13,32333056,na,na,Likely benign,0
BRCA2,13,32357726,na,na,Likely benign,0
BRCA2,13,32357909,na,na,Likely benign,0
BRCA2,13,32362515,na,na,Likely benign,0
BRCA2,13,32362684,na,na,Likely pathogenic,1
BRCA2,13,32338000,na,na,Likely benign,0
BRCA2,13,32363396,na,na,Likely benign,0
BRCA2,13,32338183,na,na,Likely benign,0
BRCA2,13,32371075,na,na,Likely benign,0
BRCA2,13,32379734,na,na,Likely benign,0
BRCA2,13,32338885,na,na,Likely benign,0
BRCA2,13,32338942,na,na,Likely benign,0
BRCA2,13,32394946,na,na,Likely benign,0
BRCA2,13,32339323,na,na,Likely benign,0
BRCA2,13,32398194,na,na,Likely benign,0
BRCA2,13,32398251,na,na,Likely benign,0
BRCA2,13,32340799,na,na,Likely benign,0
BRCA2,13,32362707,na,na,Likely benign,0
BRCA2,13,32376782,na,na,Likely benign,0
BRCA2,13,32316466,na,na,Likely benign,0
BRCA2,13,32326093,na,na,Likely benign,0
BRCA2,13,32326100,na,na,Likely pathogenic,1
BRCA2,13,32332870,na,na,Likely benign,0
BRCA2,13,32332969,na,na,Likely benign,0
BRCA2,13,32333296,na,na,Likely benign,0
BRCA2,13,32336837,na,na,Likely benign,0
BRCA2,13,32337043,na,na,Likely benign,0
BRCA2,13,32337157,na,na,Likely benign,0
BRCA2,13,32337546,na,na,Pathogenic,1
BRCA2,13,32338126,na,na,Likely benign,0
BRCA2,13,32339323,na,na,Likely benign,0
BRCA2,13,32339404,na,na,Likely benign,0
BRCA2,13,32339758,na,na,Likely benign,0
BRCA2,13,32339812,na,na,Likely benign,0
BRCA2,13,32340247,na,na,Likely benign,0
BRCA2,13,32340562,na,na,Likely benign,0
BRCA2,13,32357846,na,na,Pathogenic,1
BRCA2,13,32362547,na,na,Likely benign,0
BRCA2,13,32319087,na,na,Likely benign,0
BRCA2,13,32333182,na,na,Likely benign,0
BRCA2,13,32379478,na,na,Likely benign,0
BRCA2,13,32379738,na,na,Likely benign,0
BRCA2,13,32333218,na,na,Likely benign,0
BRCA2,13,32379826,na,na,Likely benign,0
BRCA2,13,32379932,na,na,Likely benign,0
BRCA2,13,32394671,na,na,Likely benign,0
BRCA2,13,32394825,na,na,Likely benign,0
BRCA2,13,32336945,na,na,Pathogenic,1
BRCA2,13,32397057,na,na,Likely benign,0
BRCA2,13,32337461,na,na,Pathogenic,1
BRCA2,13,32337643,na,na,Likely benign,0
BRCA2,13,32337688,na,na,Likely benign,0
BRCA2,13,32398716,na,na,Likely benign,0
BRCA2,13,32337870,na,na,Pathogenic,1
BRCA2,13,32338141,na,na,Likely benign,0
BRCA2,13,32338729,na,na,Likely benign,0
BRCA2,13,32339965,na,na,Likely benign,0
BRCA2,13,32362553,na,na,Likely benign,0
BRCA2,13,32362649,na,na,Likely benign,0
BRCA2,13,32371015,na,na,Likely benign,0
BRCA2,13,32394900,na,na,Likely benign,0
BRCA2,13,32394906,na,na,Likely benign,0
BRCA2,13,32398371,na,na,Likely benign,0
PALB2,16,23629196,na,na,Likely benign,0
PALB2,16,23630393,na,na,Likely benign,0
PALB2,16,23624095,na,na,Likely pathogenic,1
PALB2,16,23635409,na,na,Likely benign,0
PALB2,16,23635111,na,na,Pathogenic,1
CDH1,16,68801776,na,na,Likely benign,0
CDH1,16,68808444,na,na,Likely benign,0
CDH1,16,68815760,na,na,Pathogenic,1
PALB2,16,23603313,na,na,Benign,0
PALB2,16,23626273,na,na,Pathogenic,1
PALB2,16,23635180,na,na,Pathogenic,1
CDH1,16,68808692,na,na,Pathogenic,1
PALB2,16,23626407,na,na,Likely benign,0
PALB2,16,23629631,na,na,Likely benign,0
CDH1,16,68810302,na,na,Pathogenic,1
PALB2,16,23634932,na,na,Likely benign,0
PALB2,16,23635498,na,na,Pathogenic,1
PALB2,16,23635688,na,na,Likely benign,0
RAD51D,17,35103328,na,na,Likely benign,0
RAD51D,17,35103554,na,na,Likely benign,0
RAD51D,17,35118579,na,na,Pathogenic,1
BRCA1,17,43051043,na,na,Likely benign,0
BRCA1,17,43063863,na,na,Likely benign,0
BRCA1,17,43082388,na,na,Likely benign,0
BRCA1,17,43090928,na,na,Likely benign,0
CDH1,16,68738295,na,na,Pathogenic,1
BRCA1,17,43091016,na,na,Likely benign,0
BRCA1,17,43092639,na,na,Likely benign,0
BRCA1,17,43045702,na,na,Likely benign,0
BRCA1,17,43093095,na,na,Likely benign,0
BRCA1,17,43093258,na,na,Pathogenic,1
BRCA1,17,43093314,na,na,Likely benign,0
BRCA1,17,43047695,na,na,Likely benign,0
BRCA1,17,43057037,na,na,Likely benign,0
BRCA1,17,43057152,na,na,Likely benign,0
BRCA1,17,43063330,na,na,Likely benign,0
CDH1,16,68811861,na,na,Likely pathogenic,1
BRCA1,17,43063969,na,na,Likely benign,0
BRCA1,17,43093752,na,na,Likely benign,0
BRCA1,17,43091424,na,na,Likely benign,0
BRCA1,17,43094406,na,na,Likely benign,0
BRCA1,17,43091556,na,na,Likely benign,0
BRCA1,17,43091580,na,na,Likely benign,0
BRCA1,17,43091775,na,na,Likely benign,0
BRCA1,17,43095836,na,na,Likely benign,0
BRCA1,17,43099827,na,na,Likely benign,0
CDH1,16,68828204,na,na,Pathogenic,1
BRCA1,17,43093581,na,na,Likely benign,0
BRCA1,17,43099854,na,na,Likely benign,0
BRCA1,17,43094103,na,na,Likely benign,0
BRCA1,17,43106509,na,na,Likely benign,0
BRCA1,17,43115707,na,na,Likely benign,0
BRCA1,17,43094646,na,na,Likely benign,0
BRCA1,17,43099768,na,na,Likely benign,0
BRCA1,17,43104859,na,na,Likely benign,0
BRCA1,17,43124091,na,na,Likely benign,0
BRIP1,17,61799093,na,na,Likely benign,0
BRIP1,17,61801243,na,na,Likely benign,0
BRIP1,17,61781006,na,na,Likely pathogenic,1
BRIP1,17,61808460,na,na,Likely benign,0
BRIP1,17,61801403,na,na,Likely benign,0
RAD51D,17,35107129,na,na,Likely benign,0
BRCA1,17,43049151,na,na,Likely benign,0
BRCA1,17,43057035,na,na,Likely benign,0
BRCA1,17,43063865,na,na,Likely benign,0
BRCA1,17,43063923,na,na,Likely benign,0
BRCA1,17,43067627,na,na,Likely benign,0
BRCA1,17,43070915,na,na,Likely benign,0
BRCA1,17,43074425,na,na,Likely benign,0
BRCA1,17,43093034,na,na,Likely benign,0
BRCA1,17,43093056,na,na,Likely benign,0
BRCA1,17,43093677,na,na,Likely benign,0
BRCA1,17,43093739,na,na,Likely benign,0
BRCA1,17,43097305,na,na,Likely benign,0
BRCA1,17,43099839,na,na,Likely benign,0
TP53,17,7674957,na,na,Pathogenic,1
BRCA1,17,43104200,na,na,Likely benign,0
RAD51D,17,35101203,na,na,Likely pathogenic,1
RAD51D,17,35101301,na,na,Pathogenic,1
BRCA1,17,43115739,na,na,Likely pathogenic,1
BRCA1,17,43115740,na,na,Likely benign,0
RAD51D,17,35119103,na,na,Likely benign,0
BRCA1,17,43045729,na,na,Likely benign,0
BRCA1,17,43057070,na,na,Likely pathogenic,1
RAD51C,17,58709850,na,na,Likely benign,0
BRCA1,17,43063962,na,na,Likely benign,0
BRCA1,17,43070997,na,na,Likely benign,0
BRCA1,17,43071099,na,na,Likely benign,0
BRCA1,17,43076473,na,na,Likely benign,0
BRCA1,17,43082390,na,na,Likely benign,0
BRCA1,17,43091805,na,na,Likely benign,0
BRCA1,17,43091955,na,na,Likely benign,0
BRCA1,17,43094007,na,na,Likely benign,0
BRCA1,17,43094133,na,na,Likely benign,0
BRIP1,17,61693420,na,na,Likely benign,0
BRIP1,17,61715943,na,na,Likely benign,0
BRCA1,17,43115792,na,na,Likely benign,0
BRIP1,17,61743141,na,na,Likely benign,0
BRIP1,17,61744562,na,na,Likely benign,0
BRIP1,17,61776393,na,na,Likely benign,0
BRIP1,17,61857167,na,na,Pathogenic,1
BRIP1,17,61781011,na,na,Likely benign,0
BRIP1,17,61801482,na,na,Likely benign,0
BRIP1,17,61808569,na,na,Likely benign,0
BRIP1,17,61859794,na,na,Likely pathogenic,1
CHEK2,22,28694118,na,na,Likely pathogenic,1
CHEK2,22,28695224,na,na,Likely benign,0
CHEK2,22,28711922,na,na,Pathogenic,1
CHEK2,22,28712023,na,na,Likely benign,0
CHEK2,22,28725134,na,na,Likely benign,0
CHEK2,22,28719385,na,na,Likely benign,0
CHEK2,22,28725014,na,na,Likely benign,0
POLD1,19,50408910,na,na,Likely benign,0
CHEK2,22,28694022,na,na,Likely benign,0
CHEK2,22,28695709,na,na,Likely pathogenic,1
CHEK2,22,28734396,na,na,Likely benign,0
BRCA2,13,32332607,na,na,Likely benign,0
BRCA2,13,32339338,na,na,Pathogenic,1
BRCA1,17,43051086,na,na,Pathogenic,1
BRCA1,17,43093346,na,na,Pathogenic,1
BRCA1,17,43099877,na,na,Pathogenic,1
ATM,11,108246963,na,na,Pathogenic,1
ATM,11,108259080,na,na,Likely pathogenic,1
ATM,11,108307919,na,na,Pathogenic,1
ATM,11,108335098,na,na,Pathogenic,1
ATM,11,108335962,na,na,Likely pathogenic,1
BRCA2,13,32332391,na,na,Pathogenic,1
BRCA2,13,32337627,na,na,Pathogenic,1
BRCA2,13,32339465,na,na,Pathogenic,1
BRCA2,13,32339755,na,na,Pathogenic,1
BRCA2,13,32357753,na,na,Pathogenic,1
BRCA2,13,32357911,na,na,Likely pathogenic,1
BRCA2,13,32362591,na,na,Likely pathogenic,1
BRCA2,13,32362695,na,na,Pathogenic,1
CDH1,16,68808525,na,na,Pathogenic,1
CDH1,16,68810240,na,na,Likely benign,0
BRCA1,17,43071127,na,na,Pathogenic,1
BRCA1,17,43115760,na,na,Likely pathogenic,1
BRIP1,17,61715995,na,na,Pathogenic,1
TP53,17,7676016,na,na,Likely benign,0
GAA,17,80110938,na,na,Likely pathogenic,1
PPM1D,17,60663015,na,na,Pathogenic,1
MX1;TMPRSS2,21,41467734,na,na,Likely benign,0
BRCA1,17,43104187,na,na,Pathogenic,1
BRCA2,13,32319302,na,na,Pathogenic,1
BRCA1,17,43094686,na,na,Pathogenic,1
BRCA2,13,32319189,na,na,Likely benign,0
BRCA2,13,32319204,na,na,Likely benign,0
BRCA2,13,32319219,na,na,Likely benign,0
BRCA2,13,32319252,na,na,Likely benign,0
BRCA2,13,32319276,na,na,Likely benign,0
BRCA2,13,32319285,na,na,Likely benign,0
BRCA2,13,32319297,na,na,Likely benign,0
BRCA2,13,32319312,na,na,Likely benign,0
BRCA2,13,32325152,na,na,Likely benign,0
BRCA2,13,32326113,na,na,Likely benign,0
BRCA2,13,32326267,na,na,Likely benign,0
BRCA2,13,32326532,na,na,Likely benign,0
BRCA2,13,32330981,na,na,Likely benign,0
BRCA2,13,32331011,na,na,Likely benign,0
BRCA2,13,32332306,na,na,Likely benign,0
BRCA2,13,32332435,na,na,Likely benign,0
BRCA2,13,32332483,na,na,Likely benign,0
BRCA2,13,32332510,na,na,Likely benign,0
BRCA2,13,32332552,na,na,Likely benign,0
BRCA2,13,32332603,na,na,Likely benign,0
BRCA2,13,32332649,na,na,Likely benign,0
BRCA2,13,32332705,na,na,Likely benign,0
BRCA2,13,32332738,na,na,Likely benign,0
BRCA2,13,32332804,na,na,Likely benign,0
BRCA2,13,32332814,na,na,Likely benign,0
BRCA2,13,32332825,na,na,Likely benign,0
BRCA2,13,32332846,na,na,Benign,0
BRCA2,13,32332879,na,na,Likely benign,0
BRCA2,13,32332978,na,na,Likely benign,0
BRCA2,13,32333017,na,na,Likely benign,0
BRCA2,13,32333029,na,na,Likely benign,0
BRCA2,13,32333095,na,na,Likely benign,0
BRCA2,13,32333143,na,na,Likely benign,0
BRCA2,13,32336323,na,na,Likely benign,0
BRCA2,13,32336335,na,na,Likely benign,0
BRCA2,13,32336446,na,na,Likely benign,0
BRCA2,13,32336452,na,na,Likely benign,0
BRCA2,13,32336480,na,na,Likely benign,0
BRCA2,13,32336572,na,na,Likely benign,0
BRCA2,13,32336620,na,na,Likely benign,0
BRCA2,13,32336677,na,na,Likely benign,0
BRCA2,13,32336719,na,na,Likely benign,0
BRCA2,13,32336773,na,na,Likely benign,0
BRCA2,13,32336854,na,na,Likely benign,0
BRCA2,13,32336890,na,na,Likely benign,0
BRCA2,13,32336924,na,na,Likely benign,0
BRCA2,13,32337130,na,na,Likely benign,0
BRCA2,13,32337160,na,na,Likely benign,0
BRCA2,13,32337175,na,na,Likely benign,0
BRCA2,13,32337208,na,na,Likely benign,0
BRCA2,13,32337254,na,na,Likely benign,0
BRCA2,13,32337343,na,na,Likely benign,0
BRCA2,13,32337385,na,na,Likely benign,0
BRCA2,13,32337607,na,na,Likely benign,0
BRCA2,13,32337748,na,na,Likely benign,0
BRCA2,13,32337781,na,na,Likely benign,0
BRCA2,13,32337787,na,na,Likely benign,0
BRCA2,13,32337937,na,na,Likely benign,0
BRCA2,13,32337952,na,na,Likely benign,0
BRCA2,13,32337970,na,na,Likely benign,0
BRCA2,13,32338066,na,na,Likely benign,0
BRCA2,13,32338306,na,na,Likely benign,0
BRCA2,13,32338327,na,na,Likely benign,0
BRCA2,13,32338348,na,na,Likely benign,0
BRCA2,13,32338399,na,na,Likely benign,0
BRCA2,13,32338441,na,na,Likely benign,0
BRCA2,13,32338457,na,na,Likely benign,0
BRCA2,13,32338465,na,na,Likely benign,0
BRCA2,13,32338543,na,na,Likely benign,0
BRCA2,13,32338564,na,na,Likely benign,0
BRCA2,13,32338675,na,na,Likely benign,0
BRCA2,13,32338681,na,na,Likely benign,0
BRCA2,13,32338750,na,na,Likely benign,0
BRCA2,13,32338786,na,na,Likely benign,0
BRCA2,13,32338826,na,na,Likely benign,0
BRCA2,13,32338858,na,na,Likely benign,0
BRCA2,13,32338909,na,na,Likely benign,0
BRCA2,13,32338930,na,na,Likely benign,0
BRCA2,13,32338981,na,na,Likely benign,0
BRCA2,13,32339152,na,na,Likely benign,0
BRCA2,13,32339194,na,na,Likely benign,0
BRCA2,13,32339461,na,na,Likely benign,0
BRCA2,13,32339479,na,na,Likely benign,0
BRCA2,13,32339488,na,na,Likely benign,0
BRCA2,13,32339560,na,na,Likely benign,0
BRCA2,13,32339662,na,na,Likely benign,0
BRCA2,13,32339680,na,na,Likely benign,0
BRCA2,13,32339755,na,na,Likely benign,0
BRCA2,13,32339815,na,na,Likely benign,0
BRCA2,13,32339827,na,na,Likely benign,0
BRCA2,13,32339842,na,na,Likely benign,0
BRCA2,13,32339884,na,na,Likely benign,0
BRCA2,13,32340001,na,na,Likely benign,0
BRCA2,13,32340031,na,na,Benign,0
BRCA2,13,32340040,na,na,Likely benign,0
BRCA2,13,32340055,na,na,Likely benign,0
BRCA2,13,32340133,na,na,Likely benign,0
BRCA2,13,32340184,na,na,Likely benign,0
BRCA2,13,32340196,na,na,Likely benign,0
BRCA2,13,32340256,na,na,Likely benign,0
BRCA2,13,32340280,na,na,Likely benign,0
BRCA2,13,32340304,na,na,Likely benign,0
BRCA2,13,32340349,na,na,Likely benign,0
BRCA2,13,32340382,na,na,Likely benign,0
BRCA2,13,32340439,na,na,Likely benign,0
BRCA2,13,32340487,na,na,Likely benign,0
BRCA2,13,32340643,na,na,Likely benign,0
BRCA2,13,32340826,na,na,Likely benign,0
BRCA2,13,32340841,na,na,Likely benign,0
BRCA2,13,32340844,na,na,Likely benign,0
BRCA2,13,32340859,na,na,Likely benign,0
BRCA2,13,32340880,na,na,Likely benign,0
BRCA2,13,32340889,na,na,Likely benign,0
BRCA2,13,32340898,na,na,Likely benign,0
BRCA2,13,32340973,na,na,Likely benign,0
BRCA2,13,32341105,na,na,Likely benign,0
BRCA2,13,32341120,na,na,Likely benign,0
BRCA2,13,32341126,na,na,Likely benign,0
BRCA2,13,32341145,na,na,Likely benign,0
BRCA2,13,32344601,na,na,Likely benign,0
BRCA2,13,32344625,na,na,Likely benign,0
BRCA2,13,32354909,na,na,Likely benign,0
BRCA2,13,32354951,na,na,Likely benign,0
BRCA2,13,32354957,na,na,Likely benign,0
BRCA2,13,32355044,na,na,Likely benign,0
BRCA2,13,32355095,na,na,Likely benign,0
BRCA2,13,32355101,na,na,Likely benign,0
BRCA2,13,32355164,na,na,Likely benign,0
BRCA2,13,32355203,na,na,Likely benign,0
BRCA2,13,32356472,na,na,Likely benign,0
BRCA2,13,32356591,na,na,Likely benign,0
BRCA2,13,32357759,na,na,Likely benign,0
BRCA2,13,32357816,na,na,Likely benign,0
BRCA2,13,32362661,na,na,Likely benign,0
BRCA2,13,32363455,na,na,Likely benign,0
BRCA2,13,32363467,na,na,Likely benign,0
BRCA2,13,32363476,na,na,Likely benign,0
BRCA2,13,32363494,na,na,Likely benign,0
BRCA2,13,32370443,na,na,Likely benign,0
BRCA2,13,32370449,na,na,Likely benign,0
BRCA2,13,32370482,na,na,Likely benign,0
BRCA2,13,32370512,na,na,Likely benign,0
BRCA2,13,32370521,na,na,Likely benign,0
BRCA2,13,32370530,na,na,Likely benign,0
BRCA2,13,32370988,na,na,Likely benign,0
BRCA2,13,32371052,na,na,Likely benign,0
BRCA2,13,32371060,na,na,Likely benign,0
BRCA2,13,32371081,na,na,Likely benign,0
BRCA2,13,32376680,na,na,Likely benign,0
BRCA2,13,32376725,na,na,Likely benign,0
BRCA2,13,32379376,na,na,Likely benign,0
BRCA2,13,32379388,na,na,Likely benign,0
BRCA2,13,32379439,na,na,Likely benign,0
BRCA2,13,32379775,na,na,Likely benign,0
BRCA2,13,32379784,na,na,Likely benign,0
BRCA2,13,32380015,na,na,Likely benign,0
BRCA2,13,32380039,na,na,Likely benign,0
BRCA2,13,32380042,na,na,Likely benign,0
BRCA2,13,32380051,na,na,Likely benign,0
BRCA2,13,32380066,na,na,Likely benign,0
BRCA2,13,32380069,na,na,Likely benign,0
BRCA2,13,32380090,na,na,Likely benign,0
BRCA2,13,32380099,na,na,Likely benign,0
BRCA2,13,32380109,na,na,Likely benign,0
BRCA2,13,32394771,na,na,Likely benign,0
BRCA2,13,32394795,na,na,Likely benign,0
BRCA2,13,32394864,na,na,Likely benign,0
BRCA2,13,32396912,na,na,Likely benign,0
BRCA2,13,32396933,na,na,Likely benign,0
BRCA2,13,32396936,na,na,Likely benign,0
BRCA2,13,32396990,na,na,Likely benign,0
BRCA2,13,32397041,na,na,Likely benign,0
BRCA2,13,32398212,na,na,Likely benign,0
BRCA2,13,32398224,na,na,Likely benign,0
BRCA2,13,32398248,na,na,Likely benign,0
BRCA2,13,32398263,na,na,Likely benign,0
BRCA2,13,32398323,na,na,Likely benign,0
BRCA2,13,32398342,na,na,Likely benign,0
BRCA2,13,32398422,na,na,Likely benign,0
BRCA2,13,32398443,na,na,Likely benign,0
BRCA2,13,32398485,na,na,Likely benign,0
BRCA2,13,32398570,na,na,Likely benign,0
BRCA2,13,32398575,na,na,Likely benign,0
BRCA2,13,32398578,na,na,Likely benign,0
BRCA2,13,32398626,na,na,Likely benign,0
BRCA2,13,32398629,na,na,Likely benign,0
BRCA2,13,32398665,na,na,Likely benign,0
BRCA2,13,32398683,na,na,Likely benign,0
BRCA2,13,32398704,na,na,Likely benign,0
BRCA1,17,43045705,na,na,Likely benign,0
BRCA1,17,43045774,na,na,Likely benign,0
BRCA1,17,43049130,na,na,Likely benign,0
BRCA1,17,43049133,na,na,Likely benign,0
BRCA1,17,43049175,na,na,Likely benign,0
BRCA1,17,43049187,na,na,Likely benign,0
BRCA1,17,43051082,na,na,Likely benign,0
BRCA1,17,43057061,na,na,Likely benign,0
BRCA1,17,43063366,na,na,Likely benign,0
BRCA1,17,43063911,na,na,Likely benign,0
BRCA1,17,43067645,na,na,Likely benign,0
BRCA1,17,43067651,na,na,Likely benign,0
BRCA1,17,43067654,na,na,Likely benign,0
BRCA1,17,43067672,na,na,Likely benign,0
BRCA1,17,43067675,na,na,Likely benign,0
BRCA1,17,43070937,na,na,Likely benign,0
BRCA1,17,43070952,na,na,Likely benign,0
BRCA1,17,43071116,na,na,Likely benign,0
BRCA1,17,43071174,na,na,Likely benign,0
BRCA1,17,43074349,na,na,Likely benign,0
BRCA1,17,43074407,na,na,Likely benign,0
BRCA1,17,43074422,na,na,Likely benign,0
BRCA1,17,43074446,na,na,Likely benign,0
BRCA1,17,43074461,na,na,Likely benign,0
BRCA1,17,43074488,na,na,Likely benign,0
BRCA1,17,43074500,na,na,Likely benign,0
BRCA1,17,43076556,na,na,Likely benign,0
BRCA1,17,43076559,na,na,Likely benign,0
BRCA1,17,43082429,na,na,Likely benign,0
BRCA1,17,43082450,na,na,Likely benign,0
BRCA1,17,43082489,na,na,Likely benign,0
BRCA1,17,43082498,na,na,Likely benign,0
BRCA1,17,43082543,na,na,Likely benign,0
BRCA1,17,43090950,na,na,Likely benign,0
BRCA1,17,43091019,na,na,Likely benign,0
BRCA1,17,43091480,na,na,Likely benign,0
BRCA1,17,43091481,na,na,Likely benign,0
BRCA1,17,43091505,na,na,Likely benign,0
BRCA1,17,43091529,na,na,Likely benign,0
BRCA1,17,43091595,na,na,Likely benign,0
BRCA1,17,43091613,na,na,Likely benign,0
BRCA1,17,43091679,na,na,Likely benign,0
BRCA1,17,43091733,na,na,Likely benign,0
BRCA1,17,43091751,na,na,Likely benign,0
BRCA1,17,43091775,na,na,Likely benign,0
BRCA1,17,43091808,na,na,Likely benign,0
BRCA1,17,43091886,na,na,Likely benign,0
BRCA1,17,43091889,na,na,Likely benign,0
BRCA1,17,43091904,na,na,Likely benign,0
BRCA1,17,43091994,na,na,Likely benign,0
BRCA1,17,43092006,na,na,Likely benign,0
BRCA1,17,43092129,na,na,Likely benign,0
BRCA1,17,43092135,na,na,Likely benign,0
BRCA1,17,43092150,na,na,Likely benign,0
BRCA1,17,43092183,na,na,Likely benign,0
BRCA1,17,43092321,na,na,Likely benign,0
BRCA1,17,43092462,na,na,Likely benign,0
BRCA1,17,43092486,na,na,Likely benign,0
BRCA1,17,43092666,na,na,Likely benign,0
BRCA1,17,43092702,na,na,Likely benign,0
BRCA1,17,43092849,na,na,Likely benign,0
BRCA1,17,43093008,na,na,Likely benign,0
BRCA1,17,43093197,na,na,Likely benign,0
BRCA1,17,43093377,na,na,Likely benign,0
BRCA1,17,43093392,na,na,Likely benign,0
BRCA1,17,43093416,na,na,Likely benign,0
BRCA1,17,43093437,na,na,Likely benign,0
BRCA1,17,43093467,na,na,Likely benign,0
BRCA1,17,43093482,na,na,Likely benign,0
BRCA1,17,43093494,na,na,Likely benign,0
BRCA1,17,43093515,na,na,Likely benign,0
BRCA1,17,43093563,na,na,Likely benign,0
BRCA1,17,43093584,na,na,Likely benign,0
BRCA1,17,43093692,na,na,Likely benign,0
BRCA1,17,43093704,na,na,Likely benign,0
BRCA1,17,43093743,na,na,Likely benign,0
BRCA1,17,43093785,na,na,Likely benign,0
BRCA1,17,43093809,na,na,Likely benign,0
BRCA1,17,43093881,na,na,Likely benign,0
BRCA1,17,43093953,na,na,Likely benign,0
BRCA1,17,43093962,na,na,Likely benign,0
BRCA1,17,43093968,na,na,Likely benign,0
BRCA1,17,43094004,na,na,Likely benign,0
BRCA1,17,43094007,na,na,Likely benign,0
BRCA1,17,43094115,na,na,Likely benign,0
BRCA1,17,43094157,na,na,Likely benign,0
BRCA1,17,43094196,na,na,Likely benign,0
BRCA1,17,43094202,na,na,Likely benign,0
BRCA1,17,43094322,na,na,Likely benign,0
BRCA1,17,43094358,na,na,Likely benign,0
BRCA1,17,43094408,na,na,Likely benign,0
BRCA1,17,43094541,na,na,Likely benign,0
BRCA1,17,43094550,na,na,Likely benign,0
BRCA1,17,43094573,na,na,Benign,0
BRCA1,17,43094594,na,na,Likely benign,0
BRCA1,17,43094652,na,na,Likely benign,0
BRCA1,17,43094655,na,na,Likely benign,0
BRCA1,17,43094712,na,na,Likely benign,0
BRCA1,17,43094721,na,na,Likely benign,0
BRCA1,17,43094765,na,na,Likely benign,0
BRCA1,17,43094772,na,na,Likely benign,0
BRCA1,17,43094781,na,na,Likely benign,0
BRCA1,17,43095847,na,na,Likely benign,0
BRCA1,17,43095877,na,na,Likely benign,0
BRCA1,17,43097249,na,na,Likely benign,0
BRCA1,17,43097258,na,na,Likely benign,0
BRCA1,17,43099806,na,na,Likely benign,0
BRCA1,17,43099845,na,na,Likely benign,0
BRCA1,17,43104173,na,na,Likely benign,0
BRCA1,17,43104194,na,na,Likely benign,0
BRCA1,17,43104224,na,na,Likely benign,0
BRCA1,17,43104260,na,na,Likely benign,0
BRCA1,17,43104878,na,na,Likely benign,0
BRCA1,17,43104908,na,na,Likely benign,0
BRCA1,17,43104911,na,na,Likely benign,0
BRCA1,17,43104920,na,na,Likely benign,0
BRCA1,17,43106467,na,na,Benign,0
BRCA1,17,43106515,na,na,Likely benign,0
BRCA1,17,43106527,na,na,Likely benign,0
PTEN,10,87952261,na,na,Pathogenic,1
CDH1,16,68738340,na,na,Likely benign,0
CDH1,16,68808568,na,na,Likely pathogenic,1
CDH1,16,68811791,na,na,Pathogenic,1
CDH1,16,68815725,na,na,Pathogenic,1
CDH1,16,68819417,na,na,Likely pathogenic,1
CDH1,16,68819426,na,na,Likely pathogenic,1
CDH1,16,68829669,na,na,Pathogenic,1
CHEK2,22,28696989,na,na,Likely pathogenic,1
ATM,11,108284345,na,na,Pathogenic,1
ATM,11,108310168,na,na,Pathogenic,1
ATM,11,108345755,na,na,Pathogenic,1
ATM,11,108365110,na,na,Pathogenic,1
PALB2,16,23635903,na,na,Pathogenic,1
BRCA2,13,32337677,na,na,Pathogenic,1
BRCA2,13,32332335,na,na,Pathogenic,1
BRCA1,17,43099781,na,na,Pathogenic,1
BRIP1,17,61808499,na,na,Pathogenic,1
GATA3,10,8073738,na,na,Pathogenic,1
BRCA2,13,32333214,na,na,Pathogenic,1
BRCA2,13,32332555,na,na,Likely benign,0
BRCA2,13,32339040,na,na,Likely benign,0
BRCA2,13,32333136,na,na,Pathogenic,1
BRCA2,13,32338377,na,na,Pathogenic,1
BRCA2,13,32339442,na,na,Pathogenic,1
BRCA2,13,32357916,na,na,Pathogenic,1
BRCA2,13,32363182,na,na,Pathogenic,1
BRCA2,13,32363447,na,na,Pathogenic,1
BRCA1,17,43091884,na,na,Pathogenic,1
BRCA1,17,43091894,na,na,Pathogenic,1
BRCA1,17,43092597,na,na,Pathogenic,1
BRCA1,17,43093276,na,na,Pathogenic,1
BRCA1,17,43093493,na,na,Pathogenic,1
BRCA1,17,43094645,na,na,Pathogenic,1
BRCA1,17,43094731,na,na,Pathogenic,1
BRCA2,13,32370577,na,na,Likely benign,0
BRCA2,13,32325061,na,na,Likely benign,0
BRCA2,13,32326079,na,na,Likely benign,0
BRCA2,13,32331036,na,na,Likely benign,0
BRCA2,13,32331042,na,na,Likely benign,0
BRCA2,13,32332937,na,na,Likely benign,0
BRCA2,13,32336599,na,na,Likely benign,0
BRCA2,13,32336917,na,na,Likely benign,0
BRCA2,13,32336959,na,na,Likely benign,0
BRCA2,13,32337683,na,na,Pathogenic,1
BRCA2,13,32338654,na,na,Likely benign,0
BRCA2,13,32338844,na,na,Likely benign,0
BRCA2,13,32339089,na,na,Likely benign,0
BRCA2,13,32339215,na,na,Likely benign,0
BRCA2,13,32339768,na,na,Likely benign,0
BRCA2,13,32340421,na,na,Likely benign,0
BRCA2,13,32340850,na,na,Likely benign,0
BRCA2,13,32340858,na,na,Likely benign,0
BRCA2,13,32340937,na,na,Likely benign,0
BRCA2,13,32357765,na,na,Likely benign,0
BRCA2,13,32362508,na,na,Likely benign,0
BRCA2,13,32362728,na,na,Likely benign,0
BRCA2,13,32370413,na,na,Likely benign,0
BRCA2,13,32380006,na,na,Pathogenic,1
BRCA2,13,32380173,na,na,Likely benign,0
BRCA2,13,32394949,na,na,Likely benign,0
BRCA2,13,32398708,na,na,Likely benign,0
BRCA1,17,43045713,na,na,Likely pathogenic,1
BRCA1,17,43049147,na,na,Pathogenic,1
BRCA1,17,43057078,na,na,Likely pathogenic,1
BRCA1,17,43057078,na,na,Likely benign,0
BRCA1,17,43067622,na,na,Likely pathogenic,1
BRCA1,17,43074340,na,na,Pathogenic,1
BRCA1,17,43074523,na,na,Likely pathogenic,1
BRCA1,17,43092141,na,na,Likely benign,0
BRCA1,17,43092157,na,na,Likely benign,0
BRCA1,17,43092494,na,na,Likely benign,0
BRCA1,17,43093098,na,na,Likely benign,0
BRCA1,17,43094643,na,na,Likely benign,0
BRCA1,17,43097323,na,na,Likely benign,0
BRCA1,17,43104813,na,na,Benign,0
UBR1,15,42958014,na,na,Likely benign,0
CDT1,16,88804608,na,na,Benign,0
BRIP1,17,61780893,na,na,Pathogenic,1
SLC25A1,22,19177751,na,na,Likely benign,0
BRCA2,13,32362574,na,na,Likely pathogenic,1
CDH1,16,68813495,na,na,Likely pathogenic,1
BRCA2,13,32337215,na,na,Pathogenic,1
BRCA2,13,32337731,na,na,Pathogenic,1
BRCA2,13,32394796,na,na,Likely pathogenic,1
BRCA2,13,32398401,na,na,Likely benign,0
PALB2,16,23638116,na,na,Pathogenic,1
CDH1,16,68811682,na,na,Pathogenic,1
BRCA1,17,43051113,na,na,Likely pathogenic,1
BRCA1,17,43074498,na,na,Pathogenic,1
BRCA1,17,43092722,na,na,Pathogenic,1
CHEK2,22,28725270,na,na,Pathogenic,1
BRCA2,13,32333197,na,na,Likely benign,0
ATM,11,108272455,na,na,Benign,0
HK1,10,69369438,na,na,Benign,0
PTCHD1,X,23392519,na,na,Benign,0
BRCA2,13,32332859,na,na,Pathogenic,1
BRCA2,13,32332657,na,na,Pathogenic,1
BRCA2,13,32333010,na,na,Pathogenic,1
BRCA2,13,32336731,na,na,Pathogenic,1
BRCA2,13,32336936,na,na,Pathogenic,1
BRCA2,13,32337791,na,na,Pathogenic,1
BRCA2,13,32340144,na,na,Pathogenic,1
BRCA2,13,32346824,na,na,Likely benign,0
BRCA2,13,32354968,na,na,Pathogenic,1
BRCA2,13,32370965,na,na,Pathogenic,1
BRCA2,13,32376744,na,na,Pathogenic,1
BRCA2,13,32379413,na,na,Likely benign,0
BRCA1,17,43057060,na,na,Likely benign,0
BRCA1,17,43071239,na,na,Likely pathogenic,1
BRCA1,17,43091443,na,na,Pathogenic,1
BRCA1,17,43092335,na,na,Pathogenic,1
BRCA1,17,43104901,na,na,Likely benign,0
THOC2,X,123712831,na,na,Likely benign,0
PTEN,10,87931085,na,na,Pathogenic,1
EVC2,4,5631795,na,na,Pathogenic,1
BARD1,2,214728897,na,na,Likely pathogenic,1
ATM,11,108244789,na,na,Pathogenic,1
ATM,11,108254040,na,na,Likely pathogenic,1
ATM,11,108289668,na,na,Pathogenic,1
BRCA2,13,32336454,na,na,Pathogenic,1
BRCA2,13,32338752,na,na,Pathogenic,1
BRCA2,13,32340653,na,na,Pathogenic,1
CDH1,16,68737464,na,na,Pathogenic,1
TP53,17,7674935,na,na,Likely pathogenic,1
RAB3GAP2,1,220196404,na,na,Likely benign,0
MUTYH,1,45333403,na,na,Likely benign,0
PIK3CD,1,9721585,na,na,Benign,0
DNAJC6,1,65364630,na,na,Likely benign,0
BARD1,2,214728946,na,na,Likely benign,0
BARD1,2,214752534,na,na,Likely benign,0
BARD1,2,214780554,na,na,Likely benign,0
BARD1,2,214781050,na,na,Pathogenic,1
BARD1,2,214780552,na,na,Likely benign,0
BARD1,2,214767563,na,na,Pathogenic,1
KIF1A,2,240775931,na,na,Likely benign,0
BARD1,2,214767577,na,na,Likely benign,0
BARD1,2,214780641,na,na,Likely benign,0
BARD1,2,214781411,na,na,Pathogenic,1
BARD1,2,214809526,na,na,Likely benign,0
CACNA2D2,3,50367644,na,na,Likely benign,0
DNAH1,3,52375988,na,na,Likely benign,0
COL12A1,6,75138968,na,na,Likely benign,0
GUSB,7,65961067,na,na,Likely benign,0
NDRG1,8,133244385,na,na,Likely benign,0
DYNC2I2,9,128640942,na,na,Benign,0
ODAD2,10,27985216,na,na,Likely benign,0
ATM,11,108250960,na,na,Pathogenic,1
ATM,11,108267170,na,na,Likely pathogenic,1
ATM,11,108279588,na,na,Pathogenic,1
ATM,11,108312463,na,na,Pathogenic,1
ATM,11,108325302,na,na,Likely benign,0
ATM,11,108345915,na,na,Likely benign,0
ATM,11,108244868,na,na,Likely pathogenic,1
ATM,11,108345915,na,na,Likely benign,0
ATM,11,108347374,na,na,Likely benign,0
ATM,11,108353845,na,na,Likely benign,0
ATM,11,108250693,na,na,Likely benign,0
ATM,11,108252807,na,na,Likely benign,0
ATM,11,108365134,na,na,Pathogenic,1
ATM,11,108257502,na,na,Pathogenic,1
ATM,11,108268464,na,na,Pathogenic,1
ATM,11,108292675,na,na,Pathogenic,1
ATM,11,108353888,na,na,Likely benign,0
ATM,11,108354806,na,na,Likely benign,0
ATM,11,108244013,na,na,Pathogenic,1
ATM,11,108250907,na,na,Pathogenic,1
ATM,11,108268618,na,na,Likely benign,0
ATM,11,108282806,na,na,Pathogenic,1
ATM,11,108292791,na,na,Pathogenic,1
ATM,11,108295068,na,na,Likely benign,0
ATM,11,108297390,na,na,Likely benign,0
ATM,11,108332044,na,na,Likely benign,0
ATM,11,108347366,na,na,Likely pathogenic,1
BRCA2,13,32326169,na,na,Likely benign,0
BRCA2,13,32329425,na,na,Likely benign,0
BRCA2,13,32332732,na,na,Likely benign,0
BRCA2,13,32337032,na,na,Pathogenic,1
BRCA2,13,32337925,na,na,Likely benign,0
BRCA2,13,32338549,na,na,Likely benign,0
BRCA2,13,32338855,na,na,Likely benign,0
BRCA2,13,32338933,na,na,Likely benign,0
BRCA2,13,32339056,na,na,Likely benign,0
BRCA2,13,32339647,na,na,Likely benign,0
BRCA2,13,32340250,na,na,Likely benign,0
BRCA2,13,32354851,na,na,Likely benign,0
BRCA2,13,32354852,na,na,Likely benign,0
BRCA2,13,32355251,na,na,Likely benign,0
BRCA2,13,32355301,na,na,Likely benign,0
BRCA2,13,32356424,na,na,Likely benign,0
BRCA2,13,32363544,na,na,Likely benign,0
BRCA2,13,32379481,na,na,Likely benign,0
BRCA2,13,32380044,na,na,Likely pathogenic,1
BRCA2,13,32394708,na,na,Likely benign,0
BRCA2,13,32319210,na,na,Likely benign,0
BRCA2,13,32319213,na,na,Likely benign,0
BRCA2,13,32336554,na,na,Likely benign,0
BRCA2,13,32337239,na,na,Likely benign,0
BRCA2,13,32338312,na,na,Likely benign,0
BRCA2,13,32338566,na,na,Pathogenic,1
BRCA2,13,32338870,na,na,Likely benign,0
BRCA2,13,32339695,na,na,Likely benign,0
BRCA2,13,32339725,na,na,Likely benign,0
BRCA2,13,32340105,na,na,Pathogenic,1
BRCA2,13,32340508,na,na,Likely benign,0
BRCA2,13,32354918,na,na,Likely benign,0
BRCA2,13,32357724,na,na,Likely benign,0
BRCA2,13,32357885,na,na,Likely benign,0
BRCA2,13,32371117,na,na,Likely benign,0
BRCA2,13,32376654,na,na,Likely benign,0
BRCA2,13,32376804,na,na,Likely benign,0
BRCA2,13,32379299,na,na,Likely benign,0
BRCA2,13,32379929,na,na,Likely benign,0
BRCA2,13,32398398,na,na,Likely benign,0
BRCA2,13,32398707,na,na,Likely benign,0
BRCA2,13,32319057,na,na,Likely benign,0
BRCA2,13,32319078,na,na,Likely benign,0
BRCA2,13,32319132,na,na,Likely benign,0
BRCA2,13,32326227,na,na,Likely benign,0
BRCA2,13,32332880,na,na,Pathogenic,1
BRCA2,13,32336551,na,na,Likely benign,0
BRCA2,13,32337040,na,na,Likely benign,0
BRCA2,13,32338465,na,na,Likely benign,0
BRCA2,13,32326302,na,na,Likely benign,0
BRCA2,13,32326633,na,na,Likely benign,0
BRCA2,13,32339402,na,na,Pathogenic,1
BRCA2,13,32339515,na,na,Likely benign,0
BRCA2,13,32331045,na,na,Likely benign,0
BRCA2,13,32339665,na,na,Likely benign,0
BRCA2,13,32339929,na,na,Likely benign,0
BRCA2,13,32340070,na,na,Likely benign,0
BRCA2,13,32346888,na,na,Likely benign,0
BRCA2,13,32355023,na,na,Likely benign,0
BRCA2,13,32356620,na,na,Likely benign,0
BRCA2,13,32362517,na,na,Likely benign,0
BRCA2,13,32363350,na,na,Likely benign,0
BRCA2,13,32370942,na,na,Likely benign,0
BRCA2,13,32371063,na,na,Likely benign,0
BRCA2,13,32379778,na,na,Likely benign,0
BRCA2,13,32337046,na,na,Likely benign,0
BRCA2,13,32379989,na,na,Likely benign,0
BRCA2,13,32337268,na,na,Likely benign,0
BRCA2,13,32396975,na,na,Likely benign,0
BRCA2,13,32398408,na,na,Pathogenic,1
BRCA2,13,32337874,na,na,Likely benign,0
BRCA2,13,32338540,na,na,Likely benign,0
BRCA2,13,32338555,na,na,Likely benign,0
BRCA2,13,32340355,na,na,Likely benign,0
BRCA2,13,32341024,na,na,Likely benign,0
BRCA2,13,32357750,na,na,Likely benign,0
BRCA2,13,32362513,na,na,Likely benign,0
BRCA2,13,32363371,na,na,Likely benign,0
BRCA2,13,32363395,na,na,Likely benign,0
BRCA2,13,32363521,na,na,Likely benign,0
BRCA2,13,32371016,na,na,Pathogenic,1
BRCA2,13,32379297,na,na,Likely benign,0
BRCA2,13,32379298,na,na,Likely benign,0
BRCA2,13,32379471,na,na,Pathogenic,1
BRCA2,13,32398551,na,na,Likely benign,0
PALB2,16,23635547,na,na,Likely benign,0
PALB2,16,23635598,na,na,Likely benign,0
PIGQ,16,580946,na,na,Likely benign,0
CDH1,16,68801789,na,na,Pathogenic,1
CDH1,16,68810342,na,na,Pathogenic,1
PALB2,16,23603584,na,na,Pathogenic,1
PALB2,16,23626278,na,na,Likely benign,0
PALB2,16,23603573,na,na,Likely benign,0
PALB2,16,23603673,na,na,Likely benign,0
PALB2,16,23623058,na,na,Likely benign,0
PALB2,16,23629784,na,na,Likely benign,0
PALB2,16,23630452,na,na,Pathogenic,1
PALB2,16,23635220,na,na,Likely benign,0
PALB2,16,23635460,na,na,Likely benign,0
PALB2,16,23635493,na,na,Likely benign,0
CDH1,16,68801727,na,na,Likely benign,0
CDH1,16,68823404,na,na,Pathogenic,1
RAD51D,17,35101216,na,na,Likely benign,0
RAD51D,17,35118628,na,na,Likely benign,0
CDH1,16,68808503,na,na,Pathogenic,1
BRCA1,17,43049171,na,na,Likely benign,0
BRCA1,17,43057051,na,na,Pathogenic,1
BRCA1,17,43067596,na,na,Likely benign,0
BRCA1,17,43076604,na,na,Likely benign,0
BRCA1,17,43092174,na,na,Likely benign,0
BRCA1,17,43094001,na,na,Likely benign,0
BRCA1,17,43094492,na,na,Likely benign,0
BRCA1,17,43097288,na,na,Likely benign,0
CDH1,16,68823566,na,na,Pathogenic,1
BRCA1,17,43124002,na,na,Likely benign,0
BRIP1,17,61684148,na,na,Likely benign,0
BRIP1,17,61686172,na,na,Likely benign,0
BRIP1,17,61861446,na,na,Likely pathogenic,1
DRC4,16,90032905,na,na,Benign,0
RAD51D,17,35107128,na,na,Likely benign,0
BRCA1,17,43049188,na,na,Likely pathogenic,1
BRCA1,17,43067624,na,na,Likely benign,0
BRCA1,17,43076472,na,na,Likely benign,0
BRCA1,17,43090983,na,na,Likely benign,0
BRCA1,17,43091859,na,na,Likely benign,0
BRCA1,17,43091864,na,na,Likely benign,0
BRCA1,17,43094214,na,na,Likely benign,0
BRCA1,17,43094253,na,na,Likely benign,0
NF1,17,31236023,na,na,Likely pathogenic,1
BRCA1,17,43094878,na,na,Likely benign,0
BRCA1,17,43104271,na,na,Likely benign,0
BRCA1,17,43115763,na,na,Pathogenic,1
RAD51D,17,35107130,na,na,Likely benign,0
BRCA1,17,43057035,na,na,Likely benign,0
BRCA1,17,43063341,na,na,Likely benign,0
BRCA1,17,43063960,na,na,Likely benign,0
BRCA1,17,43067592,na,na,Likely benign,0
BRCA1,17,43070911,na,na,Likely benign,0
BRCA1,17,43076621,na,na,Likely benign,0
BRCA1,17,43082388,na,na,Likely benign,0
RAD51D,17,35103333,na,na,Likely benign,0
RAD51D,17,35106413,na,na,Likely benign,0
RAD51D,17,35107368,na,na,Pathogenic,1
BRCA1,17,43093680,na,na,Likely benign,0
RAD51D,17,35118599,na,na,Likely benign,0
BRCA1,17,43093998,na,na,Likely benign,0
BRCA1,17,43094490,na,na,Likely benign,0
BRCA1,17,43095830,na,na,Likely benign,0
BRCA1,17,43095834,na,na,Likely benign,0
BRCA1,17,43095934,na,na,Likely benign,0
BRCA1,17,43097261,na,na,Likely benign,0
BRCA1,17,43104209,na,na,Likely benign,0
BRIP1,17,61715983,na,na,Likely benign,0
BRCA1,17,43124003,na,na,Likely benign,0
BRIP1,17,61801424,na,na,Likely benign,0
BRIP1,17,61808599,na,na,Likely benign,0
BRCA1,17,43074485,na,na,Likely benign,0
BRIP1,17,61857237,na,na,Likely benign,0
BRCA1,17,43091934,na,na,Likely benign,0
BRCA1,17,43092951,na,na,Likely benign,0
BRCA1,17,43093245,na,na,Likely benign,0
BRCA1,17,43093328,na,na,Likely benign,0
BRCA1,17,43094439,na,na,Likely benign,0
BRCA1,17,43094493,na,na,Likely benign,0
BRCA1,17,43094613,na,na,Likely benign,0
BRCA1,17,43104266,na,na,Likely benign,0
BRCA1,17,43115708,na,na,Likely benign,0
BRIP1,17,61685927,na,na,Likely benign,0
BRIP1,17,61743019,na,na,Likely benign,0
BRIP1,17,61801482,na,na,Likely benign,0
BRIP1,17,61859790,na,na,Likely benign,0
RAD51C,17,58720819,na,na,Likely benign,0
BRIP1,17,61743004,na,na,Likely benign,0
BRIP1,17,61793657,na,na,Likely benign,0
CHEK2,22,28696958,na,na,Likely benign,0
CHEK2,22,28734475,na,na,Pathogenic,1
CHEK2,22,28695729,na,na,Pathogenic,1
CHEK2,22,28695874,na,na,Likely pathogenic,1
CHEK2,22,28710063,na,na,Likely benign,0
CHEK2,22,28734395,na,na,Likely benign,0
CHEK2,22,28734428,na,na,Likely benign,0
CHEK2,22,28734593,na,na,Likely benign,0
CHEK2,22,28734593,na,na,Likely benign,0
PIGT,20,45419334,na,na,Benign,0
CHEK2,22,28687996,na,na,Likely benign,0
CHEK2,22,28699837,na,na,Likely pathogenic,1
CHEK2,22,28709999,na,na,Likely benign,0
CHEK2,22,28734402,na,na,Likely pathogenic,1
CHEK2,22,28734566,na,na,Likely benign,0
CHEK2,22,28695205,na,na,Pathogenic,1
CHEK2,22,28695820,na,na,Likely benign,0
BARD1,2,214745084,na,na,Pathogenic,1
BARD1,2,214745720,na,na,Likely pathogenic,1
BARD1,2,214745127,na,na,Pathogenic,1
BARD1,2,214745788,na,na,Pathogenic,1
BARD1,2,214728931,na,na,Likely benign,0
BARD1,2,214767480,na,na,Likely pathogenic,1
BARD1,2,214769242,na,na,Pathogenic,1
BARD1,2,214730410,na,na,Likely pathogenic,1
BARD1,2,214781124,na,na,Likely benign,0
BARD1,2,214769289,na,na,Pathogenic,1
BARD1,2,214781319,na,na,Likely benign,0
BARD1,2,214781066,na,na,Pathogenic,1
BARD1,2,214781349,na,na,Likely benign,0
BARD1,2,214781513,na,na,Likely benign,0
RAD50,5,132595617,na,na,Pathogenic,1
NBN,8,89943355,na,na,Likely benign,0
NBN,8,89981389,na,na,Likely benign,0
NBN,8,89970510,na,na,Likely benign,0
ATM,11,108235700,na,na,Pathogenic,1
ATM,11,108249045,na,na,Pathogenic,1
ATM,11,108229177,na,na,Likely pathogenic,1
ATM,11,108292769,na,na,Pathogenic,1
ATM,11,108302848,na,na,Likely benign,0
ATM,11,108247125,na,na,Pathogenic,1
ATM,11,108251002,na,na,Pathogenic,1
ATM,11,108279546,na,na,Pathogenic,1
ATM,11,108257607,na,na,Likely pathogenic,1
ATM,11,108326163,na,na,Pathogenic,1
ATM,11,108327643,na,na,Likely pathogenic,1
ATM,11,108271127,na,na,Pathogenic,1
ATM,11,108335008,na,na,Pathogenic,1
ATM,11,108299773,na,na,Pathogenic,1
ATM,11,108354876,na,na,Likely pathogenic,1
ATM,11,108307914,na,na,Pathogenic,1
ATM,11,108325323,na,na,Pathogenic,1
ATM,11,108294923,na,na,Likely benign,0
ATM,11,108295060,na,na,Pathogenic,1
ATM,11,108302859,na,na,Pathogenic,1
ATM,11,108334968,na,na,Likely pathogenic,1
ATM,11,108327759,na,na,Likely pathogenic,1
ATM,11,108330213,na,na,Likely pathogenic,1
BRCA2,13,32319123,na,na,Likely benign,0
BRCA2,13,32319168,na,na,Likely benign,0
BRCA2,13,32319228,na,na,Likely benign,0
BRCA2,13,32331002,na,na,Likely benign,0
BRCA2,13,32325158,na,na,Likely benign,0
BRCA2,13,32325179,na,na,Likely benign,0
BRCA2,13,32326134,na,na,Likely benign,0
BRCA2,13,32332945,na,na,Likely benign,0
BRCA2,13,32333185,na,na,Likely benign,0
BRCA2,13,32336447,na,na,Likely benign,0
BRCA2,13,32329474,na,na,Likely benign,0
BRCA2,13,32332285,na,na,Likely benign,0
BRCA2,13,32333179,na,na,Likely benign,0
BRCA2,13,32333194,na,na,Likely benign,0
BRCA2,13,32337506,na,na,Likely benign,0
BRCA2,13,32333274,na,na,Benign,0
BRCA2,13,32336476,na,na,Likely benign,0
BRCA2,13,32336653,na,na,Likely benign,0
BRCA2,13,32338540,na,na,Likely benign,0
BRCA2,13,32339476,na,na,Likely benign,0
BRCA2,13,32339569,na,na,Likely benign,0
BRCA2,13,32340814,na,na,Likely benign,0
BRCA2,13,32340934,na,na,Likely benign,0
BRCA2,13,32337811,na,na,Likely benign,0
BRCA2,13,32346873,na,na,Likely benign,0
BRCA2,13,32338192,na,na,Likely benign,0
BRCA2,13,32354924,na,na,Likely benign,0
BRCA2,13,32355044,na,na,Likely benign,0
BRCA2,13,32326143,na,na,Likely benign,0
BRCA2,13,32339524,na,na,Likely benign,0
BRCA2,13,32357768,na,na,Likely benign,0
BRCA2,13,32357920,na,na,Likely pathogenic,1
BRCA2,13,32362658,na,na,Likely benign,0
BRCA2,13,32336491,na,na,Likely benign,0
BRCA2,13,32336599,na,na,Pathogenic,1
BRCA2,13,32336699,na,na,Likely benign,0
BRCA2,13,32340750,na,na,Pathogenic,1
BRCA2,13,32376674,na,na,Likely benign,0
BRCA2,13,32346843,na,na,Likely benign,0
BRCA2,13,32337142,na,na,Likely benign,0
BRCA2,13,32376705,na,na,Likely benign,0
BRCA2,13,32379442,na,na,Likely benign,0
BRCA2,13,32337523,na,na,Likely benign,0
BRCA2,13,32379868,na,na,Likely benign,0
BRCA2,13,32380036,na,na,Pathogenic,1
BRCA2,13,32394906,na,na,Likely benign,0
BRCA2,13,32362656,na,na,Likely benign,0
BRCA2,13,32398635,na,na,Likely benign,0
BRCA2,13,32370488,na,na,Likely benign,0
BRCA2,13,32370542,na,na,Likely benign,0
BRCA2,13,32338861,na,na,Likely benign,0
BRCA2,13,32338879,na,na,Likely benign,0
BRCA2,13,32370962,na,na,Pathogenic,1
BRCA2,13,32339455,na,na,Likely benign,0
BRCA2,13,32340264,na,na,Pathogenic,1
BRCA2,13,32379476,na,na,Likely benign,0
BRCA2,13,32379775,na,na,Likely benign,0
BRCA2,13,32340397,na,na,Likely benign,0
BRCA2,13,32394742,na,na,Pathogenic,1
BRCA2,13,32394903,na,na,Likely benign,0
BRCA2,13,32398395,na,na,Likely benign,0
BRCA2,13,32340739,na,na,Likely benign,0
BRCA2,13,32398668,na,na,Likely benign,0
BRCA2,13,32319321,na,na,Likely benign,0
BRCA2,13,32326104,na,na,Likely benign,0
BRCA2,13,32355116,na,na,Likely benign,0
BRCA2,13,32332714,na,na,Likely benign,0
BRCA2,13,32332718,na,na,Likely benign,0
BRCA2,13,32356516,na,na,Likely benign,0
BRCA2,13,32356520,na,na,Likely benign,0
BRCA2,13,32333311,na,na,Likely benign,0
BRCA2,13,32336413,na,na,Likely benign,0
BRCA2,13,32370445,na,na,Likely pathogenic,1
BRCA2,13,32337295,na,na,Likely benign,0
BRCA2,13,32376713,na,na,Likely benign,0
BRCA2,13,32396936,na,na,Likely benign,0
BRCA2,13,32337577,na,na,Likely benign,0
BRCA2,13,32338120,na,na,Likely benign,0
BRCA2,13,32339839,na,na,Likely benign,0
BRCA2,13,32340625,na,na,Likely benign,0
BRCA2,13,32340814,na,na,Likely benign,0
BRCA2,13,32341078,na,na,Likely benign,0
PALB2,16,23603674,na,na,Likely benign,0
BRCA2,13,32355062,na,na,Likely benign,0
PALB2,16,23614040,na,na,Pathogenic,1
BRCA2,13,32356507,na,na,Likely benign,0
BRCA2,13,32356594,na,na,Likely benign,0
PALB2,16,23607875,na,na,Likely benign,0
PALB2,16,23607961,na,na,Likely benign,0
BRCA2,13,32362529,na,na,Likely benign,0
BRCA2,13,32363341,na,na,Likely benign,0
BRCA2,13,32363366,na,na,Likely pathogenic,1
BRCA2,13,32363467,na,na,Likely benign,0
PALB2,16,23624096,na,na,Likely pathogenic,1
PALB2,16,23630209,na,na,Pathogenic,1
PALB2,16,23629742,na,na,Likely benign,0
PALB2,16,23607860,na,na,Likely pathogenic,1
PALB2,16,23621397,na,na,Likely benign,0
BRCA2,13,32394798,na,na,Likely benign,0
PALB2,16,23623135,na,na,Likely benign,0
BRCA2,13,32398299,na,na,Likely benign,0
PALB2,16,23634861,na,na,Likely pathogenic,1
PALB2,16,23626352,na,na,Pathogenic,1
BRCA2,13,32398527,na,na,Likely benign,0
PALB2,16,23635219,na,na,Pathogenic,1
PALB2,16,23634871,na,na,Pathogenic,1
PALB2,16,23635601,na,na,Likely benign,0
PALB2,16,23637869,na,na,Likely benign,0
PALB2,16,23637851,na,na,Likely benign,0
CDH1,16,68808565,na,na,Pathogenic,1
PALB2,16,23635864,na,na,Pathogenic,1
CDH1,16,68801814,na,na,Pathogenic,1
CDH1,16,68737417,na,na,Pathogenic,1
CDH1,16,68815674,na,na,Pathogenic,1
CDH1,16,68833356,na,na,Pathogenic,1
PALB2,16,23623028,na,na,Likely benign,0
PALB2,16,23634898,na,na,Pathogenic,1
PALB2,16,23635280,na,na,Likely benign,0
PALB2,16,23641109,na,na,Likely pathogenic,1
CDH1,16,68813308,na,na,Likely benign,0
RAD51D,17,35106425,na,na,Likely benign,0
CDH1,16,68819283,na,na,Pathogenic,1
RAD51D,17,35118586,na,na,Pathogenic,1
BRCA1,17,43045741,na,na,Likely benign,0
BRCA1,17,43047692,na,na,Likely benign,0
BRCA1,17,43049175,na,na,Likely benign,0
BRCA1,17,43057114,na,na,Likely pathogenic,1
BRCA1,17,43063363,na,na,Likely benign,0
BRCA1,17,43067696,na,na,Pathogenic,1
BRCA1,17,43045723,na,na,Likely benign,0
BRCA1,17,43091022,na,na,Likely benign,0
BRCA1,17,43063370,na,na,Likely pathogenic,1
BRCA1,17,43067632,na,na,Likely benign,0
BRCA1,17,43067681,na,na,Likely benign,0
BRCA1,17,43071060,na,na,Likely benign,0
BRCA1,17,43091685,na,na,Likely benign,0
BRCA1,17,43074392,na,na,Likely benign,0
RAD51D,17,35101366,na,na,Likely pathogenic,1
BRCA1,17,43092441,na,na,Likely benign,0
BRCA1,17,43092636,na,na,Likely benign,0
BRCA1,17,43074494,na,na,Likely benign,0
BRCA1,17,43093239,na,na,Likely benign,0
BRCA1,17,43051106,na,na,Likely benign,0
BRCA1,17,43067648,na,na,Likely benign,0
BRCA1,17,43091943,na,na,Likely benign,0
BRCA1,17,43092033,na,na,Likely benign,0
BRCA1,17,43094253,na,na,Likely benign,0
BRCA1,17,43094377,na,na,Pathogenic,1
BRCA1,17,43093065,na,na,Likely benign,0
BRCA1,17,43091874,na,na,Likely benign,0
BRCA1,17,43094769,na,na,Likely benign,0
BRCA1,17,43104125,na,na,Likely benign,0
BRCA1,17,43124064,na,na,Likely benign,0
BRCA1,17,43092174,na,na,Likely benign,0
BRCA1,17,43092465,na,na,Likely benign,0
BRCA1,17,43094274,na,na,Likely benign,0
BRCA1,17,43093191,na,na,Likely benign,0
BRCA1,17,43093284,na,na,Likely benign,0
BRCA1,17,43093455,na,na,Likely benign,0
BRCA1,17,43094795,na,na,Likely benign,0
BRCA1,17,43095886,na,na,Likely benign,0
BRCA1,17,43095895,na,na,Likely benign,0
BRCA1,17,43094529,na,na,Likely benign,0
BRCA1,17,43124017,na,na,Likely pathogenic,1
BRCA1,17,43124031,na,na,Likely benign,0
BRCA1,17,43094826,na,na,Likely benign,0
RAD51C,17,58703194,na,na,Likely pathogenic,1
BRCA1,17,43115743,na,na,Pathogenic,1
BRIP1,17,61744439,na,na,Likely benign,0
RAD51C,17,58720744,na,na,Likely pathogenic,1
BRIP1,17,61683500,na,na,Likely benign,0
BRIP1,17,61743012,na,na,Likely pathogenic,1
BRIP1,17,61686137,na,na,Likely benign,0
BRIP1,17,61743073,na,na,Likely benign,0
BRIP1,17,61776557,na,na,Pathogenic,1
BRIP1,17,61857123,na,na,Pathogenic,1
BRIP1,17,61859911,na,na,Likely benign,0
BRIP1,17,61799303,na,na,Likely benign,0
RAD51D,17,35107449,na,na,Likely pathogenic,1
RAD51D,17,35118548,na,na,Pathogenic,1
BRIP1,17,61793656,na,na,Pathogenic,1
BRIP1,17,61799146,na,na,Pathogenic,1
BRCA1,17,43045744,na,na,Likely benign,0
BRCA1,17,43063887,na,na,Likely benign,0
BRCA1,17,43070996,na,na,Likely benign,0
BRCA1,17,43074386,na,na,Likely benign,0
BRCA1,17,43076535,na,na,Likely benign,0
BRCA1,17,43092366,na,na,Likely benign,0
BRCA1,17,43092654,na,na,Likely benign,0
BRCA1,17,43092975,na,na,Likely benign,0
BRCA1,17,43093043,na,na,Pathogenic,1
BRCA1,17,43093527,na,na,Likely benign,0
BRCA1,17,43094127,na,na,Likely benign,0
BRCA1,17,43094403,na,na,Likely benign,0
BRCA1,17,43104164,na,na,Likely benign,0
BRCA1,17,43106464,na,na,Likely benign,0
BRCA1,17,43106518,na,na,Likely benign,0
BRCA1,17,43124037,na,na,Likely benign,0
RAD51C,17,58720813,na,na,Likely pathogenic,1
CHEK2,22,28694058,na,na,Pathogenic,1
CHEK2,22,28689155,na,na,Likely benign,0
TP53,17,7674191,na,na,Pathogenic,1
CHEK2,22,28699836,na,na,Likely pathogenic,1
CHEK2,22,28699938,na,na,Likely pathogenic,1
TP53,17,7675989,na,na,Likely pathogenic,1
CHEK2,22,28719449,na,na,Pathogenic,1
CHEK2,22,28712018,na,na,Likely pathogenic,1
CHEK2,22,28725040,na,na,Pathogenic,1
CHEK2,22,28734666,na,na,Pathogenic,1
CHEK2,22,28725315,na,na,Pathogenic,1
CHEK2,22,28695739,na,na,Likely benign,0
CHEK2,22,28699837,na,na,Likely pathogenic,1
CHEK2,22,28699889,na,na,Likely benign,0
CHEK2,22,28703505,na,na,Pathogenic,1
BARD1,2,214730473,na,na,Pathogenic,1
BRCA2,13,32333231,na,na,Pathogenic,1
BRCA2,13,32336263,na,na,Pathogenic,1
PALB2,16,23635680,na,na,Pathogenic,1
BRCA1,17,43071026,na,na,Pathogenic,1
BRIP1,17,61685874,na,na,Pathogenic,1
BRIP1,17,61685911,na,na,Pathogenic,1
BRIP1,17,61861500,na,na,Pathogenic,1
CHEK2,22,28699939,na,na,Likely pathogenic,1
NFU1,2,69406017,na,na,Pathogenic,1
ATM,11,108229161,na,na,Benign,0
ATM,11,108317377,na,na,Likely pathogenic,1
BRCA2,13,32363211,na,na,Pathogenic,1
BRCA2,13,32362672,na,na,Likely pathogenic,1
BARD1,2,214745050,na,na,Likely benign,0
MUTYH,1,45340208,na,na,Likely benign,0
BARD1,2,214767471,na,na,Likely benign,0
BARD1,2,214752571,na,na,Likely benign,0
BARD1,2,214767467,na,na,Likely benign,0
BARD1,2,214745865,na,na,Likely benign,0
BARD1,2,214730393,na,na,Likely benign,0
BARD1,2,214752504,na,na,Likely benign,0
BARD1,2,214767664,na,na,Likely benign,0
BARD1,2,214809456,na,na,Likely benign,0
BARD1,2,214780545,na,na,Likely benign,0
BARD1,2,214792367,na,na,Likely benign,0
BARD1,2,214781525,na,na,Likely benign,0
BARD1,2,214809392,na,na,Likely benign,0
MLH1,3,37042345,na,na,Likely benign,0
PMS2,7,6006035,na,na,Likely benign,0
ATM,11,108248918,na,na,Likely benign,0
ATM,11,108251830,na,na,Likely benign,0
ATM,11,108256198,na,na,Likely benign,0
ATM,11,108256348,na,na,Likely benign,0
ATM,11,108259074,na,na,Pathogenic,1
NBN,8,89958706,na,na,Benign,0
ATM,11,108271243,na,na,Likely benign,0
ATM,11,108268392,na,na,Likely benign,0
ATM,11,108268505,na,na,Pathogenic,1
ATM,11,108271421,na,na,Likely benign,0
ATM,11,108272521,na,na,Likely benign,0
ATM,11,108229160,na,na,Likely benign,0
ATM,11,108287598,na,na,Likely pathogenic,1
ATM,11,108293296,na,na,Likely benign,0
ATM,11,108251082,na,na,Likely benign,0
ATM,11,108281168,na,na,Likely pathogenic,1
ATM,11,108304656,na,na,Likely benign,0
ATM,11,108256349,na,na,Likely benign,0
ATM,11,108310141,na,na,Likely benign,0
ATM,11,108321288,na,na,Likely benign,0
ATM,11,108227761,na,na,Likely benign,0
ATM,11,108325352,na,na,Pathogenic,1
ATM,11,108272520,na,na,Likely benign,0
ATM,11,108320065,na,na,Likely benign,0
ATM,11,108310322,na,na,Likely benign,0
BRCA2,13,32332453,na,na,Likely benign,0
BRCA2,13,32332837,na,na,Likely benign,0
BRCA2,13,32332852,na,na,Likely benign,0
ATM,11,108284219,na,na,Likely benign,0
BRCA2,13,32315674,na,na,Likely benign,0
BRCA2,13,32333176,na,na,Likely benign,0
ATM,11,108332047,na,na,Likely benign,0
BRCA2,13,32332262,na,na,Likely benign,0
BRCA2,13,32338720,na,na,Likely benign,0
BRCA2,13,32336890,na,na,Likely benign,0
BRCA2,13,32337616,na,na,Likely benign,0
BRCA2,13,32337764,na,na,Likely benign,0
BRCA2,13,32339266,na,na,Likely benign,0
BRCA2,13,32339584,na,na,Likely benign,0
BRCA2,13,32337877,na,na,Likely benign,0
BRCA2,13,32337925,na,na,Likely benign,0
BRCA2,13,32362616,na,na,Likely benign,0
BRCA2,13,32362622,na,na,Likely benign,0
BRCA2,13,32338051,na,na,Likely benign,0
BRCA2,13,32338225,na,na,Pathogenic,1
BRCA2,13,32363407,na,na,Likely benign,0
BRCA2,13,32340044,na,na,Likely benign,0
BRCA2,13,32325122,na,na,Likely benign,0
BRCA2,13,32340085,na,na,Likely benign,0
BRCA2,13,32340541,na,na,Likely benign,0
BRCA2,13,32326164,na,na,Likely benign,0
ATM,11,108316096,na,na,Pathogenic,1
BRCA2,13,32379910,na,na,Likely benign,0
BRCA2,13,32394951,na,na,Likely benign,0
BRCA2,13,32397059,na,na,Likely benign,0
BRCA2,13,32326606,na,na,Likely benign,0
BRCA2,13,32398314,na,na,Likely benign,0
BRCA2,13,32398785,na,na,Likely benign,0
BRCA2,13,32344664,na,na,Likely benign,0
ATM,11,108326040,na,na,Likely benign,0
BRCA2,13,32355306,na,na,Likely benign,0
ATM,11,108330206,na,na,Likely benign,0
BRCA2,13,32356543,na,na,Likely benign,0
BRCA2,13,32356622,na,na,Likely benign,0
BRCA2,13,32362504,na,na,Likely benign,0
BRCA2,13,32363231,na,na,Pathogenic,1
BRCA2,13,32337181,na,na,Likely benign,0
BRCA2,13,32337556,na,na,Likely benign,0
ATM,11,108335825,na,na,Likely benign,0
PALB2,16,23637849,na,na,Likely pathogenic,1
ATM,11,108335974,na,na,Likely benign,0
PALB2,16,23641090,na,na,Likely benign,0
BRCA2,13,32394886,na,na,Pathogenic,1
PALB2,16,23641105,na,na,Likely benign,0
BRCA2,13,32338420,na,na,Likely benign,0
BRCA2,13,32338633,na,na,Likely benign,0
ATM,11,108345870,na,na,Likely pathogenic,1
ATM,11,108354792,na,na,Likely benign,0
PALB2,16,23614039,na,na,Pathogenic,1
BRCA2,13,32339158,na,na,Likely benign,0
BRCA2,13,32316412,na,na,Likely benign,0
BRCA2,13,32339409,na,na,Pathogenic,1
BRCA2,13,32316540,na,na,Likely benign,0
BRCA2,13,32339821,na,na,Likely benign,0
PALB2,16,23629193,na,na,Likely benign,0
BRCA2,13,32319332,na,na,Likely benign,0
PALB2,16,23630354,na,na,Likely benign,0
BRCA2,13,32341012,na,na,Likely benign,0
BRCA2,13,32346879,na,na,Likely benign,0
BRCA2,13,32346891,na,na,Likely benign,0
BRCA2,13,32326222,na,na,Likely benign,0
BRCA2,13,32362682,na,na,Likely benign,0
RAD51D,17,35103243,na,na,Likely benign,0
BRCA2,13,32326479,na,na,Likely benign,0
BRCA2,13,32332720,na,na,Likely benign,0
BRCA2,13,32363518,na,na,Likely benign,0
BRCA2,13,32370997,na,na,Likely benign,0
BRCA2,13,32371087,na,na,Likely benign,0
BRCA2,13,32333239,na,na,Likely benign,0
RAD51D,17,35117027,na,na,Likely benign,0
PALB2,16,23607862,na,na,Likely pathogenic,1
RAD51D,17,35118639,na,na,Likely benign,0
PALB2,16,23607983,na,na,Likely benign,0
PALB2,16,23621345,na,na,Likely benign,0
BRCA1,17,43049109,na,na,Likely benign,0
BRCA1,17,43049137,na,na,Pathogenic,1
BRCA2,13,32338489,na,na,Likely benign,0
BRCA2,13,32338523,na,na,Likely benign,0
PALB2,16,23630450,na,na,Likely benign,0
PALB2,16,23630489,na,na,Likely benign,0
PALB2,16,23637970,na,na,Likely benign,0
CDH1,16,68737468,na,na,Likely benign,0
BRCA2,13,32344667,na,na,Likely benign,0
BRCA2,13,32344668,na,na,Likely benign,0
BRCA2,13,32354936,na,na,Likely benign,0
BRCA2,13,32355059,na,na,Likely benign,0
BRCA2,13,32357825,na,na,Likely benign,0
BRCA1,17,43051056,na,na,Likely benign,0
BRCA1,17,43063314,na,na,Likely benign,0
BRCA2,13,32371054,na,na,Likely benign,0
BRCA2,13,32376807,na,na,Likely benign,0
BRCA1,17,43067621,na,na,Likely benign,0
BRCA2,13,32379451,na,na,Likely benign,0
BRCA1,17,43092294,na,na,Likely benign,0
BRCA2,13,32379814,na,na,Pathogenic,1
BRCA1,17,43092477,na,na,Likely benign,0
CDH1,16,68812122,na,na,Likely benign,0
BRCA2,13,32379987,na,na,Likely benign,0
BRCA1,17,43094187,na,na,Likely benign,0
BRCA2,13,32394930,na,na,Likely benign,0
RAD51D,17,35103557,na,na,Likely benign,0
BRCA1,17,43095834,na,na,Likely benign,0
RAD51D,17,35107348,na,na,Likely benign,0
RAD51D,17,35107349,na,na,Likely benign,0
BRCA2,13,32398254,na,na,Likely benign,0
RAD51D,17,35101345,na,na,Likely benign,0
RAD51D,17,35116883,na,na,Likely benign,0
BRCA2,13,32398674,na,na,Likely benign,0
RAD51D,17,35103293,na,na,Likely benign,0
BRCA1,17,43115796,na,na,Likely benign,0
BRCA1,17,43124034,na,na,Likely benign,0
RAD51D,17,35118630,na,na,Likely benign,0
PALB2,16,23624095,na,na,Likely pathogenic,1
PALB2,16,23626311,na,na,Pathogenic,1
RAD51C,17,58696874,na,na,Likely benign,0
RAD51D,17,35107452,na,na,Likely benign,0
RAD51D,17,35107454,na,na,Likely benign,0
PALB2,16,23629690,na,na,Pathogenic,1
RAD51C,17,58720726,na,na,Likely benign,0
BRIP1,17,61686183,na,na,Likely benign,0
BRCA1,17,43049110,na,na,Likely benign,0
BRIP1,17,61693424,na,na,Likely benign,0
BRCA1,17,43063865,na,na,Likely benign,0
BRCA1,17,43070940,na,na,Likely benign,0
BRIP1,17,61784442,na,na,Likely benign,0
PALB2,16,23636352,na,na,Likely benign,0
BRIP1,17,61793581,na,na,Likely benign,0
BRIP1,17,61799087,na,na,Likely benign,0
PALB2,16,23637831,na,na,Likely benign,0
PALB2,16,23637959,na,na,Likely benign,0
BRCA1,17,43051135,na,na,Likely benign,0
BRIP1,17,61801488,na,na,Likely benign,0
BRCA1,17,43070909,na,na,Likely benign,0
BRCA1,17,43093326,na,na,Likely benign,0
BRIP1,17,61857122,na,na,Likely benign,0
BRCA1,17,43071042,na,na,Likely benign,0
BRCA1,17,43094382,na,na,Likely benign,0
BRCA1,17,43074356,na,na,Likely benign,0
BRCA1,17,43095978,na,na,Likely benign,0
BRCA1,17,43115791,na,na,Likely benign,0
RAD51C,17,58692796,na,na,Likely benign,0
BRCA1,17,43091038,na,na,Likely benign,0
BRCA1,17,43091601,na,na,Likely benign,0
BRCA1,17,43092680,na,na,Likely benign,0
BRCA1,17,43092684,na,na,Likely benign,0
BRCA1,17,43092957,na,na,Likely benign,0
BRCA1,17,43093935,na,na,Likely benign,0
RAD51C,17,58724110,na,na,Likely benign,0
BRCA1,17,43104108,na,na,Likely benign,0
BRCA1,17,43115717,na,na,Likely benign,0
RAD51D,17,35103539,na,na,Likely benign,0
BRIP1,17,61693527,na,na,Likely benign,0
BRIP1,17,61693528,na,na,Likely benign,0
RAD51D,17,35119516,na,na,Likely benign,0
RAD51D,17,35119523,na,na,Likely benign,0
BRIP1,17,61744608,na,na,Likely benign,0
BRIP1,17,61801252,na,na,Likely pathogenic,1
BRIP1,17,61686184,na,na,Likely benign,0
BRIP1,17,61847238,na,na,Likely benign,0
BRIP1,17,61776384,na,na,Likely benign,0
BRIP1,17,61857050,na,na,Likely benign,0
BRIP1,17,61857249,na,na,Likely benign,0
BRIP1,17,61859778,na,na,Likely benign,0
BRCA1,17,43071231,na,na,Likely benign,0
BRCA1,17,43082391,na,na,Likely benign,0
CHEK2,22,28689128,na,na,Likely benign,0
BRCA1,17,43091970,na,na,Likely benign,0
CHEK2,22,28695260,na,na,Likely benign,0
TP53,17,7674167,na,na,Likely benign,0
BRCA1,17,43093353,na,na,Likely benign,0
TP53,17,7676444,na,na,Likely benign,0
CHEK2,22,28719492,na,na,Likely benign,0
BRCA1,17,43094295,na,na,Likely benign,0
BRCA1,17,43115758,na,na,Likely benign,0
BRCA1,17,43124001,na,na,Likely benign,0
BRCA1,17,43124019,na,na,Likely benign,0
CHEK2,22,28695889,na,na,Likely benign,0
BRIP1,17,61685821,na,na,Likely benign,0
BRIP1,17,61693528,na,na,Likely benign,0
BRIP1,17,61743152,na,na,Likely benign,0
CHEK2,22,28710072,na,na,Likely benign,0
CHEK2,22,28711898,na,na,Likely benign,0
CHEK2,22,28711908,na,na,Likely pathogenic,1
BRIP1,17,61744471,na,na,Pathogenic,1
CHEK2,22,28724961,na,na,Likely benign,0
BRIP1,17,61776558,na,na,Pathogenic,1
BRIP1,17,61780248,na,na,Likely benign,0
BRIP1,17,61793583,na,na,Likely benign,0
CHEK2,22,28687998,na,na,Likely benign,0
CHEK2,22,28689124,na,na,Likely benign,0
CHEK2,22,28689129,na,na,Likely benign,0
CHEK2,22,28695696,na,na,Likely benign,0
CHEK2,22,28696900,na,na,Likely pathogenic,1
CHEK2,22,28703487,na,na,Likely benign,0
CHEK2,22,28710071,na,na,Likely benign,0
CHEK2,22,28719505,na,na,Likely benign,0
CHEK2,22,28734386,na,na,Likely benign,0
CHEK2,22,28694031,na,na,Likely pathogenic,1
CHEK2,22,28695125,na,na,Likely pathogenic,1
CHEK2,22,28697007,na,na,Likely benign,0
CHEK2,22,28703494,na,na,Likely benign,0
CHEK2,22,28712033,na,na,Likely benign,0
COL11A1,1,102898123,na,na,Likely pathogenic,1
BRCA2,13,32330918,na,na,Pathogenic,1
BRCA1,17,43092822,na,na,Pathogenic,1
BRCA2,13,32332581,na,na,Pathogenic,1
BRCA2,13,32333374,na,na,Likely benign,0
BRCA2,13,32337640,na,na,Likely benign,0
ATM,11,108287591,na,na,Likely benign,0
BRCA2,13,32398632,na,na,Likely benign,0
BRCA2,13,32319288,na,na,Likely benign,0
BRCA2,13,32333126,na,na,Likely pathogenic,1
BRCA2,13,32332468,na,na,Likely benign,0
BRCA2,13,32337991,na,na,Likely benign,0
BRCA2,13,32338915,na,na,Likely benign,0
BRCA2,13,32341075,na,na,Likely benign,0
BRCA2,13,32363503,na,na,Likely benign,0
BRCA2,13,32379898,na,na,Likely benign,0
BRCA2,13,32341073,na,na,Likely benign,0
BRCA1,17,43091418,na,na,Likely benign,0
BRCA1,17,43092264,na,na,Likely benign,0
BRCA2,13,32380051,na,na,Likely benign,0
BRCA1,17,43099797,na,na,Likely benign,0
BRCA1,17,43099863,na,na,Likely benign,0
BRCA1,17,43104857,na,na,Likely benign,0
BRCA1,17,43082531,na,na,Likely benign,0
CHEK2,22,28703504,na,na,Likely pathogenic,1
BRCA1,17,43094586,na,na,Likely benign,0
BRCA1,17,43092717,na,na,Likely benign,0
BRCA1,17,43099897,na,na,Likely benign,0
BRCA1,17,43091823,na,na,Likely benign,0
BRCA1,17,43115794,na,na,Likely benign,0
CHEK2,22,28695709,na,na,Likely pathogenic,1
CDH1,16,68833288,na,na,Likely pathogenic,1
CDH1,16,68833296,na,na,Likely pathogenic,1
CBS,21,43065582,na,na,Benign,0
TP53,17,7674857,na,na,Likely pathogenic,1
PGM1,1,63629472,na,na,Likely benign,0
BARD1,2,214769332,na,na,Likely benign,0
BARD1,2,214752516,na,na,Likely benign,0
BARD1,2,214797132,na,na,Likely benign,0
MSH2,2,47482767,na,na,Likely benign,0
BARD1,2,214745866,na,na,Likely benign,0
ELMOD3,2,85369783,na,na,Benign,0
BARD1,2,214752568,na,na,Likely benign,0
MSH6,2,47801166,na,na,Likely benign,0
LARS1,5,146128788,na,na,Likely benign,0
FANCC,9,95240667,na,na,Likely benign,0
ATM,11,108227898,na,na,Likely benign,0
ATM,11,108312511,na,na,Likely benign,0
ATM,11,108315804,na,na,Likely benign,0
ATM,11,108326232,na,na,Likely benign,0
ATM,11,108227898,na,na,Likely benign,0
ATM,11,108292605,na,na,Likely benign,0
ATM,11,108317356,na,na,Likely benign,0
ATM,11,108326038,na,na,Likely benign,0
ATM,11,108279618,na,na,Likely benign,0
ATM,11,108282702,na,na,Likely benign,0
ATM,11,108289589,na,na,Likely benign,0
ATM,11,108327640,na,na,Likely benign,0
ATM,11,108329007,na,na,Likely benign,0
ATM,11,108334953,na,na,Likely benign,0
ATM,11,108267163,na,na,Likely benign,0
ATM,11,108289808,na,na,Likely benign,0
BRCA2,13,32326628,na,na,Likely benign,0
BRCA2,13,32336455,na,na,Likely benign,0
BRCA2,13,32336740,na,na,Likely benign,0
BRCA2,13,32339791,na,na,Likely benign,0
BRCA2,13,32340170,na,na,Likely benign,0
BRCA2,13,32341030,na,na,Likely benign,0
BRCA2,13,32344666,na,na,Likely benign,0
BRCA2,13,32354850,na,na,Likely benign,0
BRCA2,13,32355050,na,na,Likely benign,0
BRCA2,13,32362711,na,na,Likely benign,0
BRCA2,13,32316535,na,na,Likely benign,0
BRCA2,13,32332933,na,na,Likely benign,0
BRCA2,13,32363160,na,na,Likely benign,0
BRCA2,13,32396978,na,na,Likely benign,0
PUS1,12,131941287,na,na,Likely benign,0
BRCA2,13,32336614,na,na,Likely benign,0
BRCA2,13,32337451,na,na,Likely benign,0
BRCA2,13,32339092,na,na,Likely benign,0
BRCA2,13,32339329,na,na,Likely benign,0
BRCA2,13,32341066,na,na,Likely benign,0
BRCA2,13,32344565,na,na,Likely benign,0
BRCA2,13,32357744,na,na,Likely benign,0
BRCA2,13,32379925,na,na,Likely benign,0
BRCA2,13,32394672,na,na,Likely benign,0
BRCA2,13,32326252,na,na,Likely benign,0
BRCA2,13,32338375,na,na,Likely benign,0
BRCA2,13,32340202,na,na,Likely benign,0
BRCA2,13,32376802,na,na,Likely benign,0
BRCA2,13,32379874,na,na,Likely benign,0
BRCA2,13,32379925,na,na,Likely benign,0
PALB2,16,23621496,na,na,Likely benign,0
PALB2,16,23635463,na,na,Likely benign,0
PALB2,16,23637959,na,na,Likely benign,0
PALB2,16,23621352,na,na,Likely benign,0
PALB2,16,23629287,na,na,Likely benign,0
PALB2,16,23629620,na,na,Likely benign,0
PALB2,16,23638084,na,na,Likely benign,0
POMT2,14,77277498,na,na,Likely benign,0
PALB2,16,23623993,na,na,Likely benign,0
PALB2,16,23623996,na,na,Likely benign,0
PALB2,16,23641104,na,na,Likely benign,0
MYO1C,17,1480574,na,na,Likely benign,0
RAD51D,17,35101053,na,na,Likely benign,0
RAD51D,17,35106374,na,na,Likely benign,0
BRCA1,17,43049107,na,na,Likely benign,0
BRCA1,17,43092873,na,na,Likely benign,0
BRCA1,17,43099900,na,na,Likely benign,0
RAD51D,17,35101315,na,na,Likely benign,0
BRCA1,17,43045812,na,na,Likely benign,0
BRCA1,17,43091040,na,na,Likely benign,0
BRIP1,17,61799126,na,na,Likely benign,0
BRCA1,17,43094280,na,na,Likely benign,0
BRCA1,17,43104852,na,na,Likely benign,0
BRCA1,17,43104869,na,na,Likely benign,0
BRCA1,17,43124106,na,na,Likely benign,0
PALB2,16,23629291,na,na,Likely benign,0
PALB2,16,23636343,na,na,Likely benign,0
BRIP1,17,61743144,na,na,Likely benign,0
RAD51D,17,35107462,na,na,Likely benign,0
RAD51D,17,35118492,na,na,Likely benign,0
BRIP1,17,61847236,na,na,Likely benign,0
BRCA1,17,43063378,na,na,Likely benign,0
BRCA1,17,43090928,na,na,Likely benign,0
BRCA1,17,43093964,na,na,Likely benign,0
BRCA1,17,43094334,na,na,Likely benign,0
CDH1,16,68738288,na,na,Likely benign,0
ACTG1,17,81512599,na,na,Likely benign,0
RAD51C,17,58703176,na,na,Likely benign,0
RAD51C,17,58724035,na,na,Likely benign,0
BRIP1,17,61686059,na,na,Likely benign,0
BRIP1,17,61693418,na,na,Likely benign,0
BRIP1,17,61780250,na,na,Likely benign,0
BRIP1,17,61784441,na,na,Likely benign,0
BRIP1,17,61861430,na,na,Likely benign,0
RAD51D,17,35103446,na,na,Likely benign,0
RAD51D,17,35103561,na,na,Likely benign,0
BRCA1,17,43051076,na,na,Likely benign,0
BRCA1,17,43063957,na,na,Likely benign,0
BRCA1,17,43082426,na,na,Likely benign,0
BRCA1,17,43093422,na,na,Likely benign,0
BRCA1,17,43094178,na,na,Likely benign,0
BRCA1,17,43094787,na,na,Likely benign,0
BRCA1,17,43094872,na,na,Likely benign,0
RAD51C,17,58703181,na,na,Likely benign,0
VPS53,17,601865,na,na,Benign,0
BRIP1,17,61743154,na,na,Likely benign,0
BRIP1,17,61857040,na,na,Likely benign,0
CHEK2,22,28694014,na,na,Likely benign,0
CHEK2,22,28699823,na,na,Likely benign,0
CHEK2,22,28703489,na,na,Likely benign,0
CHEK2,22,28725225,na,na,Likely benign,0
CHEK2,22,28699956,na,na,Likely benign,0
CHEK2,22,28703486,na,na,Likely benign,0
CHEK2,22,28719463,na,na,Likely benign,0
CHEK2,22,28695696,na,na,Likely benign,0
MED12,X,71127329,na,na,Likely benign,0
CHEK2,22,28689233,na,na,Likely benign,0
CHEK2,22,28725374,na,na,Likely benign,0
GIGYF2,2,232847339,na,na,Benign,0
BRCA2,13,32326284,na,na,Pathogenic,1
BRCA2,13,32333153,na,na,Likely benign,0
BRCA2,13,32316567,na,na,Likely benign,0
BRCA2,13,32326334,na,na,Likely benign,0
BRCA1,17,43063275,na,na,Likely benign,0
EOGT,3,68978436,na,na,Pathogenic,1
BRCA2,13,32340901,na,na,Likely benign,0
HNRNPU,1,244855905,na,na,Likely benign,0
BARD1,2,214730410,na,na,Likely pathogenic,1
BARD1,2,214745738,na,na,Likely benign,0
BARD1,2,214780749,na,na,Likely benign,0
BARD1,2,214780940,na,na,Pathogenic,1
BARD1,2,214809411,na,na,Likely pathogenic,1
BARD1,2,214745168,na,na,Likely benign,0
IL17RC,3,9920977,na,na,Benign,0
STING1,5,139477524,na,na,Likely benign,0
SPTAN1,9,128626386,na,na,Benign,0
ATM,11,108259083,na,na,Likely benign,0
ATM,11,108326093,na,na,Pathogenic,1
ATM,11,108288968,na,na,Likely benign,0
ATM,11,108289069,na,na,Pathogenic,1
ATM,11,108310153,na,na,Likely benign,0
ATM,11,108289780,na,na,Pathogenic,1
ATM,11,108329151,na,na,Pathogenic,1
ATM,11,108331872,na,na,Likely benign,0
ATM,11,108343356,na,na,Pathogenic,1
ATM,11,108353887,na,na,Likely benign,0
ATM,11,108253807,na,na,Likely benign,0
ATM,11,108268448,na,na,Pathogenic,1
ATM,11,108307994,na,na,Likely benign,0
ATM,11,108321300,na,na,Likely pathogenic,1
BRCA2,13,32316535,na,na,Likely benign,0
BRCA2,13,32325193,na,na,Likely benign,0
BRCA2,13,32333176,na,na,Likely benign,0
BRCA2,13,32333212,na,na,Likely benign,0
BRCA2,13,32336332,na,na,Likely benign,0
BRCA2,13,32336443,na,na,Likely benign,0
BRCA2,13,32326152,na,na,Pathogenic,1
BRCA2,13,32333182,na,na,Likely benign,0
BRCA2,13,32337976,na,na,Likely benign,0
BRCA2,13,32336257,na,na,Likely benign,0
BRCA2,13,32339023,na,na,Likely benign,0
BRCA2,13,32340265,na,na,Likely benign,0
BRCA2,13,32339059,na,na,Likely benign,0
BRCA2,13,32339593,na,na,Likely benign,0
BRCA2,13,32346811,na,na,Likely benign,0
BRCA2,13,32355295,na,na,Likely benign,0
BRCA2,13,32356582,na,na,Likely benign,0
BRCA2,13,32356626,na,na,Likely benign,0
BRCA2,13,32356625,na,na,Likely benign,0
BRCA2,13,32362704,na,na,Likely benign,0
BRCA2,13,32362517,na,na,Likely benign,0
BRCA2,13,32362538,na,na,Likely benign,0
BRCA2,13,32363329,na,na,Likely benign,0
BRCA2,13,32371030,na,na,Pathogenic,1
BRCA2,13,32379361,na,na,Likely benign,0
BRCA2,13,32379533,na,na,Likely benign,0
BRCA2,13,32370970,na,na,Likely benign,0
BRCA2,13,32376689,na,na,Likely benign,0
BRCA2,13,32376798,na,na,Likely benign,0
BRCA2,13,32380123,na,na,Likely benign,0
BRCA2,13,32394696,na,na,Likely benign,0
BRCA2,13,32398513,na,na,Likely benign,0
BRCA2,13,32325069,na,na,Likely benign,0
BRCA2,13,32326284,na,na,Pathogenic,1
BRCA2,13,32332681,na,na,Likely benign,0
BRCA2,13,32332968,na,na,Pathogenic,1
BRCA2,13,32333104,na,na,Likely benign,0
BRCA2,13,32337357,na,na,Pathogenic,1
BRCA2,13,32337790,na,na,Likely benign,0
BRCA2,13,32338336,na,na,Likely benign,0
BRCA2,13,32338843,na,na,Likely benign,0
TECPR2,14,102497727,na,na,Likely benign,0
BRCA2,13,32338918,na,na,Likely benign,0
BRCA2,13,32339335,na,na,Likely benign,0
BRCA2,13,32340185,na,na,Likely benign,0
BRCA2,13,32341054,na,na,Likely benign,0
BRCA2,13,32341069,na,na,Likely benign,0
BRCA2,13,32354963,na,na,Likely benign,0
BRCA2,13,32355297,na,na,Likely benign,0
BRCA2,13,32370400,na,na,Likely pathogenic,1
BRCA2,13,32370949,na,na,Likely benign,0
BRCA2,13,32398170,na,na,Likely benign,0
BRCA2,13,32398290,na,na,Likely benign,0
BRCA2,13,32336662,na,na,Likely benign,0
BRCA2,13,32337616,na,na,Likely benign,0
BRCA2,13,32338128,na,na,Likely benign,0
BRCA2,13,32338134,na,na,Pathogenic,1
BRCA2,13,32339430,na,na,Pathogenic,1
BRCA2,13,32339707,na,na,Likely benign,0
BRCA2,13,32340058,na,na,Likely benign,0
BRCA2,13,32340544,na,na,Likely benign,0
BRCA2,13,32362712,na,na,Likely benign,0
BRCA2,13,32394669,na,na,Likely benign,0
BRCA2,13,32394735,na,na,Likely benign,0
BRCA2,13,32394861,na,na,Likely benign,0
PALB2,16,23603497,na,na,Pathogenic,1
PALB2,16,23623046,na,na,Likely benign,0
PALB2,16,23626290,na,na,Pathogenic,1
PALB2,16,23626334,na,na,Pathogenic,1
PALB2,16,23603675,na,na,Likely benign,0
PALB2,16,23636302,na,na,Likely benign,0
PALB2,16,23629973,na,na,Likely benign,0
PALB2,16,23630170,na,na,Pathogenic,1
PALB2,16,23630468,na,na,Likely benign,0
PALB2,16,23635098,na,na,Pathogenic,1
PALB2,16,23635625,na,na,Likely benign,0
CDH1,16,68737417,na,na,Pathogenic,1
PALB2,16,23623999,na,na,Likely benign,0
PALB2,16,23624001,na,na,Likely benign,0
PALB2,16,23629246,na,na,Likely benign,0
CDH1,16,68812177,na,na,Pathogenic,1
CDH1,16,68828281,na,na,Pathogenic,1
PALB2,16,23637840,na,na,Likely benign,0
PALB2,16,23638062,na,na,Likely benign,0
CDH1,16,68737416,na,na,Pathogenic,1
PALB2,16,23623096,na,na,Pathogenic,1
PALB2,16,23635124,na,na,Likely benign,0
CDH1,16,68828173,na,na,Likely pathogenic,1
AARS1,16,70269623,na,na,Likely benign,0
RAD51D,17,35103307,na,na,Pathogenic,1
RAD51D,17,35107117,na,na,Pathogenic,1
RAD51D,17,35107455,na,na,Likely benign,0
BRCA1,17,43051133,na,na,Likely benign,0
BRCA1,17,43057037,na,na,Likely benign,0
BRCA1,17,43057043,na,na,Likely benign,0
BRCA1,17,43067626,na,na,Likely pathogenic,1
BRCA1,17,43091731,na,na,Pathogenic,1
BRCA1,17,43092954,na,na,Likely benign,0
BRCA1,17,43094067,na,na,Likely benign,0
BRCA1,17,43115776,na,na,Likely benign,0
BRCA1,17,43124044,na,na,Likely pathogenic,1
BRCA1,17,43057093,na,na,Likely pathogenic,1
BRCA1,17,43067709,na,na,Likely benign,0
BRCA1,17,43071033,na,na,Likely benign,0
BRCA1,17,43071240,na,na,Likely pathogenic,1
BRCA1,17,43074377,na,na,Likely benign,0
BRCA1,17,43090932,na,na,Likely benign,0
BRCA1,17,43091048,na,na,Likely benign,0
BRCA1,17,43091484,na,na,Likely benign,0
BRCA1,17,43091492,na,na,Pathogenic,1
BRCA1,17,43049164,na,na,Likely pathogenic,1
BRCA1,17,43063358,na,na,Likely benign,0
RAD51C,17,58696685,na,na,Likely benign,0
BRCA1,17,43082495,na,na,Likely benign,0
BRCA1,17,43091640,na,na,Likely benign,0
BRCA1,17,43091721,na,na,Likely benign,0
BRIP1,17,61683872,na,na,Likely benign,0
BRIP1,17,61686152,na,na,Pathogenic,1
BRCA1,17,43099768,na,na,Likely benign,0
BRCA1,17,43104899,na,na,Likely benign,0
BRIP1,17,61693443,na,na,Likely benign,0
BRCA1,17,43115723,na,na,Likely pathogenic,1
BRCA1,17,43093416,na,na,Likely benign,0
BRCA1,17,43106485,na,na,Likely benign,0
BRCA1,17,43115713,na,na,Likely benign,0
BRIP1,17,61849216,na,na,Likely benign,0
RAD51D,17,35103551,na,na,Likely benign,0
RAD51D,17,35103554,na,na,Likely benign,0
RAD51D,17,35106491,na,na,Likely benign,0
RAD51C,17,58709852,na,na,Likely benign,0
BRIP1,17,61799144,na,na,Likely benign,0
BRIP1,17,61849188,na,na,Pathogenic,1
BRCA1,17,43047712,na,na,Likely benign,0
BRCA1,17,43057118,na,na,Likely benign,0
BRCA1,17,43063970,na,na,Likely benign,0
RAD51C,17,58709997,na,na,Likely benign,0
BRCA1,17,43091517,na,na,Likely benign,0
BRIP1,17,61683881,na,na,Likely benign,0
BRIP1,17,61683959,na,na,Likely benign,0
BRCA1,17,43092036,na,na,Likely benign,0
BRIP1,17,61693488,na,na,Pathogenic,1
BRCA1,17,43097228,na,na,Likely benign,0
BRIP1,17,61776413,na,na,Likely benign,0
BRIP1,17,61780906,na,na,Likely benign,0
BRCA1,17,43106540,na,na,Likely benign,0
BRIP1,17,61849129,na,na,Likely pathogenic,1
BRIP1,17,61799240,na,na,Likely benign,0
ADA,20,44625645,na,na,Likely benign,0
IGLL1,22,23575091,na,na,Benign,0
CHEK2,22,28687972,na,na,Likely benign,0
CHEK2,22,28695182,na,na,Likely benign,0
CHEK2,22,28725348,na,na,Pathogenic,1
CHEK2,22,28725101,na,na,Pathogenic,1
CHEK2,22,28734545,na,na,Likely benign,0
CHEK2,22,28695874,na,na,Likely pathogenic,1
CHEK2,22,28709996,na,na,Likely benign,0
CHEK2,22,28712021,na,na,Likely benign,0
CHEK2,22,28696988,na,na,Likely pathogenic,1
CHEK2,22,28703497,na,na,Likely benign,0
CHEK2,22,28734643,na,na,Pathogenic,1
BRCA2,13,32363367,na,na,Likely pathogenic,1
BRCA2,13,32332645,na,na,Likely benign,0
ATM,11,108282752,na,na,Pathogenic,1
ATM,11,108345743,na,na,Pathogenic,1
BRCA2,13,32339361,na,na,Pathogenic,1
BRCA2,13,32379493,na,na,Pathogenic,1
PALB2,16,23603595,na,na,Pathogenic,1
BRCA2,13,32332404,na,na,Pathogenic,1
BRCA2,13,32332815,na,na,Pathogenic,1
BRCA2,13,32336488,na,na,Pathogenic,1
BRCA2,13,32339608,na,na,Pathogenic,1
BRCA1,17,43093646,na,na,Pathogenic,1
PALB2,16,23636071,na,na,Pathogenic,1
PALB2,16,23636336,na,na,Likely pathogenic,1
CDH1,16,68737427,na,na,Pathogenic,1
RAD51D,17,35116874,na,na,Likely benign,0
RAD51D,17,35116904,na,na,Likely benign,0
RAD51D,17,35119712,na,na,Likely benign,0
BRCA1,17,43057145,na,na,Likely benign,0
BRCA1,17,43082570,na,na,Likely benign,0
BRCA1,17,43090935,na,na,Likely benign,0
BRCA1,17,43104980,na,na,Likely benign,0
BRCA1,17,43106556,na,na,Benign,0
BRCA1,17,43125214,na,na,Likely benign,0
RAD51C,17,58694916,na,na,Likely benign,0
CHEK2,22,28734729,na,na,Likely pathogenic,1
VPS13B,8,99832367,na,na,Benign,0
ATM,11,108249103,na,na,Likely pathogenic,1
ATM,11,108294914,na,na,Likely benign,0
ATM,11,108248987,na,na,Pathogenic,1
ATM,11,108272556,na,na,Pathogenic,1
ATM,11,108315813,na,na,Likely benign,0
FAH,15,80181040,na,na,Pathogenic,1
HEXA,15,72346220,na,na,Likely benign,0
FUCA1,1,23848682,na,na,Benign,0
BRCA1,17,43076486,na,na,Pathogenic,1
BRCA2,13,32338994,na,na,Likely benign,0
BRCA2,13,32337429,na,na,Likely benign,0
CHEK2,22,28725346,na,na,Pathogenic,1
PALB2,16,23635768,na,na,Pathogenic,1
BRCA1,17,43092468,na,na,Likely benign,0
BRCA1,17,43104152,na,na,Likely benign,0
CHEK2,22,28695111,na,na,Likely benign,0
ATM,11,108289797,na,na,Pathogenic,1
SMARCAL1,2,216420297,na,na,Pathogenic,1
BARD1,2,214780763,na,na,Pathogenic,1
BARD1,2,214797059,na,na,Likely pathogenic,1
BARD1,2,214781095,na,na,Pathogenic,1
BARD1,2,214781258,na,na,Pathogenic,1
BARD1,2,214752560,na,na,Likely benign,0
BARD1,2,214781510,na,na,Likely pathogenic,1
ATM,11,108243952,na,na,Likely pathogenic,1
ATM,11,108272735,na,na,Pathogenic,1
ATM,11,108235822,na,na,Pathogenic,1
ATM,11,108244053,na,na,Pathogenic,1
VPS13B,8,99556591,na,na,Likely benign,0
ATM,11,108317485,na,na,Pathogenic,1
BRCA2,13,32338134,na,na,Pathogenic,1
BRCA2,13,32338525,na,na,Likely benign,0
BRCA2,13,32355290,na,na,Likely pathogenic,1
BRCA2,13,32379315,na,na,Likely pathogenic,1
ATM,11,108229291,na,na,Pathogenic,1
ATM,11,108256213,na,na,Likely pathogenic,1
ATM,11,108297334,na,na,Pathogenic,1
BRCA2,13,32340637,na,na,Pathogenic,1
BRCA2,13,32344575,na,na,Pathogenic,1
BRCA2,13,32363412,na,na,Pathogenic,1
BRCA2,13,32398219,na,na,Pathogenic,1
BRCA2,13,32337508,na,na,Likely benign,0
BRCA2,13,32340898,na,na,Likely benign,0
BRCA2,13,32341195,na,na,Likely benign,0
BRCA2,13,32362584,na,na,Likely pathogenic,1
BRCA2,13,32370487,na,na,Pathogenic,1
RAD51D,17,35103326,na,na,Likely pathogenic,1
BRCA1,17,43063313,na,na,Likely benign,0
BRCA1,17,43063350,na,na,Pathogenic,1
BRCA1,17,43115788,na,na,Likely benign,0
BRIP1,17,61686136,na,na,Pathogenic,1
MAP2K1,15,66436865,na,na,Likely benign,0
PALB2,16,23607858,na,na,Pathogenic,1
PALB2,16,23629276,na,na,Likely pathogenic,1
ATM,11,108251012,na,na,Pathogenic,1
ATM,11,108251038,na,na,Pathogenic,1
ATM,11,108292612,na,na,Likely benign,0
ATM,11,108307993,na,na,Likely benign,0
CDH1,16,68808849,na,na,Pathogenic,1
BRCA1,17,43099802,na,na,Pathogenic,1
BRIP1,17,61801454,na,na,Pathogenic,1
BRCA1,17,43099890,na,na,Likely benign,0
COL1A1,17,50197234,na,na,Pathogenic,1
CHEK2,22,28694039,na,na,Pathogenic,1
BRIP1,17,61799278,na,na,Pathogenic,1
BRIP1,17,61847214,na,na,Pathogenic,1
BRCA2,13,32326241,na,na,Pathogenic,1
BRCA2,13,32337992,na,na,Pathogenic,1
BRCA2,13,32340805,na,na,Likely benign,0
BRCA2,13,32371113,na,na,Likely benign,0
CHEK2,22,28689212,na,na,Pathogenic,1
CHEK2,22,28694030,na,na,Likely pathogenic,1
CHEK2,22,28696899,na,na,Likely pathogenic,1
PALB2,16,23638065,na,na,Likely benign,0
CDH1,16,68808493,na,na,Pathogenic,1
BRCA1,17,43057149,na,na,Likely benign,0
RAD51C,17,58694984,na,na,Pathogenic,1
PALB2,16,23635678,na,na,Pathogenic,1
BRIP1,17,61693429,na,na,Likely pathogenic,1
PALB2,16,23638128,na,na,Pathogenic,1
BRCA1,17,43067618,na,na,Likely benign,0
BRIP1,17,61776564,na,na,Likely pathogenic,1
BRCA2,13,32339485,na,na,Pathogenic,1
BRCA2,13,32316396,na,na,Benign,0
BRCA1,17,43093139,na,na,Likely benign,0
BRCA1,17,43067609,na,na,Pathogenic,1
CDH1,16,68812263,na,na,Likely pathogenic,1
CDH1,16,68822202,na,na,Pathogenic,1
CDH1,16,68828274,na,na,Pathogenic,1
BRCA1,17,43063872,na,na,Pathogenic,1
BRIP1,17,61715950,na,na,Likely pathogenic,1
PALB2,16,23630235,na,na,Pathogenic,1
BRCA2,13,32332531,na,na,Likely benign,0
BRCA2,13,32336806,na,na,Likely benign,0
BRCA2,13,32339689,na,na,Likely benign,0
BRCA2,13,32340496,na,na,Pathogenic,1
BRCA2,13,32341155,na,na,Pathogenic,1
BRCA2,13,32355275,na,na,Likely benign,0
BRCA2,13,32362522,na,na,Pathogenic,1
POLR3B,12,106459369,na,na,Pathogenic,1
BRCA2,13,32339808,na,na,Pathogenic,1
BRCA2,13,32337943,na,na,Likely benign,0
BARD1,2,214728964,na,na,Likely benign,0
BARD1,2,214745083,na,na,Pathogenic,1
BARD1,2,214780602,na,na,Likely benign,0
BARD1,2,214792378,na,na,Likely benign,0
ATM,11,108250786,na,na,Pathogenic,1
ATM,11,108312496,na,na,Pathogenic,1
ATM,11,108326088,na,na,Pathogenic,1
BRCA2,13,32319243,na,na,Likely benign,0
BRCA2,13,32319300,na,na,Likely benign,0
BRCA2,13,32326246,na,na,Likely benign,0
BRCA2,13,32332429,na,na,Likely benign,0
BRCA2,13,32332615,na,na,Likely benign,0
BRCA2,13,32332981,na,na,Likely benign,0
BRCA2,13,32333023,na,na,Likely benign,0
BRCA2,13,32333116,na,na,Likely benign,0
BRCA2,13,32333362,na,na,Likely benign,0
BRCA2,13,32336683,na,na,Likely benign,0
BRCA2,13,32336974,na,na,Likely benign,0
BRCA2,13,32337229,na,na,Likely benign,0
BRCA2,13,32338204,na,na,Likely benign,0
BRCA2,13,32338573,na,na,Likely benign,0
BRCA2,13,32338717,na,na,Likely benign,0
BRCA2,13,32338718,na,na,Pathogenic,1
BRCA2,13,32338888,na,na,Likely benign,0
BRCA2,13,32338999,na,na,Likely benign,0
BRCA2,13,32339263,na,na,Likely benign,0
BRCA2,13,32339365,na,na,Likely benign,0
BRCA2,13,32339416,na,na,Likely benign,0
BRCA2,13,32339668,na,na,Likely benign,0
BRCA2,13,32339797,na,na,Likely benign,0
BRCA2,13,32340445,na,na,Likely benign,0
BRCA2,13,32340535,na,na,Likely benign,0
BRCA2,13,32344616,na,na,Likely benign,0
BRCA2,13,32354993,na,na,Likely benign,0
BRCA2,13,32362564,na,na,Pathogenic,1
BRCA2,13,32363257,na,na,Likely benign,0
BRCA2,13,32363410,na,na,Likely benign,0
BRCA2,13,32363464,na,na,Likely benign,0
BRCA2,13,32363485,na,na,Likely benign,0
BRCA2,13,32376698,na,na,Likely benign,0
BRCA2,13,32379368,na,na,Likely benign,0
BRCA2,13,32397011,na,na,Likely benign,0
BRCA2,13,32398410,na,na,Likely benign,0
BRCA2,13,32398641,na,na,Likely benign,0
BRCA2,13,32398751,na,na,Likely benign,0
PALB2,16,23623094,na,na,Likely benign,0
PALB2,16,23629814,na,na,Likely benign,0
PALB2,16,23629973,na,na,Likely benign,0
PALB2,16,23635010,na,na,Pathogenic,1
PALB2,16,23635250,na,na,Likely benign,0
PALB2,16,23638105,na,na,Pathogenic,1
RAD51D,17,35103464,na,na,Likely benign,0
BRCA1,17,43045717,na,na,Likely benign,0
BRCA1,17,43045741,na,na,Likely benign,0
BRCA1,17,43045792,na,na,Likely benign,0
BRCA1,17,43063874,na,na,Likely pathogenic,1
BRCA1,17,43063886,na,na,Likely pathogenic,1
BRCA1,17,43067630,na,na,Likely benign,0
BRCA1,17,43067656,na,na,Likely benign,0
BRCA1,17,43071006,na,na,Likely benign,0
BRCA1,17,43071093,na,na,Likely benign,0
BRCA1,17,43074410,na,na,Likely benign,0
BRCA1,17,43092057,na,na,Likely benign,0
BRCA1,17,43092177,na,na,Likely benign,0
BRCA1,17,43092600,na,na,Likely benign,0
BRCA1,17,43092619,na,na,Benign,0
BRCA1,17,43092810,na,na,Likely benign,0
BRCA1,17,43093242,na,na,Likely benign,0
BRCA1,17,43093773,na,na,Likely benign,0
BRCA1,17,43093794,na,na,Likely benign,0
BRCA1,17,43104188,na,na,Likely benign,0
BRCA1,17,43106461,na,na,Likely benign,0
BRCA1,17,43115749,na,na,Likely benign,0
RAD51C,17,58703316,na,na,Pathogenic,1
BRIP1,17,61744547,na,na,Pathogenic,1
BRIP1,17,61780974,na,na,Pathogenic,1
BRIP1,17,61808662,na,na,Likely benign,0
CHEK2,22,28712011,na,na,Likely benign,0
BARD1,2,214767469,na,na,Likely benign,0
BARD1,2,214745871,na,na,Likely benign,0
BARD1,2,214792283,na,na,Likely benign,0
BARD1,2,214767462,na,na,Likely benign,0
BARD1,2,214769218,na,na,Likely benign,0
BARD1,2,214769322,na,na,Likely benign,0
BARD1,2,214752575,na,na,Likely benign,0
BARD1,2,214792280,na,na,Likely benign,0
BARD1,2,214792459,na,na,Likely benign,0
BARD1,2,214797041,na,na,Likely benign,0
BARD1,2,214809393,na,na,Likely benign,0
ATM,11,108267169,na,na,Likely pathogenic,1
ATM,11,108267351,na,na,Likely benign,0
ATM,11,108251829,na,na,Likely benign,0
ATM,11,108287725,na,na,Likely benign,0
ATM,11,108279609,na,na,Likely pathogenic,1
ATM,11,108289810,na,na,Likely benign,0
ATM,11,108292801,na,na,Likely benign,0
ATM,11,108302840,na,na,Likely benign,0
ATM,11,108307882,na,na,Likely benign,0
ATM,11,108312401,na,na,Likely benign,0
ATM,11,108315991,na,na,Likely benign,0
ATM,11,108327634,na,na,Likely benign,0
ATM,11,108325552,na,na,Likely benign,0
ATM,11,108365063,na,na,Likely benign,0
BRCA2,13,32370391,na,na,Likely benign,0
BRCA2,13,32397062,na,na,Likely benign,0
ATM,11,108235659,na,na,Likely benign,0
ATM,11,108248913,na,na,Likely benign,0
BRCA2,13,32326227,na,na,Likely benign,0
BRCA2,13,32326299,na,na,Likely benign,0
PALB2,16,23613989,na,na,Likely benign,0
PALB2,16,23623990,na,na,Likely benign,0
PALB2,16,23626405,na,na,Likely benign,0
ATM,11,108288966,na,na,Likely benign,0
BRCA2,13,32341211,na,na,Likely benign,0
ATM,11,108297280,na,na,Likely benign,0
BRCA2,13,32376810,na,na,Likely benign,0
BRCA2,13,32370391,na,na,Likely benign,0
BRCA2,13,32370572,na,na,Likely benign,0
RAD51D,17,35118483,na,na,Likely benign,0
BRCA2,13,32371115,na,na,Likely benign,0
PALB2,16,23607850,na,na,Likely benign,0
BRCA2,13,32394679,na,na,Likely benign,0
PALB2,16,23614107,na,na,Likely benign,0
PALB2,16,23626220,na,na,Likely benign,0
PALB2,16,23629295,na,na,Likely benign,0
PALB2,16,23630483,na,na,Likely benign,0
PALB2,16,23637833,na,na,Likely benign,0
PALB2,16,23638147,na,na,Likely benign,0
BRCA2,13,32326223,na,na,Likely benign,0
BRCA2,13,32362703,na,na,Likely benign,0
BRCA1,17,43063866,na,na,Likely benign,0
RAD51D,17,35101382,na,na,Likely benign,0
BRCA2,13,32397054,na,na,Likely benign,0
RAD51D,17,35107141,na,na,Likely benign,0
RAD51D,17,35107352,na,na,Likely benign,0
RAD51D,17,35119176,na,na,Likely benign,0
BRCA1,17,43047628,na,na,Likely benign,0
PALB2,16,23621496,na,na,Likely benign,0
PALB2,16,23624109,na,na,Likely benign,0
RAD51C,17,58709843,na,na,Likely benign,0
RAD51C,17,58720813,na,na,Likely pathogenic,1
PALB2,16,23626416,na,na,Likely benign,0
BRIP1,17,61685819,na,na,Likely benign,0
RAD51D,17,35118637,na,na,Likely benign,0
BRIP1,17,61849272,na,na,Likely benign,0
BRCA1,17,43047634,na,na,Likely benign,0
TP53,17,7674299,na,na,Likely benign,0
BRCA1,17,43051045,na,na,Likely benign,0
BRCA1,17,43076627,na,na,Likely benign,0
BRCA1,17,43082594,na,na,Likely benign,0
BRCA1,17,43057153,na,na,Likely benign,0
RAD51D,17,35119094,na,na,Likely benign,0
RAD51D,17,35119094,na,na,Likely benign,0
RAD51D,17,35119180,na,na,Likely benign,0
BRCA1,17,43115797,na,na,Likely benign,0
RAD51D,17,35119517,na,na,Likely benign,0
BRCA1,17,43063809,na,na,Likely benign,0
BRCA1,17,43049109,na,na,Likely benign,0
BRCA1,17,43070919,na,na,Likely benign,0
BRCA1,17,43071258,na,na,Likely benign,0
BRIP1,17,61685819,na,na,Likely benign,0
BRIP1,17,61693423,na,na,Likely benign,0
BRCA1,17,43090926,na,na,Likely benign,0
BRCA1,17,43051050,na,na,Likely benign,0
BRIP1,17,61743005,na,na,Likely benign,0
BRCA1,17,43091420,na,na,Likely benign,0
BRIP1,17,61780244,na,na,Likely benign,0
BRCA1,17,43074313,na,na,Likely benign,0
BRCA1,17,43074320,na,na,Likely benign,0
BRCA1,17,43115798,na,na,Likely benign,0
BRCA1,17,43115708,na,na,Likely benign,0
CHEK2,22,28725125,na,na,Likely pathogenic,1
BRIP1,17,61849266,na,na,Likely benign,0
BRIP1,17,61716064,na,na,Likely pathogenic,1
BRIP1,17,61857057,na,na,Likely pathogenic,1
BRIP1,17,61743147,na,na,Likely benign,0
BRIP1,17,61857245,na,na,Likely benign,0
BRIP1,17,61801492,na,na,Likely benign,0
BRIP1,17,61859776,na,na,Likely benign,0
BRIP1,17,61857041,na,na,Likely benign,0
CHEK2,22,28695694,na,na,Likely benign,0
CHEK2,22,28725126,na,na,Likely pathogenic,1
CHEK2,22,28725383,na,na,Likely benign,0
CHEK2,22,28687996,na,na,Likely benign,0
CHEK2,22,28697003,na,na,Likely benign,0
CHEK2,22,28719503,na,na,Likely benign,0
BRCA2,13,32370389,na,na,Pathogenic,1
BRCA2,13,32370936,na,na,Likely benign,0
BRCA2,13,32379748,na,na,Likely pathogenic,1
PALB2,16,23613999,na,na,Likely pathogenic,1
BRCA2,13,32333191,na,na,Likely benign,0
BRCA2,13,32337941,na,na,Likely benign,0
BRCA2,13,32338141,na,na,Likely benign,0
BRCA2,13,32338327,na,na,Likely pathogenic,1
BRCA2,13,32339177,na,na,Likely pathogenic,1
BRCA2,13,32339914,na,na,Likely benign,0
BRCA2,13,32341189,na,na,Likely benign,0
BRCA2,13,32376716,na,na,Likely benign,0
BRCA1,17,43057133,na,na,Likely benign,0
BRCA1,17,43091739,na,na,Likely benign,0
BRCA1,17,43092066,na,na,Likely benign,0
BRCA1,17,43092513,na,na,Likely benign,0
ATM,11,108287725,na,na,Likely benign,0
BRCA2,13,32326234,na,na,Likely benign,0
BRCA2,13,32330906,na,na,Likely benign,0
BRCA2,13,32379523,na,na,Likely benign,0
BRCA2,13,32398145,na,na,Likely benign,0
BRIP1,17,61743012,na,na,Likely pathogenic,1
ARHGEF9,X,63644097,na,na,Benign,0
TP53,17,7673700,na,na,Pathogenic,1
TP53,17,7673699,na,na,Likely pathogenic,1
ATM,11,108235805,na,na,Pathogenic,1
BRCA1,17,43104217,na,na,Pathogenic,1
TP53,17,7674939,na,na,Pathogenic,1
TP53,17,7675115,na,na,Pathogenic,1
RAD51C,17,58732545,na,na,Likely pathogenic,1
TP53,17,7673534,na,na,Pathogenic,1
TP53,17,7674180,na,na,Pathogenic,1
TP53,17,7674972,na,na,Pathogenic,1
PALB2,16,23629638,na,na,Likely pathogenic,1
TP53,17,7673533,na,na,Likely pathogenic,1
BARD1,2,214769289,na,na,Pathogenic,1
NDRG1,8,133258390,na,na,Likely benign,0
NBN,8,89964438,na,na,Pathogenic,1
ATM,11,108272818,na,na,Pathogenic,1
ATM,11,108272843,na,na,Pathogenic,1
ATM,11,108289748,na,na,Pathogenic,1
ATM,11,108316023,na,na,Pathogenic,1
ATM,11,108343326,na,na,Pathogenic,1
ATM,11,108354848,na,na,Pathogenic,1
BRCA2,13,32319323,na,na,Pathogenic,1
BRCA2,13,32332862,na,na,Pathogenic,1
BRCA2,13,32336867,na,na,Pathogenic,1
BRCA2,13,32337449,na,na,Pathogenic,1
BRCA2,13,32339782,na,na,Pathogenic,1
BRCA2,13,32363431,na,na,Likely benign,0
BRCA2,13,32398180,na,na,Pathogenic,1
PALB2,16,23629732,na,na,Pathogenic,1
PALB2,16,23635536,na,na,Pathogenic,1
PALB2,16,23636034,na,na,Pathogenic,1
CDH1,16,68737441,na,na,Pathogenic,1
RAD51D,17,35119114,na,na,Pathogenic,1
BRCA1,17,43049167,na,na,Likely pathogenic,1
BRCA1,17,43070972,na,na,Pathogenic,1
BRCA1,17,43092243,na,na,Likely benign,0
BRCA1,17,43092372,na,na,Likely benign,0
BRCA1,17,43092438,na,na,Likely benign,0
BRCA1,17,43093299,na,na,Likely benign,0
BRCA1,17,43115728,na,na,Likely pathogenic,1
BRCA1,17,43124025,na,na,Pathogenic,1
BRCA1,17,43124027,na,na,Likely pathogenic,1
BRIP1,17,61744568,na,na,Likely benign,0
BRIP1,17,61776505,na,na,Pathogenic,1
BRIP1,17,61784280,na,na,Pathogenic,1
BRIP1,17,61784364,na,na,Pathogenic,1
BRIP1,17,61849195,na,na,Pathogenic,1
CHEK2,22,28724994,na,na,Pathogenic,1
CHEK2,22,28725279,na,na,Pathogenic,1
HAX1,1,154273772,na,na,Likely pathogenic,1
BARD1,2,214745065,na,na,Likely pathogenic,1
ATM,11,108271414,na,na,Likely benign,0
ATM,11,108333970,na,na,Likely pathogenic,1
ATM,11,108279489,na,na,Pathogenic,1
ATM,11,108299710,na,na,Likely benign,0
ATM,11,108303031,na,na,Likely pathogenic,1
ATM,11,108297285,na,na,Likely pathogenic,1
ATM,11,108299713,na,na,Likely pathogenic,1
ATM,11,108310316,na,na,Likely pathogenic,1
ATM,11,108317372,na,na,Pathogenic,1
PALB2,16,23621357,na,na,Likely pathogenic,1
BRCA1,17,43047710,na,na,Likely benign,0
BRCA1,17,43104958,na,na,Pathogenic,1
BRCA2,13,32341197,na,na,Likely pathogenic,1
BRIP1,17,61776400,na,na,Likely pathogenic,1
BRIP1,17,61776563,na,na,Likely pathogenic,1
BRIP1,17,61780839,na,na,Likely pathogenic,1
BRCA2,13,32354860,na,na,Pathogenic,1
BRCA1,17,43047711,na,na,Likely benign,0
BRCA1,17,43067606,na,na,Pathogenic,1
PALB2,16,23624098,na,na,Likely benign,0
PALB2,16,23638064,na,na,Likely benign,0
CHEK2,22,28734402,na,na,Likely pathogenic,1
BRCA1,17,43106452,na,na,Likely benign,0
BRIP1,17,61693514,na,na,Likely pathogenic,1
BRIP1,17,61808758,na,na,Likely pathogenic,1
BRIP1,17,61861445,na,na,Likely pathogenic,1
CHEK2,22,28695126,na,na,Likely pathogenic,1
FANCD2,3,10073363,na,na,Pathogenic,1
BRCA2,13,32398297,na,na,Likely pathogenic,1
FAT4,4,125451400,na,na,Likely benign,0
BRCA2,13,32319277,na,na,Likely benign,0
BRCA2,13,32332768,na,na,Likely benign,0
BRCA2,13,32355188,na,na,Likely benign,0
BRCA2,13,32379348,na,na,Likely benign,0
ABCD4,14,74292322,na,na,Likely benign,0
PALB2,16,23630174,na,na,Likely benign,0
BRCA1,17,43093290,na,na,Likely benign,0
COL11A1,1,102938767,na,na,Benign,0
COL11A1,1,102998654,na,na,Benign,0
DARS2,1,173856554,na,na,Benign,0
TNNT2,1,201364179,na,na,Likely benign,0
LYST,1,235723976,na,na,Benign,0
SELENON,1,25800711,na,na,Benign,0
PGAP1,2,196848040,na,na,Benign,0
BARD1,2,214745914,na,na,Likely benign,0
LRPPRC,2,43982667,na,na,Benign,0
REEP1,2,86281956,na,na,Benign,0
MAT2A,2,85542852,na,na,Benign,0
TRNT1,3,3128725,na,na,Benign,0
AGA,4,177434726,na,na,Benign,0
NDUFS4,5,53682944,na,na,Benign,0
SGCD,5,156344448,na,na,Likely benign,0
ADGRV1,5,91150026,na,na,Likely benign,0
MCCC2,5,71644072,na,na,Benign,0
ADGRV1,5,90647953,na,na,Benign,0
LAMA2,6,129403800,na,na,Benign,0
MCPH1,8,6415011,na,na,Benign,0
NBN,8,89964549,na,na,Likely benign,0
ELP1,9,108875051,na,na,Benign,0
AUH,9,91297749,na,na,Benign,0
SBF2,11,10193644,na,na,Likely benign,0
ATM,11,108325186,na,na,Likely benign,0
ATM,11,108325301,na,na,Likely benign,0
ATM,11,108279678,na,na,Likely benign,0
BRCA2,13,32326237,na,na,Likely benign,0
CHD2,15,93002344,na,na,Benign,0
WNK1,12,861552,na,na,Benign,0
NIPA1,15,22812443,na,na,Benign,0
BRCA1,17,43051129,na,na,Likely benign,0
MKS1,17,58213195,na,na,Benign,0
PALB2,16,23623139,na,na,Likely benign,0
MYH11,16,15763755,na,na,Benign,0
BRCA1,17,43076627,na,na,Likely benign,0
PYCR1,17,81934848,na,na,Likely benign,0
COL1A1,17,50188065,na,na,Benign,0
COL6A1,21,46002798,na,na,Benign,0
COL1A1,17,50196948,na,na,Benign,0
NDUFV2,18,9119037,na,na,Benign,0
ARSL,X,2943418,na,na,Benign,0
TRPM4,19,49210611,na,na,Likely benign,0
COL6A1,21,45990712,na,na,Benign,0
EEF1A2,20,63490312,na,na,Likely benign,0
NF2,22,29660956,na,na,Benign,0
ALG13,X,111728143,na,na,Likely benign,0
TXNRD2,22,19918573,na,na,Benign,0
ANOS1,X,8596968,na,na,Benign,0
BRCA2,13,32341198,na,na,Likely pathogenic,1
BRCA1,17,43082537,na,na,Likely pathogenic,1
BRCA2,13,32398608,na,na,Likely benign,0
RPL11,1,23693820,na,na,Likely benign,0
FANCD2,3,10060335,na,na,Likely benign,0
BRCA2,13,32315665,na,na,Likely benign,0
BRCA2,13,32332324,na,na,Likely benign,0
BRCA1,17,43071042,na,na,Likely benign,0
BRCA1,17,43092867,na,na,Likely benign,0
BRCA1,17,43124082,na,na,Likely benign,0
CHEK2,22,28699865,na,na,Likely benign,0
BRCA2,13,32315678,na,na,Likely benign,0
BRCA1,17,43051136,na,na,Likely benign,0
RTN4IP1,6,106592256,na,na,Likely benign,0
GARS1,7,30628603,na,na,Likely benign,0
BRCA2,13,32338258,na,na,Likely benign,0
BRCA2,13,32338315,na,na,Likely benign,0
BRCA1,17,43094271,na,na,Likely benign,0
ANOS1,X,8699739,na,na,Benign,0
SDCCAG8,1,243274533,na,na,Likely benign,0
TRAPPC11,4,183685411,na,na,Likely benign,0
NNT,5,43656644,na,na,Benign,0
BRCA2,13,32370387,na,na,Likely benign,0
SOS2,14,50138790,na,na,Likely benign,0
C4BPA,1,207143827,na,na,Benign,0
PLXNA2,1,208054469,na,na,Benign,0
PLCH2,1,2480243,na,na,Benign,0
OMA1,1,58534181,na,na,Benign,0
ELL2,5,95943025,na,na,Likely benign,0
DAAM2,6,39856354,na,na,Benign,0
USP42,7,6150080,na,na,Benign,0
SEMA3A,7,84110587,na,na,Benign,0
GNRH1,8,25419460,na,na,Benign,0
PTPA,9,129134852,na,na,Benign,0
ADAMTS13,9,133432616,na,na,Benign,0
ADD3,10,110132308,na,na,Benign,0
DHTKD1,10,12081526,na,na,Likely benign,0
ETS1,11,128486082,na,na,Benign,0
VEGFB,11,64237220,na,na,Benign,0
DNHD1,11,6557411,na,na,Likely benign,0
UTP20,12,101367975,na,na,Benign,0
BRCA2,13,32370455,na,na,Likely benign,0
NBEA,13,35550494,na,na,Likely benign,0
MAPKBP1,15,41819648,na,na,Benign,0
RASGRF1,15,79003851,na,na,Benign,0
BRIP1,17,61693482,na,na,Likely benign,0
ZNF763,19,11978549,na,na,Benign,0
PRR12,19,49595961,na,na,Benign,0
TOX2,20,44051315,na,na,Likely benign,0
PREX1,20,48632539,na,na,Benign,0
ZBP1,20,57613163,na,na,Benign,0
URB1,21,32319217,na,na,Benign,0
VAMP7,X,155898234,na,na,Benign,0
VAMP7,Y,57084754,na,na,Benign,0
KDM5B,1,202746142,na,na,Benign,0
GOLT1A,1,204201745,na,na,Benign,0
BROX,1,222725482,na,na,Benign,0
FAM151A,1,54616168,na,na,Likely benign,0
NISCH,3,52485779,na,na,Benign,0
MAD2L1,4,120060168,na,na,Benign,0
FBXO8,4,174259787,na,na,Benign,0
CWH43,4,49050705,na,na,Benign,0
AMBN,4,70606188,na,na,Likely benign,0
DDR1,6,30897595,na,na,Benign,0
ITPR3,6,33689239,na,na,Benign,0
MYBL1,8,66592542,na,na,Benign,0
ABCA2,9,137028872,na,na,Benign,0
FOCAD,9,20926371,na,na,Likely benign,0
SNX19,11,130903384,na,na,Benign,0
CNOT12,11,57313464,na,na,Benign,0
DCHS1,11,6626553,na,na,Benign,0
TRAFD1,12,112142141,na,na,Benign,0
HECTD4,12,112167392,na,na,Benign,0
FBXW8,12,116985400,na,na,Benign,0
LAG3,12,6778280,na,na,Benign,0
BRCA2,13,32340313,na,na,Likely benign,0
PPP1R13B,14,103740262,na,na,Benign,0
MTHFD1,14,64400804,na,na,Likely benign,0
RAD51B,14,67887162,na,na,Benign,0
ANKS3,16,4724821,na,na,Likely benign,0
CHTF18,16,793016,na,na,Benign,0
DLX4,17,49969750,na,na,Likely benign,0
SIGLEC6,19,51531295,na,na,Benign,0
SLC23A2,20,4873958,na,na,Benign,0
ATAD3A,1,1512313,na,na,Benign,0
TBX19,1,168291418,na,na,Benign,0
FAAH,1,46411612,na,na,Benign,0
OMA1,1,58530648,na,na,Likely benign,0
ABCD3,1,94464782,na,na,Benign,0
COL6A6,3,130563563,na,na,Benign,0
PIK3CB,3,138684790,na,na,Likely benign,0
TNIK,3,171093840,na,na,Likely benign,0
FHIT,3,60536957,na,na,Benign,0
IDUA,4,1000658,na,na,Benign,0
CPZ,4,8606067,na,na,Benign,0
DMXL1,5,119244447,na,na,Benign,0
LPCAT1,5,1470826,na,na,Benign,0
MYO10,5,16685738,na,na,Benign,0
MAP1B,5,72195484,na,na,Benign,0
UFL1,6,96552489,na,na,Benign,0
IMMP2L,7,111521382,na,na,Benign,0
GET4,7,892416,na,na,Benign,0
GTF2E2,8,30612300,na,na,Likely benign,0
TRAF2,9,136899648,na,na,Benign,0
VWA2,10,114255010,na,na,Benign,0
MYOF,10,93374950,na,na,Likely benign,0
WASHC4,12,105141235,na,na,Benign,0
LRIG3,12,58886850,na,na,Likely benign,0
SRGAP1,12,64097267,na,na,Likely benign,0
IRAK3,12,66211477,na,na,Benign,0
CHAMP1,13,114325506,na,na,Likely benign,0
BRCA2,13,32362607,na,na,Likely benign,0
RUBCNL,13,46371941,na,na,Benign,0
JAG2,14,105143591,na,na,Benign,0
RAD51B,14,67825470,na,na,Benign,0
TIPE3,15,51105005,na,na,Likely benign,0
HERC1,15,63643504,na,na,Likely benign,0
IL4R,16,27358967,na,na,Benign,0
HSD11B2,16,67436906,na,na,Benign,0
ZCCHC14,16,87412066,na,na,Benign,0
DDX27,20,49223432,na,na,Benign,0
SAMM50,22,43964455,na,na,Likely benign,0
PGK1,X,78113798,na,na,Benign,0
CASZ1,1,10649201,na,na,Benign,0
MAP3K6,1,27362252,na,na,Likely benign,0
KCNAB2,1,6094490,na,na,Benign,0
FAP,2,162174974,na,na,Benign,0
CAD,2,27217874,na,na,Likely benign,0
MND1,4,153350059,na,na,Benign,0
POM121,7,72939329,na,na,Benign,0
IMPA1,8,81676288,na,na,Benign,0
DAPK1,9,87643366,na,na,Benign,0
DAPK1,9,87643367,na,na,Likely benign,0
COL13A1,10,69937632,na,na,Benign,0
ATM,11,108256347,na,na,Likely benign,0
PRDM10,11,129942635,na,na,Benign,0
PXN,12,120215008,na,na,Benign,0
P2RX4,12,121222171,na,na,Benign,0
ITGAL,16,30489160,na,na,Benign,0
RNF213,17,80351683,na,na,Benign,0
PRKCSH,19,11436382,na,na,Benign,0
PLK5,19,1531737,na,na,Benign,0
PHLDB3,19,43495251,na,na,Benign,0
BPI,20,38318483,na,na,Benign,0
SLC17A9,20,62956963,na,na,Benign,0
SLC17A9,20,62956964,na,na,Benign,0
IFT27,22,36767370,na,na,Benign,0
KLF8,X,56265749,na,na,Benign,0
GPR143,X,9739481,na,na,Benign,0
MYBPH,1,203169018,na,na,Benign,0
GRIK3,1,36859976,na,na,Benign,0
DNAJC13,3,132474976,na,na,Likely benign,0
PIK3CB,3,138691104,na,na,Benign,0
TFRC,3,196058287,na,na,Benign,0
SEMA5A,5,9051901,na,na,Benign,0
HIVEP1,6,12122467,na,na,Likely benign,0
UNC93A,6,167307780,na,na,Benign,0
RNF216,7,5711812,na,na,Benign,0
COL14A1,8,120332149,na,na,Benign,0
IKBKB,8,42306345,na,na,Benign,0
COL27A1,9,114306644,na,na,Likely benign,0
ASTN2,9,116729024,na,na,Benign,0
TNS2,12,53058093,na,na,Benign,0
ATP11A,13,112824360,na,na,Likely benign,0
FLT3,13,28015231,na,na,Likely benign,0
BRCA2,13,32316431,na,na,Likely benign,0
MOK,14,102251756,na,na,Benign,0
ESR2,14,64282979,na,na,Benign,0
VPS13C,15,61874877,na,na,Likely benign,0
KATNIP,16,27703963,na,na,Benign,0
ACLY,17,41886139,na,na,Likely benign,0
ETV4,17,43528676,na,na,Likely benign,0
FGF11,17,7442722,na,na,Benign,0
PLXNA3,X,154464031,na,na,Benign,0
LAPTM4B,8,97805403,na,na,Benign,0
RNPC3,1,103544934,na,na,Benign,0
CRYZ,1,74707102,na,na,Likely benign,0
UGGT1,2,128189709,na,na,Benign,0
FAP,2,162226627,na,na,Benign,0
ERBB4,2,211704198,na,na,Benign,0
ITGA4,2,181530514,na,na,Benign,0
CAD,2,27243412,na,na,Likely benign,0
COL17A1,10,104077416,na,na,Benign,0
CAPN5,11,77116223,na,na,Benign,0
RAD51B,14,67835204,na,na,Benign,0
IQCH,15,67400108,na,na,Benign,0
CD9,12,6235220,na,na,Benign,0
MCF2L,13,113085076,na,na,Benign,0
ARL2BP,16,57252156,na,na,Benign,0
VSIG4,X,66032759,na,na,Benign,0
MSL3,X,11772618,na,na,Benign,0
MAGED2,X,54811565,na,na,Benign,0
CAMTA1,1,7664453,na,na,Likely benign,0
BARD1,2,214781051,na,na,Likely benign,0
LTBP1,2,33275889,na,na,Benign,0
UTRN,6,144840741,na,na,Likely benign,0
ADCY6,12,48783249,na,na,Likely benign,0
BRCA2,13,32319126,na,na,Likely benign,0
BRCA2,13,32332471,na,na,Likely benign,0
BRCA2,13,32337013,na,na,Likely benign,0
BRCA2,13,32337166,na,na,Likely benign,0
BRCA2,13,32337538,na,na,Likely benign,0
BRCA2,13,32338588,na,na,Likely benign,0
BRCA2,13,32338987,na,na,Likely benign,0
BRCA2,13,32339806,na,na,Likely benign,0
BRCA2,13,32340238,na,na,Likely benign,0
BRCA2,13,32340322,na,na,Likely benign,0
BRCA2,13,32340685,na,na,Likely benign,0
BRCA2,13,32340781,na,na,Likely benign,0
BRCA2,13,32340820,na,na,Likely benign,0
BRCA2,13,32341111,na,na,Likely benign,0
BRCA2,13,32363272,na,na,Likely benign,0
BRCA2,13,32370545,na,na,Likely benign,0
BRCA2,13,32370994,na,na,Likely benign,0
BRCA2,13,32380087,na,na,Likely benign,0
BRCA2,13,32394807,na,na,Likely benign,0
BRCA2,13,32398404,na,na,Likely benign,0
FAN1,15,30910732,na,na,Likely benign,0
KIF23,15,69446939,na,na,Likely benign,0
RAD51D,17,35107039,na,na,Likely benign,0
RAD51D,17,35107381,na,na,Likely benign,0
BRCA1,17,43067630,na,na,Likely benign,0
BRCA1,17,43071015,na,na,Likely benign,0
BRCA1,17,43082453,na,na,Likely benign,0
BRCA1,17,43094370,na,na,Likely benign,0
BRCA1,17,43094688,na,na,Likely benign,0
BRCA1,17,43104878,na,na,Likely benign,0
BRIP1,17,61683770,na,na,Likely benign,0
BRIP1,17,61684087,na,na,Likely benign,0
BRIP1,17,61849177,na,na,Likely benign,0
BRIP1,17,61857218,na,na,Likely benign,0
BRIP1,17,61859874,na,na,Likely benign,0
BAIAP2,17,81099957,na,na,Likely benign,0
XRCC1,19,43560931,na,na,Benign,0
SAFB,19,5649932,na,na,Benign,0
ZNF135,19,58067073,na,na,Likely benign,0
CHEK2,22,28695808,na,na,Likely benign,0
CHEK2,22,28710030,na,na,Likely benign,0
DVL1,1,1339815,na,na,Likely benign,0
BARD1,2,214767472,na,na,Likely benign,0
BARD1,2,214769320,na,na,Likely benign,0
SYNE1,6,152211598,na,na,Likely benign,0
MSR1,8,16177885,na,na,Likely benign,0
BRCA2,13,32333403,na,na,Likely benign,0
BRCA2,13,32370566,na,na,Likely benign,0
BRCA2,13,32316546,na,na,Likely benign,0
BRCA2,13,32319058,na,na,Likely benign,0
BRCA2,13,32379730,na,na,Likely benign,0
BRCA2,13,32396885,na,na,Likely benign,0
BRCA2,13,32316407,na,na,Likely benign,0
BRCA2,13,32329507,na,na,Likely benign,0
BRCA2,13,32379991,na,na,Likely benign,0
PALB2,16,23637960,na,na,Likely benign,0
ANP32A,15,68787929,na,na,Benign,0
RAD51D,17,35101371,na,na,Likely benign,0
RAD51D,17,35103554,na,na,Likely benign,0
BRCA1,17,43047720,na,na,Likely benign,0
PALB2,16,23622960,na,na,Likely benign,0
KARS1,16,75628718,na,na,Likely benign,0
RAD51D,17,35101369,na,na,Likely benign,0
BRCA1,17,43063325,na,na,Likely benign,0
BRCA1,17,43095828,na,na,Likely benign,0
BRIP1,17,61686169,na,na,Likely benign,0
TEKT1,17,6815972,na,na,Likely benign,0
OGFR,20,62807529,na,na,Likely benign,0
RPL18,19,48615951,na,na,Likely benign,0
PRPF6,20,64027163,na,na,Benign,0
BARD1,2,214728739,na,na,Likely benign,0
BARD1,2,214728823,na,na,Likely benign,0
BARD1,2,214767562,na,na,Likely benign,0
BARD1,2,214780584,na,na,Likely benign,0
BARD1,2,214781469,na,na,Likely benign,0
BARD1,2,214809504,na,na,Likely benign,0
CPA1,7,130383399,na,na,Likely benign,0
BRCA2,13,32316432,na,na,Likely benign,0
BRCA2,13,32319129,na,na,Likely benign,0
BRCA2,13,32319234,na,na,Likely benign,0
BRCA2,13,32326534,na,na,Likely benign,0
BRCA2,13,32330963,na,na,Likely benign,0
BRCA2,13,32332384,na,na,Likely benign,0
BRCA2,13,32332447,na,na,Likely benign,0
BRCA2,13,32332600,na,na,Likely benign,0
BRCA2,13,32332621,na,na,Likely benign,0
BRCA2,13,32332714,na,na,Likely benign,0
BRCA2,13,32332831,na,na,Likely benign,0
BRCA2,13,32332912,na,na,Likely benign,0
BRCA2,13,32333020,na,na,Likely benign,0
BRCA2,13,32333098,na,na,Likely benign,0
BRCA2,13,32333257,na,na,Likely benign,0
BRCA2,13,32336650,na,na,Likely benign,0
BRCA2,13,32336728,na,na,Likely benign,0
BRCA2,13,32336848,na,na,Likely benign,0
BRCA2,13,32336884,na,na,Likely benign,0
BRCA2,13,32337181,na,na,Likely benign,0
BRCA2,13,32337226,na,na,Likely benign,0
BRCA2,13,32337544,na,na,Likely benign,0
BRCA2,13,32337559,na,na,Likely benign,0
BRCA2,13,32337895,na,na,Likely benign,0
BRCA2,13,32337913,na,na,Likely benign,0
BRCA2,13,32338099,na,na,Likely benign,0
BRCA2,13,32338204,na,na,Likely benign,0
BRCA2,13,32338351,na,na,Likely benign,0
BRCA2,13,32338429,na,na,Likely benign,0
BRCA2,13,32338787,na,na,Likely benign,0
BRCA2,13,32338870,na,na,Likely benign,0
BRCA2,13,32338885,na,na,Likely benign,0
BRCA2,13,32339005,na,na,Likely benign,0
BRCA2,13,32339035,na,na,Likely benign,0
BRCA2,13,32339122,na,na,Likely benign,0
BRCA2,13,32339371,na,na,Likely benign,0
BRCA2,13,32339452,na,na,Likely benign,0
BRCA2,13,32339458,na,na,Likely benign,0
BRCA2,13,32339530,na,na,Likely benign,0
BRCA2,13,32339899,na,na,Likely benign,0
BRCA2,13,32340076,na,na,Likely benign,0
BRCA2,13,32340187,na,na,Likely benign,0
BRCA2,13,32340262,na,na,Likely benign,0
BRCA2,13,32340364,na,na,Likely benign,0
BRCA2,13,32340430,na,na,Likely benign,0
BRCA2,13,32340478,na,na,Likely benign,0
BRCA2,13,32340616,na,na,Likely benign,0
BRCA2,13,32340619,na,na,Likely benign,0
BRCA2,13,32340646,na,na,Likely benign,0
BRCA2,13,32340754,na,na,Likely benign,0
BRCA2,13,32340874,na,na,Likely benign,0
BRCA2,13,32340916,na,na,Likely benign,0
BRCA2,13,32341084,na,na,Likely benign,0
BRCA2,13,32344646,na,na,Likely benign,0
BRCA2,13,32354864,na,na,Likely benign,0
BRCA2,13,32355039,na,na,Likely benign,0
BRCA2,13,32355089,na,na,Likely benign,0
BRCA2,13,32355269,na,na,Likely benign,0
BRCA2,13,32356552,na,na,Likely benign,0
BRCA2,13,32357753,na,na,Likely benign,0
BRCA2,13,32362646,na,na,Likely benign,0
BRCA2,13,32363350,na,na,Likely benign,0
BRCA2,13,32371006,na,na,Likely benign,0
BRCA2,13,32371054,na,na,Likely benign,0
BRCA2,13,32376764,na,na,Likely benign,0
BRCA2,13,32376767,na,na,Likely benign,0
BRCA2,13,32379757,na,na,Likely benign,0
BRCA2,13,32379832,na,na,Likely benign,0
BRCA2,13,32380048,na,na,Likely benign,0
BRCA2,13,32380081,na,na,Likely benign,0
BRCA2,13,32394879,na,na,Likely benign,0
BRCA2,13,32394888,na,na,Likely benign,0
BRCA2,13,32396975,na,na,Likely benign,0
BRCA2,13,32398203,na,na,Likely benign,0
BRCA2,13,32398362,na,na,Likely benign,0
BRCA2,13,32398654,na,na,Likely benign,0
BRCA2,13,32398755,na,na,Likely benign,0
CCDC88C,14,91300049,na,na,Benign,0
PALB2,16,23607956,na,na,Likely benign,0
PALB2,16,23626302,na,na,Likely benign,0
PALB2,16,23630099,na,na,Likely benign,0
PALB2,16,23634875,na,na,Likely benign,0
PALB2,16,23634902,na,na,Likely benign,0
PALB2,16,23635631,na,na,Likely benign,0
PALB2,16,23635850,na,na,Likely benign,0
PALB2,16,23636048,na,na,Likely benign,0
PALB2,16,23636210,na,na,Likely benign,0
PALB2,16,23636213,na,na,Likely benign,0
RAD51D,17,35101270,na,na,Likely benign,0
RAD51D,17,35106410,na,na,Likely benign,0
RAD51D,17,35106416,na,na,Likely benign,0
RAD51D,17,35107042,na,na,Likely benign,0
RAD51D,17,35119554,na,na,Likely benign,0
BRCA1,17,43047653,na,na,Likely benign,0
BRCA1,17,43074515,na,na,Likely benign,0
BRCA1,17,43076610,na,na,Likely benign,0
BRCA1,17,43090995,na,na,Likely benign,0
BRCA1,17,43091817,na,na,Likely benign,0
BRCA1,17,43092012,na,na,Likely benign,0
BRCA1,17,43092498,na,na,Likely benign,0
BRCA1,17,43092870,na,na,Likely benign,0
BRCA1,17,43093155,na,na,Likely benign,0
BRCA1,17,43093221,na,na,Likely benign,0
BRCA1,17,43093317,na,na,Likely benign,0
BRCA1,17,43093467,na,na,Likely benign,0
BRCA1,17,43093647,na,na,Likely benign,0
BRCA1,17,43093995,na,na,Likely benign,0
BRCA1,17,43093998,na,na,Likely benign,0
BRCA1,17,43094247,na,na,Likely benign,0
BRCA1,17,43094532,na,na,Likely benign,0
BRCA1,17,43094595,na,na,Likely benign,0
BRCA1,17,43095898,na,na,Likely benign,0
BRCA1,17,43095901,na,na,Likely benign,0
BRCA1,17,43095904,na,na,Likely benign,0
BRCA1,17,43104149,na,na,Likely benign,0
BRCA1,17,43104953,na,na,Likely benign,0
BRCA1,17,43115773,na,na,Likely benign,0
BRCA1,17,43124088,na,na,Likely benign,0
BRCA1,17,43124113,na,na,Likely benign,0
BRIP1,17,61683779,na,na,Likely benign,0
BRIP1,17,61693479,na,na,Likely benign,0
BRIP1,17,61776440,na,na,Likely benign,0
BRIP1,17,61784290,na,na,Likely benign,0
BRIP1,17,61793606,na,na,Likely benign,0
BRIP1,17,61808581,na,na,Likely benign,0
CHEK2,22,28687948,na,na,Likely benign,0
CHEK2,22,28694035,na,na,Likely benign,0
CHEK2,22,28695799,na,na,Likely benign,0
CHEK2,22,28696964,na,na,Likely benign,0
CHEK2,22,28699925,na,na,Likely benign,0
CHEK2,22,28725092,na,na,Likely benign,0
CHEK2,22,28725291,na,na,Likely benign,0
BARD1,2,214769223,na,na,Likely benign,0
F11,4,186275777,na,na,Likely benign,0
ATM,11,108229333,na,na,Likely benign,0
ATM,11,108250691,na,na,Likely benign,0
ATM,11,108281176,na,na,Likely benign,0
ATM,11,108247137,na,na,Likely benign,0
ATM,11,108304859,na,na,Likely benign,0
ATM,11,108317367,na,na,Likely benign,0
ATM,11,108280988,na,na,Likely benign,0
ATM,11,108287723,na,na,Likely benign,0
ATM,11,108259085,na,na,Likely benign,0
ATM,11,108317367,na,na,Likely benign,0
ATM,11,108330430,na,na,Likely benign,0
ATM,11,108271414,na,na,Likely benign,0
ATM,11,108332046,na,na,Likely benign,0
ATM,11,108343379,na,na,Likely benign,0
ATM,11,108354883,na,na,Likely benign,0
ATM,11,108365320,na,na,Likely benign,0
BRCA2,13,32319336,na,na,Likely benign,0
BRCA2,13,32326087,na,na,Likely benign,0
BRCA2,13,32379930,na,na,Likely benign,0
BRCA2,13,32333404,na,na,Likely benign,0
BRCA2,13,32326169,na,na,Likely benign,0
BRCA2,13,32326231,na,na,Likely benign,0
BRCA2,13,32344550,na,na,Likely benign,0
BRCA2,13,32356621,na,na,Likely benign,0
BRCA2,13,32376805,na,na,Likely benign,0
BRCA2,13,32376809,na,na,Likely benign,0
BRCA2,13,32379529,na,na,Likely benign,0
BRCA2,13,32315680,na,na,Likely benign,0
BRCA2,13,32319336,na,na,Likely benign,0
BRCA2,13,32326631,na,na,Likely benign,0
BRCA2,13,32333396,na,na,Likely benign,0
BRCA2,13,32354855,na,na,Likely benign,0
BRCA2,13,32356417,na,na,Likely benign,0
BRCA2,13,32362700,na,na,Likely benign,0
BRCA2,13,32370944,na,na,Likely benign,0
BRCA2,13,32379998,na,na,Likely benign,0
RAD51D,17,35103334,na,na,Likely benign,0
RAD51D,17,35106488,na,na,Likely benign,0
BRCA1,17,43049206,na,na,Likely benign,0
BRCA1,17,43067588,na,na,Likely benign,0
BRCA1,17,43074532,na,na,Likely benign,0
BRCA1,17,43074535,na,na,Likely benign,0
BRCA1,17,43076634,na,na,Likely benign,0
BRCA1,17,43104855,na,na,Likely benign,0
BRCA1,17,43115717,na,na,Likely benign,0
BRCA1,17,43063861,na,na,Likely benign,0
BRCA1,17,43067715,na,na,Likely benign,0
BRCA1,17,43074324,na,na,Likely benign,0
BRCA1,17,43094871,na,na,Likely benign,0
BRCA1,17,43115795,na,na,Likely benign,0
BRCA1,17,43125258,na,na,Likely benign,0
RAD51C,17,58732553,na,na,Likely benign,0
BRIP1,17,61776569,na,na,Likely benign,0
BRIP1,17,61808457,na,na,Likely benign,0
BRCA1,17,43067703,na,na,Likely benign,0
BRIP1,17,61799306,na,na,Likely benign,0
PALB2,16,23637841,na,na,Likely benign,0
RAD51D,17,35119102,na,na,Likely benign,0
BRCA1,17,43051052,na,na,Likely benign,0
BRCA1,17,43090924,na,na,Likely benign,0
BRCA1,17,43099759,na,na,Likely benign,0
BRCA1,17,43106442,na,na,Likely benign,0
BRIP1,17,61685827,na,na,Likely benign,0
CHEK2,22,28689125,na,na,Likely benign,0
CHEK2,22,28709998,na,na,Likely benign,0
CHEK2,22,28696993,na,na,Likely benign,0
SIK1,21,43419486,na,na,Likely benign,0
CHEK2,22,28712027,na,na,Likely benign,0
COP1,1,176081294,na,na,Likely benign,0
NHSL3,1,32769668,na,na,Benign,0
DOCK7,1,62457710,na,na,Likely benign,0
RBMS3,3,29762904,na,na,Benign,0
GYPE,4,143880518,na,na,Benign,0
WDR43,2,28906450,na,na,Benign,0
PPP2R3A,3,136078364,na,na,Benign,0
CDS1,4,84635256,na,na,Likely benign,0
SUB1,5,32598951,na,na,Benign,0
USP45,6,99482751,na,na,Benign,0
AKIRIN2,6,87681616,na,na,Benign,0
ADAP1,7,905180,na,na,Benign,0
PTK7,6,43132418,na,na,Benign,0
CSMD1,8,3308512,na,na,Benign,0
PRUNE2,9,76655510,na,na,Benign,0
ESRP1,8,94662380,na,na,Benign,0
CNTLN,9,17457515,na,na,Benign,0
PALD1,10,70529223,na,na,Benign,0
ATM,11,108292609,na,na,Likely benign,0
RPS3,11,75401637,na,na,Benign,0
COQ5,12,120510130,na,na,Benign,0
LRRK2,12,40359253,na,na,Likely benign,0
OGA,10,101800403,na,na,Likely benign,0
HACD1,10,17599285,na,na,Benign,0
NEO1,15,73135883,na,na,Benign,0
ADAMTSL3,15,83858757,na,na,Benign,0
UNC45A,15,90948653,na,na,Likely benign,0
PALB2,16,23636342,na,na,Likely benign,0
BRCA2,13,32316416,na,na,Likely benign,0
CCT6B,17,34942908,na,na,Benign,0
RPS6KB1,17,59914627,na,na,Benign,0
PRPF6,20,64022748,na,na,Benign,0
KIAA1328,18,36885549,na,na,Benign,0
EWSR1,22,29286914,na,na,Benign,0
FMNL1,17,45238561,na,na,Benign,0
MTMR1,X,150736591,na,na,Benign,0
DRP2,X,101254422,na,na,Benign,0
XG,X,2811333,na,na,Benign,0
PTPRC,1,198748106,na,na,Benign,0
AKR1A1,1,45569881,na,na,Benign,0
DPP10,2,115782403,na,na,Benign,0
TBCK,4,106231725,na,na,Benign,0
STK32B,4,5446665,na,na,Benign,0
MAP4,3,47977856,na,na,Benign,0
PPP1R10,6,30606246,na,na,Benign,0
NAPRT,8,143575100,na,na,Benign,0
ARL14EP,11,30332860,na,na,Benign,0
MINDY3,10,15786653,na,na,Benign,0
TAOK3,12,118181610,na,na,Likely benign,0
ANKK1,11,113395358,na,na,Benign,0
ACP2,11,47242719,na,na,Benign,0
GSTO1,10,104254967,na,na,Benign,0
SEC23IP,10,119909036,na,na,Benign,0
IGF1R,15,98939192,na,na,Benign,0
ATP2C2,16,84461712,na,na,Benign,0
LIN7B,19,49118344,na,na,Benign,0
SLC17A9,20,62966741,na,na,Benign,0
KDM4B,19,5144908,na,na,Benign,0
WBP2,17,75847615,na,na,Benign,0
TFF1,21,42362504,na,na,Benign,0
CFAP410,21,44330814,na,na,Benign,0
HNRNPUL1,19,41273979,na,na,Benign,0
USP18,22,18160167,na,na,Benign,0
BARD1,2,214728889,na,na,Likely benign,0
BARD1,2,214769238,na,na,Likely benign,0
BARD1,2,214792436,na,na,Likely benign,0
BARD1,2,214809561,na,na,Likely benign,0
BRCA2,13,32316443,na,na,Likely benign,0
BRCA2,13,32326255,na,na,Likely benign,0
BRCA2,13,32326567,na,na,Likely benign,0
BRCA2,13,32332870,na,na,Likely benign,0
BRCA2,13,32336335,na,na,Likely benign,0
BRCA2,13,32336749,na,na,Likely benign,0
BRCA2,13,32337055,na,na,Likely benign,0
BRCA2,13,32337514,na,na,Likely benign,0
BRCA2,13,32337676,na,na,Likely benign,0
BRCA2,13,32337707,na,na,Likely benign,0
BRCA2,13,32338018,na,na,Likely benign,0
BRCA2,13,32338372,na,na,Likely benign,0
BRCA2,13,32339578,na,na,Likely benign,0
BRCA2,13,32339812,na,na,Likely benign,0
BRCA2,13,32340010,na,na,Likely benign,0
BRCA2,13,32340253,na,na,Likely benign,0
BRCA2,13,32340460,na,na,Likely benign,0
BRCA2,13,32340463,na,na,Likely benign,0
BRCA2,13,32340535,na,na,Likely benign,0
BRCA2,13,32340769,na,na,Likely benign,0
BRCA2,13,32341099,na,na,Likely benign,0
BRCA2,13,32355197,na,na,Likely benign,0
BRCA2,13,32357879,na,na,Likely benign,0
BRCA2,13,32363341,na,na,Likely benign,0
BRCA2,13,32370491,na,na,Likely benign,0
BRCA2,13,32376692,na,na,Likely benign,0
BRCA2,13,32379394,na,na,Likely benign,0
BRCA2,13,32379755,na,na,Likely benign,0
BRCA2,13,32380042,na,na,Likely benign,0
BRCA2,13,32394912,na,na,Likely benign,0
BRCA2,13,32398452,na,na,Likely benign,0
BRCA2,13,32398548,na,na,Likely benign,0
PALB2,16,23623022,na,na,Likely benign,0
PALB2,16,23626314,na,na,Likely benign,0
PALB2,16,23630312,na,na,Likely benign,0
PALB2,16,23635331,na,na,Likely benign,0
PALB2,16,23635904,na,na,Likely benign,0
PALB2,16,23635955,na,na,Likely benign,0
BRCA1,17,43082423,na,na,Likely benign,0
BRCA1,17,43082549,na,na,Likely benign,0
BRCA1,17,43091571,na,na,Likely benign,0
BRCA1,17,43091760,na,na,Likely benign,0
BRCA1,17,43092342,na,na,Likely benign,0
BRCA1,17,43092390,na,na,Likely benign,0
BRCA1,17,43092594,na,na,Likely benign,0
BRCA1,17,43092708,na,na,Likely benign,0
BRCA1,17,43092936,na,na,Likely benign,0
BRCA1,17,43093179,na,na,Likely benign,0
BRCA1,17,43093404,na,na,Likely benign,0
BRCA1,17,43093542,na,na,Likely benign,0
BRCA1,17,43093779,na,na,Likely benign,0
BRCA1,17,43094031,na,na,Likely benign,0
BRCA1,17,43094034,na,na,Likely benign,0
BRCA1,17,43094195,na,na,Likely benign,0
BRCA1,17,43094229,na,na,Likely benign,0
BRCA1,17,43104221,na,na,Likely benign,0
BRCA1,17,43124033,na,na,Likely benign,0
BRIP1,17,61683896,na,na,Likely benign,0
BRIP1,17,61684076,na,na,Likely benign,0
BRIP1,17,61685843,na,na,Likely benign,0
BRIP1,17,61799135,na,na,Likely benign,0
BRIP1,17,61857101,na,na,Likely benign,0
BRIP1,17,61859845,na,na,Likely benign,0
CHEK2,22,28710024,na,na,Likely benign,0
CHEK2,22,28734416,na,na,Likely benign,0
BARD1,2,214809403,na,na,Likely benign,0
BARD1,2,214809403,na,na,Likely benign,0
BARD1,2,214729018,na,na,Likely benign,0
GUSB,7,65964314,na,na,Likely benign,0
ATM,11,108326234,na,na,Likely benign,0
ATM,11,108335969,na,na,Likely benign,0
ATM,11,108345736,na,na,Likely benign,0
ATM,11,108353890,na,na,Likely benign,0
BRCA2,13,32332260,na,na,Likely benign,0
BRCA2,13,32329499,na,na,Likely benign,0
BRCA2,13,32379744,na,na,Likely benign,0
BRCA2,13,32379995,na,na,Likely benign,0
BRCA2,13,32398151,na,na,Likely benign,0
BRCA2,13,32346813,na,na,Likely benign,0
BRCA2,13,32379311,na,na,Likely benign,0
ATM,11,108271054,na,na,Likely benign,0
BRCA1,17,43063969,na,na,Likely benign,0
BRCA2,13,32326487,na,na,Likely benign,0
BRCA2,13,32331041,na,na,Likely benign,0
BRCA2,13,32356415,na,na,Likely benign,0
BRCA2,13,32380160,na,na,Likely benign,0
PALB2,16,23614098,na,na,Likely benign,0
BRCA2,13,32316410,na,na,Likely benign,0
BRCA2,13,32316411,na,na,Likely benign,0
RAD51D,17,35118494,na,na,Likely benign,0
BRCA2,13,32326291,na,na,Likely benign,0
BRCA2,13,32336259,na,na,Likely benign,0
BRCA1,17,43115783,na,na,Likely benign,0
BRCA1,17,43115793,na,na,Likely benign,0
BRIP1,17,61780409,na,na,Likely benign,0
BRCA1,17,43082384,na,na,Likely benign,0
BRIP1,17,61744599,na,na,Likely benign,0
PALB2,16,23629281,na,na,Likely benign,0
BRCA1,17,43045810,na,na,Likely benign,0
RAD51C,17,58696866,na,na,Likely benign,0
CHEK2,22,28711899,na,na,Likely benign,0
CHEK2,22,28725131,na,na,Likely benign,0
BRCA2,13,32338799,na,na,Pathogenic,1
BRCA1,17,43057072,na,na,Likely pathogenic,1
BRCA1,17,43124095,na,na,Pathogenic,1
BARD1,2,214728557,na,na,Benign,0
BARD1,2,214730920,na,na,Likely benign,0
BARD1,2,214730993,na,na,Likely benign,0
BARD1,2,214731134,na,na,Likely benign,0
BARD1,2,214731137,na,na,Likely benign,0
BARD1,2,214792457,na,na,Likely benign,0
BARD1,2,214792458,na,na,Likely benign,0
BARD1,2,214809676,na,na,Likely benign,0
BARD1,2,214809692,na,na,Likely benign,0
PIK3CA,3,179220974,na,na,Benign,0
UVSSA,4,1380986,na,na,Benign,0
ATM,11,108281077,na,na,Pathogenic,1
BRCA2,13,32315507,na,na,Likely benign,0
BRCA2,13,32315510,na,na,Likely benign,0
BRCA2,13,32315533,na,na,Likely benign,0
BRCA2,13,32315584,na,na,Likely benign,0
BRCA2,13,32324979,na,na,Likely benign,0
BRCA2,13,32326336,na,na,Likely benign,0
BRCA2,13,32332250,na,na,Likely benign,0
BRCA2,13,32336219,na,na,Likely benign,0
BRCA2,13,32336923,na,na,Likely benign,0
BRCA2,13,32340938,na,na,Likely benign,0
BRCA2,13,32354818,na,na,Likely benign,0
BRCA2,13,32379276,na,na,Benign,0
BRCA2,13,32379279,na,na,Benign,0
BRCA2,13,32379281,na,na,Benign,0
BRCA2,13,32379282,na,na,Benign,0
BRCA2,13,32379285,na,na,Benign,0
BRCA2,13,32379517,na,na,Likely pathogenic,1
BRCA2,13,32394977,na,na,Likely benign,0
BRCA2,13,32398117,na,na,Likely benign,0
PALB2,16,23630497,na,na,Likely benign,0
PALB2,16,23636340,na,na,Likely benign,0
PALB2,16,23638561,na,na,Likely benign,0
PALB2,16,23641180,na,na,Likely benign,0
PALB2,16,23641223,na,na,Likely benign,0
RAD51D,17,35119209,na,na,Likely benign,0
RAD51D,17,35119739,na,na,Likely benign,0
BRCA1,17,43045851,na,na,Likely benign,0
BRCA1,17,43050067,na,na,Likely benign,0
BRCA1,17,43056954,na,na,Likely benign,0
BRCA1,17,43063404,na,na,Likely benign,0
BRCA1,17,43071282,na,na,Likely benign,0
BRCA1,17,43076456,na,na,Likely benign,0
BRCA1,17,43076662,na,na,Likely benign,0
BRCA1,17,43082703,na,na,Likely benign,0
BRCA1,17,43091392,na,na,Likely benign,0
BRCA1,17,43092672,na,na,Likely benign,0
BRCA1,17,43094573,na,na,Pathogenic,1
BRCA1,17,43125119,na,na,Benign,0
BRCA1,17,43125243,na,na,Likely benign,0
BRCA1,17,43125304,na,na,Likely benign,0
BRCA1,17,43125443,na,na,Likely benign,0
BRIP1,17,61685805,na,na,Likely benign,0
BRIP1,17,61744508,na,na,Likely benign,0
BRIP1,17,61780253,na,na,Likely benign,0
BRIP1,17,61780264,na,na,Likely benign,0
BRIP1,17,61863309,na,na,Likely benign,0
BRIP1,17,61863348,na,na,Likely benign,0
BRIP1,17,61863418,na,na,Likely benign,0
BRIP1,17,61863478,na,na,Likely benign,0
CHEK2,22,28719540,na,na,Likely benign,0
CHEK2,22,28721574,na,na,Likely benign,0
CHEK2,22,28721636,na,na,Likely benign,0
CHEK2,22,28724927,na,na,Likely benign,0
CHEK2,22,28725234,na,na,Likely benign,0
CHEK2,22,28730423,na,na,Likely benign,0
CHEK2,22,28730552,na,na,Likely benign,0
CHEK2,22,28741832,na,na,Likely benign,0
CHEK2,22,28742014,na,na,Likely benign,0
BRCA1,17,43094110,na,na,Likely benign,0
RAD51D,17,35107042,na,na,Likely benign,0
ATM,11,108317379,na,na,Pathogenic,1
BRCA2,13,32332348,na,na,Likely benign,0
PSTPIP1,15,77035582,na,na,Benign,0
BRCA1,17,43091622,na,na,Likely benign,0
BRCA2,13,32376771,na,na,Benign,0
BRCA1,17,43091450,na,na,Benign,0
BRCA1,17,43094640,na,na,Benign,0
BRCA2,13,32376866,na,na,Benign,0
NF1,17,31356957,na,na,Pathogenic,1
BARD1,2,214728745,na,na,Likely benign,0
BARD1,2,214728973,na,na,Likely benign,0
BARD1,2,214745813,na,na,Likely benign,0
BARD1,2,214745822,na,na,Likely benign,0
BARD1,2,214769298,na,na,Likely benign,0
BARD1,2,214781174,na,na,Pathogenic,1
BARD1,2,214781436,na,na,Pathogenic,1
BARD1,2,214792418,na,na,Likely benign,0
MSH6,2,47783257,na,na,Likely benign,0
ATM,11,108235749,na,na,Pathogenic,1
ATM,11,108235806,na,na,Pathogenic,1
ATM,11,108235825,na,na,Pathogenic,1
ATM,11,108249035,na,na,Pathogenic,1
ATM,11,108250801,na,na,Pathogenic,1
ATM,11,108250929,na,na,Pathogenic,1
ATM,11,108254005,na,na,Pathogenic,1
ATM,11,108259074,na,na,Pathogenic,1
ATM,11,108289614,na,na,Pathogenic,1
ATM,11,108292706,na,na,Pathogenic,1
ATM,11,108317386,na,na,Pathogenic,1
ATM,11,108331470,na,na,Pathogenic,1
BRCA2,13,32316511,na,na,Likely benign,0
BRCA2,13,32319129,na,na,Likely benign,0
BRCA2,13,32325119,na,na,Likely benign,0
BRCA2,13,32329480,na,na,Likely benign,0
BRCA2,13,32330939,na,na,Likely benign,0
BRCA2,13,32330975,na,na,Likely benign,0
BRCA2,13,32332669,na,na,Likely benign,0
BRCA2,13,32333041,na,na,Likely benign,0
BRCA2,13,32333065,na,na,Likely benign,0
BRCA2,13,32336299,na,na,Likely benign,0
BRCA2,13,32336305,na,na,Likely benign,0
BRCA2,13,32336320,na,na,Likely benign,0
BRCA2,13,32336555,na,na,Likely benign,0
BRCA2,13,32336623,na,na,Likely benign,0
BRCA2,13,32336674,na,na,Likely benign,0
BRCA2,13,32336830,na,na,Likely benign,0
BRCA2,13,32336872,na,na,Likely benign,0
BRCA2,13,32336902,na,na,Likely benign,0
BRCA2,13,32337382,na,na,Likely benign,0
BRCA2,13,32337415,na,na,Likely benign,0
BRCA2,13,32337529,na,na,Likely benign,0
BRCA2,13,32337637,na,na,Likely benign,0
BRCA2,13,32337757,na,na,Likely benign,0
BRCA2,13,32337829,na,na,Likely benign,0
BRCA2,13,32337832,na,na,Likely benign,0
BRCA2,13,32337889,na,na,Likely benign,0
BRCA2,13,32338045,na,na,Likely benign,0
BRCA2,13,32338078,na,na,Likely benign,0
BRCA2,13,32338140,na,na,Pathogenic,1
BRCA2,13,32338483,na,na,Likely benign,0
BRCA2,13,32338708,na,na,Likely benign,0
BRCA2,13,32338771,na,na,Likely benign,0
BRCA2,13,32338843,na,na,Likely benign,0
BRCA2,13,32338886,na,na,Pathogenic,1
BRCA2,13,32339258,na,na,Likely benign,0
BRCA2,13,32339260,na,na,Likely benign,0
BRCA2,13,32339275,na,na,Likely benign,0
BRCA2,13,32339338,na,na,Likely benign,0
BRCA2,13,32339476,na,na,Likely benign,0
BRCA2,13,32339479,na,na,Likely benign,0
BRCA2,13,32339632,na,na,Likely benign,0
BRCA2,13,32339641,na,na,Pathogenic,1
BRCA2,13,32339677,na,na,Likely benign,0
BRCA2,13,32339785,na,na,Likely benign,0
BRCA2,13,32339938,na,na,Likely benign,0
BRCA2,13,32340130,na,na,Likely benign,0
BRCA2,13,32340175,na,na,Likely benign,0
BRCA2,13,32340400,na,na,Likely benign,0
BRCA2,13,32340526,na,na,Likely benign,0
BRCA2,13,32340613,na,na,Likely benign,0
BRCA2,13,32340622,na,na,Likely benign,0
BRCA2,13,32340628,na,na,Likely benign,0
BRCA2,13,32340634,na,na,Likely benign,0
BRCA2,13,32340646,na,na,Likely benign,0
BRCA2,13,32340712,na,na,Likely benign,0
BRCA2,13,32340718,na,na,Likely benign,0
BRCA2,13,32340802,na,na,Likely benign,0
BRCA2,13,32340853,na,na,Likely benign,0
BRCA2,13,32340871,na,na,Likely benign,0
BRCA2,13,32354861,na,na,Likely benign,0
BRCA2,13,32354921,na,na,Likely benign,0
BRCA2,13,32354978,na,na,Likely benign,0
BRCA2,13,32355125,na,na,Likely benign,0
BRCA2,13,32355243,na,na,Pathogenic,1
BRCA2,13,32356445,na,na,Pathogenic,1
BRCA2,13,32356489,na,na,Likely benign,0
BRCA2,13,32356510,na,na,Likely benign,0
BRCA2,13,32356528,na,na,Likely benign,0
BRCA2,13,32356544,na,na,Likely benign,0
BRCA2,13,32356573,na,na,Likely benign,0
BRCA2,13,32356585,na,na,Likely benign,0
BRCA2,13,32357756,na,na,Likely benign,0
BRCA2,13,32362535,na,na,Likely benign,0
BRCA2,13,32362572,na,na,Likely pathogenic,1
BRCA2,13,32370420,na,na,Likely benign,0
BRCA2,13,32376761,na,na,Likely benign,0
BRCA2,13,32379860,na,na,Likely benign,0
BRCA2,13,32380072,na,na,Likely benign,0
BRCA2,13,32394705,na,na,Likely benign,0
BRCA2,13,32394705,na,na,Likely benign,0
BRCA2,13,32396930,na,na,Likely benign,0
BRCA2,13,32397005,na,na,Likely benign,0
BRCA2,13,32398205,na,na,Pathogenic,1
BRCA2,13,32398371,na,na,Likely benign,0
BRCA2,13,32398389,na,na,Likely benign,0
BRCA2,13,32398512,na,na,Likely benign,0
BRCA2,13,32398526,na,na,Likely benign,0
BRCA2,13,32398539,na,na,Likely benign,0
BRCA2,13,32398575,na,na,Likely benign,0
BRCA2,13,32398674,na,na,Likely benign,0
BRCA2,13,32398746,na,na,Likely benign,0
PALB2,16,23603555,na,na,Likely benign,0
PALB2,16,23603625,na,na,Pathogenic,1
PALB2,16,23621373,na,na,Likely benign,0
PALB2,16,23629967,na,na,Likely benign,0
PALB2,16,23630031,na,na,Pathogenic,1
PALB2,16,23630198,na,na,Likely benign,0
PALB2,16,23630239,na,na,Pathogenic,1
PALB2,16,23630272,na,na,Pathogenic,1
PALB2,16,23634893,na,na,Pathogenic,1
PALB2,16,23634903,na,na,Pathogenic,1
PALB2,16,23634977,na,na,Likely benign,0
PALB2,16,23635097,na,na,Likely benign,0
PALB2,16,23635385,na,na,Likely benign,0
PALB2,16,23635429,na,na,Pathogenic,1
PALB2,16,23635559,na,na,Likely benign,0
PALB2,16,23635679,na,na,Likely benign,0
PALB2,16,23635834,na,na,Pathogenic,1
PALB2,16,23636119,na,na,Likely benign,0
PALB2,16,23636203,na,na,Pathogenic,1
RAD51D,17,35101324,na,na,Likely benign,0
RAD51D,17,35107396,na,na,Likely benign,0
RAD51D,17,35118575,na,na,Likely benign,0
RAD51D,17,35118590,na,na,Likely benign,0
BRCA1,17,43045801,na,na,Likely benign,0
BRCA1,17,43047663,na,na,Likely benign,0
BRCA1,17,43047684,na,na,Likely pathogenic,1
BRCA1,17,43049160,na,na,Likely benign,0
BRCA1,17,43049187,na,na,Likely benign,0
BRCA1,17,43051067,na,na,Likely benign,0
BRCA1,17,43057079,na,na,Likely benign,0
BRCA1,17,43057127,na,na,Likely benign,0
BRCA1,17,43067688,na,na,Likely benign,0
BRCA1,17,43070984,na,na,Likely benign,0
BRCA1,17,43070999,na,na,Likely benign,0
BRCA1,17,43071066,na,na,Likely benign,0
BRCA1,17,43071147,na,na,Likely benign,0
BRCA1,17,43071224,na,na,Likely benign,0
BRCA1,17,43074389,na,na,Likely benign,0
BRCA1,17,43076583,na,na,Likely benign,0
BRCA1,17,43082549,na,na,Likely benign,0
BRCA1,17,43091749,na,na,Pathogenic,1
BRCA1,17,43091814,na,na,Likely benign,0
BRCA1,17,43091841,na,na,Likely benign,0
BRCA1,17,43091910,na,na,Likely benign,0
BRCA1,17,43091925,na,na,Likely benign,0
BRCA1,17,43092000,na,na,Likely benign,0
BRCA1,17,43092285,na,na,Likely benign,0
BRCA1,17,43092447,na,na,Likely benign,0
BRCA1,17,43092909,na,na,Likely benign,0
BRCA1,17,43092960,na,na,Likely benign,0
BRCA1,17,43092966,na,na,Likely benign,0
BRCA1,17,43093344,na,na,Likely benign,0
BRCA1,17,43093374,na,na,Likely benign,0
BRCA1,17,43093502,na,na,Pathogenic,1
BRCA1,17,43093932,na,na,Likely benign,0
BRCA1,17,43093944,na,na,Likely benign,0
BRCA1,17,43094085,na,na,Likely benign,0
BRCA1,17,43094790,na,na,Likely benign,0
BRCA1,17,43099776,na,na,Likely benign,0
BRCA1,17,43104137,na,na,Likely benign,0
BRCA1,17,43115749,na,na,Likely benign,0
BRCA1,17,43115778,na,na,Likely benign,0
BRCA1,17,43124017,na,na,Likely pathogenic,1
BRCA1,17,43124049,na,na,Likely benign,0
BRCA1,17,43124077,na,na,Likely benign,0
RAD51C,17,58695010,na,na,Pathogenic,1
BRIP1,17,61683338,na,na,Likely benign,0
BRIP1,17,61683533,na,na,Likely benign,0
BRIP1,17,61686020,na,na,Likely benign,0
BRIP1,17,61715998,na,na,Likely benign,0
BRIP1,17,61744477,na,na,Likely benign,0
BRIP1,17,61780348,na,na,Likely benign,0
BRIP1,17,61780895,na,na,Pathogenic,1
BRIP1,17,61784365,na,na,Likely benign,0
BRIP1,17,61801418,na,na,Likely benign,0
BRIP1,17,61808752,na,na,Likely benign,0
BRIP1,17,61857113,na,na,Likely benign,0
BRIP1,17,61857162,na,na,Pathogenic,1
BRIP1,17,61859812,na,na,Pathogenic,1
BRIP1,17,61859836,na,na,Likely benign,0
BRIP1,17,61861474,na,na,Pathogenic,1
TP53,17,7676193,na,na,Likely benign,0
CHEK2,22,28695736,na,na,Pathogenic,1
CHEK2,22,28695754,na,na,Likely benign,0
CHEK2,22,28695789,na,na,Pathogenic,1
CHEK2,22,28703513,na,na,Likely benign,0
CHEK2,22,28711968,na,na,Pathogenic,1
BARD1,2,214752556,na,na,Likely pathogenic,1
BARD1,2,214792449,na,na,Likely benign,0
BARD1,2,214809411,na,na,Likely pathogenic,1
RAD50,5,132609210,na,na,Likely pathogenic,1
ATM,11,108282708,na,na,Likely pathogenic,1
ATM,11,108310316,na,na,Likely pathogenic,1
ATM,11,108319953,na,na,Likely pathogenic,1
ATM,11,108325309,na,na,Likely pathogenic,1
ATM,11,108333882,na,na,Likely benign,0
BRCA2,13,32379316,na,na,Pathogenic,1
PALB2,16,23621361,na,na,Likely pathogenic,1
PALB2,16,23629201,na,na,Likely benign,0
PALB2,16,23630473,na,na,Likely benign,0
RAD51D,17,35103453,na,na,Likely pathogenic,1
RAD51D,17,35107450,na,na,Likely benign,0
RAD51D,17,35119530,na,na,Likely pathogenic,1
BRCA1,17,43063955,na,na,Likely benign,0
BRCA1,17,43097293,na,na,Likely benign,0
BRIP1,17,61780402,na,na,Likely pathogenic,1
BRIP1,17,61808465,na,na,Likely pathogenic,1
BRIP1,17,61847100,na,na,Likely pathogenic,1
BRIP1,17,61857053,na,na,Likely benign,0
CHEK2,22,28687988,na,na,Likely pathogenic,1
CHEK2,22,28695126,na,na,Likely pathogenic,1
CHEK2,22,28703568,na,na,Likely pathogenic,1
CHEK2,22,28710004,na,na,Likely pathogenic,1
CHEK2,22,28724975,na,na,Likely pathogenic,1
PALB2,16,23603567,na,na,Likely benign,0
PALB2,16,23619986,na,na,Benign,0
PALB2,16,23623010,na,na,Likely benign,0
PALB2,16,23629994,na,na,Benign,0
PALB2,16,23630071,na,na,Pathogenic,1
PALB2,16,23630182,na,na,Pathogenic,1
PALB2,16,23630317,na,na,Pathogenic,1
PALB2,16,23630321,na,na,Likely benign,0
PALB2,16,23630368,na,na,Pathogenic,1
PALB2,16,23635766,na,na,Benign,0
PALB2,16,23636008,na,na,Pathogenic,1
PALB2,16,23636177,na,na,Likely benign,0
PALB2,16,23636222,na,na,Likely benign,0
BLM,15,90804361,na,na,Likely pathogenic,1
BRCA2,13,32336978,na,na,Likely benign,0
MTOR,1,11112852,na,na,Likely benign,0
CDC73,1,193130207,na,na,Pathogenic,1
SLC25A12,2,171837208,na,na,Likely benign,0
BARD1,2,214728792,na,na,Likely pathogenic,1
BARD1,2,214780871,na,na,Pathogenic,1
BARD1,2,214781201,na,na,Pathogenic,1
BARD1,2,214792417,na,na,Pathogenic,1
ATM,11,108287625,na,na,Pathogenic,1
ATM,11,108293369,na,na,Pathogenic,1
ATM,11,108319993,na,na,Pathogenic,1
ATM,11,108365196,na,na,Pathogenic,1
ATM,11,108365506,na,na,Likely pathogenic,1
ATM,11,108365506,na,na,Likely pathogenic,1
BRCA2,13,32332526,na,na,Pathogenic,1
BRCA2,13,32332741,na,na,Likely benign,0
BRCA2,13,32332749,na,na,Pathogenic,1
BRCA2,13,32336821,na,na,Pathogenic,1
BRCA2,13,32337570,na,na,Pathogenic,1
BRCA2,13,32338147,na,na,Likely benign,0
BRCA2,13,32338654,na,na,Likely benign,0
BRCA2,13,32339062,na,na,Pathogenic,1
BRCA2,13,32339563,na,na,Likely benign,0
BRCA2,13,32339854,na,na,Likely benign,0
BRCA2,13,32339867,na,na,Pathogenic,1
BRCA2,13,32340584,na,na,Pathogenic,1
BRCA2,13,32344567,na,na,Pathogenic,1
BRCA2,13,32355189,na,na,Likely benign,0
BRCA2,13,32355286,na,na,Pathogenic,1
PALB2,16,23603549,na,na,Likely benign,0
PALB2,16,23621447,na,na,Pathogenic,1
PALB2,16,23629669,na,na,Pathogenic,1
PALB2,16,23634993,na,na,Pathogenic,1
PALB2,16,23635544,na,na,Pathogenic,1
PALB2,16,23635868,na,na,Likely benign,0
RAD51D,17,35119587,na,na,Pathogenic,1
BRCA1,17,43057102,na,na,Pathogenic,1
BRCA1,17,43057116,na,na,Pathogenic,1
BRCA1,17,43091845,na,na,Pathogenic,1
BRCA1,17,43093033,na,na,Pathogenic,1
BRCA1,17,43093963,na,na,Pathogenic,1
BRCA1,17,43094462,na,na,Pathogenic,1
BRCA1,17,43094753,na,na,Pathogenic,1
BRIP1,17,61808613,na,na,Pathogenic,1
CHEK2,22,28695739,na,na,Pathogenic,1
CHEK2,22,28711938,na,na,Pathogenic,1
CHEK2,22,28734431,na,na,Pathogenic,1
BARD1,2,214752557,na,na,Likely pathogenic,1
ATM,11,108297383,na,na,Likely pathogenic,1
RAD51D,17,35106482,na,na,Likely pathogenic,1
BRCA1,17,43106453,na,na,Likely pathogenic,1
BRIP1,17,61857057,na,na,Likely pathogenic,1
ATM,11,108279483,na,na,Likely benign,0
ATM,11,108282880,na,na,Likely pathogenic,1
CHEK2,22,28695883,na,na,Likely benign,0
ATM,11,108299886,na,na,Pathogenic,1
PALB2,16,23637848,na,na,Likely pathogenic,1
BRCA2,13,32370563,na,na,Likely benign,0
BRCA1,17,43106445,na,na,Likely benign,0
RAD51C,17,58720744,na,na,Likely pathogenic,1
BRIP1,17,61693429,na,na,Likely pathogenic,1
BRIP1,17,61784269,na,na,Likely pathogenic,1
PALB2,16,23629639,na,na,Likely pathogenic,1
BRCA1,17,43097295,na,na,Likely benign,0
BRIP1,17,61776566,na,na,Likely benign,0
CHEK2,22,28687987,na,na,Likely pathogenic,1
CHEK2,22,28695120,na,na,Likely benign,0
CHEK2,22,28695247,na,na,Likely benign,0
CHEK2,22,28699837,na,na,Likely pathogenic,1
BRCA1,17,43045708,na,na,Likely benign,0
BRCA1,17,43045712,na,na,Likely pathogenic,1
BRCA1,17,43045713,na,na,Likely pathogenic,1
BRCA1,17,43045714,na,na,Likely benign,0
BRCA1,17,43045722,na,na,Likely benign,0
BRCA1,17,43045725,na,na,Likely pathogenic,1
BRCA1,17,43045725,na,na,Likely benign,0
BRCA1,17,43045727,na,na,Likely benign,0
BRCA1,17,43045730,na,na,Likely benign,0
BRCA1,17,43045732,na,na,Likely benign,0
BRCA1,17,43045733,na,na,Likely benign,0
BRCA1,17,43045735,na,na,Likely benign,0
BRCA1,17,43045738,na,na,Likely benign,0
BRCA1,17,43045746,na,na,Likely benign,0
BRCA1,17,43045747,na,na,Pathogenic,1
BRCA1,17,43045748,na,na,Likely pathogenic,1
BRCA1,17,43045750,na,na,Likely benign,0
BRCA1,17,43045755,na,na,Likely benign,0
BRCA1,17,43045762,na,na,Likely benign,0
BRCA1,17,43045767,na,na,Likely benign,0
BRCA1,17,43045777,na,na,Likely benign,0
BRCA1,17,43045778,na,na,Likely benign,0
BRCA1,17,43045779,na,na,Likely benign,0
BRCA1,17,43045782,na,na,Likely pathogenic,1
BRCA1,17,43045783,na,na,Likely benign,0
BRCA1,17,43045786,na,na,Likely benign,0
BRCA1,17,43045786,na,na,Pathogenic,1
BRCA1,17,43045791,na,na,Benign,0
BRCA1,17,43045792,na,na,Benign,0
BRCA1,17,43045794,na,na,Pathogenic,1
BRCA1,17,43045794,na,na,Likely benign,0
BRCA1,17,43045797,na,na,Likely benign,0
BRCA1,17,43045798,na,na,Likely benign,0
BRCA1,17,43045798,na,na,Likely benign,0
BRCA1,17,43045799,na,na,Likely benign,0
BRCA1,17,43045801,na,na,Likely benign,0
BRCA1,17,43047643,na,na,Pathogenic,1
BRCA1,17,43047643,na,na,Likely pathogenic,1
BRCA1,17,43047647,na,na,Likely benign,0
BRCA1,17,43047650,na,na,Likely benign,0
BRCA1,17,43047650,na,na,Likely benign,0
BRCA1,17,43047658,na,na,Likely benign,0
BRCA1,17,43047664,na,na,Likely benign,0
BRCA1,17,43047670,na,na,Likely benign,0
BRCA1,17,43047671,na,na,Likely benign,0
BRCA1,17,43047674,na,na,Likely benign,0
BRCA1,17,43047678,na,na,Likely pathogenic,1
BRCA1,17,43047680,na,na,Likely benign,0
BRCA1,17,43047682,na,na,Likely benign,0
BRCA1,17,43047683,na,na,Likely benign,0
BRCA1,17,43049129,na,na,Likely benign,0
BRCA1,17,43049130,na,na,Likely benign,0
BRCA1,17,43049135,na,na,Likely benign,0
BRCA1,17,43049136,na,na,Likely benign,0
BRCA1,17,43049139,na,na,Likely benign,0
BRCA1,17,43049140,na,na,Pathogenic,1
BRCA1,17,43049142,na,na,Likely benign,0
BRCA1,17,43049143,na,na,Likely benign,0
BRCA1,17,43049148,na,na,Likely benign,0
BRCA1,17,43049148,na,na,Likely benign,0
BRCA1,17,43049151,na,na,Likely benign,0
BRCA1,17,43049154,na,na,Likely benign,0
BRCA1,17,43049157,na,na,Likely benign,0
BRCA1,17,43049161,na,na,Likely pathogenic,1
BRCA1,17,43049161,na,na,Likely pathogenic,1
BRCA1,17,43049163,na,na,Likely benign,0
BRCA1,17,43049165,na,na,Likely pathogenic,1
BRCA1,17,43049169,na,na,Likely benign,0
BRCA1,17,43049176,na,na,Likely pathogenic,1
BRCA1,17,43049180,na,na,Benign,0
BRCA1,17,43049190,na,na,Likely benign,0
BRCA1,17,43051072,na,na,Likely pathogenic,1
BRCA1,17,43051073,na,na,Likely benign,0
BRCA1,17,43051076,na,na,Likely benign,0
BRCA1,17,43051076,na,na,Likely benign,0
BRCA1,17,43051079,na,na,Likely benign,0
BRCA1,17,43051082,na,na,Likely benign,0
BRCA1,17,43051098,na,na,Likely pathogenic,1
BRCA1,17,43051103,na,na,Likely benign,0
BRCA1,17,43051109,na,na,Likely benign,0
BRCA1,17,43057058,na,na,Likely benign,0
BRCA1,17,43057058,na,na,Likely benign,0
BRCA1,17,43057067,na,na,Likely benign,0
BRCA1,17,43057070,na,na,Pathogenic,1
BRCA1,17,43057071,na,na,Likely pathogenic,1
BRCA1,17,43057074,na,na,Pathogenic,1
BRCA1,17,43057081,na,na,Pathogenic,1
BRCA1,17,43057088,na,na,Likely benign,0
BRCA1,17,43057091,na,na,Likely benign,0
BRCA1,17,43057100,na,na,Likely benign,0
BRCA1,17,43057100,na,na,Likely benign,0
BRCA1,17,43057101,na,na,Likely pathogenic,1
BRCA1,17,43057106,na,na,Likely benign,0
BRCA1,17,43057117,na,na,Pathogenic,1
BRCA1,17,43057120,na,na,Likely benign,0
BRCA1,17,43057123,na,na,Likely pathogenic,1
BRCA1,17,43057135,na,na,Likely benign,0
BRCA1,17,43063336,na,na,Likely benign,0
BRCA1,17,43063339,na,na,Likely benign,0
BRCA1,17,43063339,na,na,Likely benign,0
BRCA1,17,43063363,na,na,Likely benign,0
BRCA1,17,43063372,na,na,Pathogenic,1
BRCA1,17,43063888,na,na,Pathogenic,1
BRCA1,17,43063889,na,na,Likely pathogenic,1
BRCA1,17,43063892,na,na,Likely pathogenic,1
BRCA1,17,43063893,na,na,Likely benign,0
BRCA1,17,43063895,na,na,Likely pathogenic,1
BRCA1,17,43063896,na,na,Likely benign,0
BRCA1,17,43063896,na,na,Likely benign,0
BRCA1,17,43063896,na,na,Likely benign,0
BRCA1,17,43063899,na,na,Likely benign,0
BRCA1,17,43063902,na,na,Likely benign,0
BRCA1,17,43063902,na,na,Likely benign,0
BRCA1,17,43063905,na,na,Likely benign,0
BRCA1,17,43063908,na,na,Benign,0
BRCA1,17,43063908,na,na,Likely benign,0
BRCA1,17,43063909,na,na,Likely pathogenic,1
BRCA1,17,43063910,na,na,Pathogenic,1
BRCA1,17,43063914,na,na,Likely benign,0
BRCA1,17,43063920,na,na,Likely pathogenic,1
BRCA1,17,43063922,na,na,Likely pathogenic,1
BRCA1,17,43063934,na,na,Likely pathogenic,1
BRCA1,17,43063936,na,na,Likely pathogenic,1
BRCA1,17,43063938,na,na,Likely benign,0
BRCA1,17,43063943,na,na,Pathogenic,1
BRCA1,17,43063947,na,na,Likely benign,0
BRCA1,17,43063947,na,na,Likely benign,0
BRCA1,17,43067616,na,na,Likely pathogenic,1
BRCA1,17,43067620,na,na,Likely pathogenic,1
BRCA1,17,43067621,na,na,Likely benign,0
BRCA1,17,43067622,na,na,Likely benign,0
BRCA1,17,43067623,na,na,Likely benign,0
BRCA1,17,43067626,na,na,Likely pathogenic,1
BRCA1,17,43067627,na,na,Likely benign,0
BRCA1,17,43067633,na,na,Likely benign,0
BRCA1,17,43067639,na,na,Likely benign,0
BRCA1,17,43067641,na,na,Likely benign,0
BRCA1,17,43067642,na,na,Likely benign,0
BRCA1,17,43067647,na,na,Likely benign,0
BRCA1,17,43067651,na,na,Likely benign,0
BRCA1,17,43067652,na,na,Likely benign,0
BRCA1,17,43067652,na,na,Likely benign,0
BRCA1,17,43067662,na,na,Likely benign,0
BRCA1,17,43067663,na,na,Likely benign,0
BRCA1,17,43067665,na,na,Likely benign,0
BRCA1,17,43067665,na,na,Likely benign,0
BRCA1,17,43067666,na,na,Likely benign,0
BRCA1,17,43067680,na,na,Likely benign,0
BRCA1,17,43067682,na,na,Likely benign,0
BRCA1,17,43067684,na,na,Pathogenic,1
BRCA1,17,43067686,na,na,Likely benign,0
BRCA1,17,43067687,na,na,Likely benign,0
BRCA1,17,43067687,na,na,Likely benign,0
BRCA1,17,43067690,na,na,Likely benign,0
BRCA1,17,43067694,na,na,Likely pathogenic,1
BRCA1,17,43070931,na,na,Likely benign,0
BRCA1,17,43070937,na,na,Likely benign,0
BRCA1,17,43070946,na,na,Likely benign,0
BRCA1,17,43070949,na,na,Likely benign,0
BRCA1,17,43070952,na,na,Likely benign,0
BRCA1,17,43070953,na,na,Likely benign,0
BRCA1,17,43070956,na,na,Likely benign,0
BRCA1,17,43070956,na,na,Likely pathogenic,1
BRCA1,17,43070961,na,na,Likely benign,0
BRCA1,17,43070967,na,na,Likely benign,0
BRCA1,17,43070969,na,na,Pathogenic,1
BRCA1,17,43070969,na,na,Likely benign,0
BRCA1,17,43070971,na,na,Likely benign,0
BRCA1,17,43070971,na,na,Likely benign,0
BRCA1,17,43070973,na,na,Likely benign,0
BRCA1,17,43070973,na,na,Benign,0
BRCA1,17,43070975,na,na,Benign,0
BRCA1,17,43070977,na,na,Likely benign,0
BRCA1,17,43070978,na,na,Likely benign,0
BRCA1,17,43070978,na,na,Likely benign,0
BRCA1,17,43070979,na,na,Likely benign,0
BRCA1,17,43070987,na,na,Likely benign,0
BRCA1,17,43070988,na,na,Likely benign,0
BRCA1,17,43070989,na,na,Likely benign,0
BRCA1,17,43070989,na,na,Pathogenic,1
BRCA1,17,43070991,na,na,Benign,0
BRCA1,17,43070993,na,na,Likely benign,0
BRCA1,17,43070994,na,na,Likely benign,0
BRCA1,17,43070997,na,na,Likely benign,0
BRCA1,17,43071001,na,na,Benign,0
BRCA1,17,43071002,na,na,Pathogenic,1
BRCA1,17,43071003,na,na,Likely benign,0
BRCA1,17,43071006,na,na,Likely benign,0
BRCA1,17,43071012,na,na,Benign,0
BRCA1,17,43071017,na,na,Likely benign,0
BRCA1,17,43071018,na,na,Likely benign,0
BRCA1,17,43071022,na,na,Likely benign,0
BRCA1,17,43071023,na,na,Likely benign,0
BRCA1,17,43104880,na,na,Likely benign,0
BRCA1,17,43104882,na,na,Likely pathogenic,1
BRCA1,17,43104884,na,na,Likely benign,0
BRCA1,17,43104885,na,na,Likely pathogenic,1
BRCA1,17,43104886,na,na,Likely benign,0
BRCA1,17,43104896,na,na,Pathogenic,1
BRCA1,17,43104902,na,na,Likely benign,0
BRCA1,17,43104902,na,na,Benign,0
BRCA1,17,43104905,na,na,Likely benign,0
BRCA1,17,43104913,na,na,Likely benign,0
BRCA1,17,43104920,na,na,Likely benign,0
BRCA1,17,43104923,na,na,Likely benign,0
BRCA1,17,43104923,na,na,Likely benign,0
BRCA1,17,43104940,na,na,Likely benign,0
BRCA1,17,43104941,na,na,Likely benign,0
BRCA1,17,43104946,na,na,Pathogenic,1
BRCA1,17,43104946,na,na,Likely benign,0
BRCA1,17,43104950,na,na,Likely benign,0
BRCA1,17,43106457,na,na,Likely pathogenic,1
BRCA1,17,43106471,na,na,Likely benign,0
BRCA1,17,43106478,na,na,Likely pathogenic,1
BRCA1,17,43106479,na,na,Likely benign,0
BRCA1,17,43106488,na,na,Likely benign,0
BRCA1,17,43106488,na,na,Likely benign,0
BRCA1,17,43106491,na,na,Likely benign,0
BRCA1,17,43106493,na,na,Likely benign,0
BRCA1,17,43106500,na,na,Likely benign,0
BRCA1,17,43106502,na,na,Pathogenic,1
BRCA1,17,43106512,na,na,Likely benign,0
BRCA1,17,43106521,na,na,Likely benign,0
BRCA1,17,43106524,na,na,Likely benign,0
BRCA1,17,43115729,na,na,Pathogenic,1
BRCA1,17,43115739,na,na,Likely pathogenic,1
BRCA1,17,43115741,na,na,Likely benign,0
BRCA1,17,43115749,na,na,Likely benign,0
BRCA1,17,43115751,na,na,Likely pathogenic,1
BRCA1,17,43115756,na,na,Likely pathogenic,1
BRCA1,17,43115759,na,na,Likely pathogenic,1
BRCA1,17,43115761,na,na,Likely benign,0
BRCA1,17,43115763,na,na,Likely benign,0
BRCA1,17,43115764,na,na,Likely benign,0
BRCA1,17,43115766,na,na,Pathogenic,1
BRCA1,17,43115767,na,na,Likely benign,0
BRCA1,17,43115767,na,na,Likely benign,0
BRCA1,17,43115772,na,na,Likely benign,0
BRCA1,17,43115779,na,na,Likely pathogenic,1
BRCA1,17,43124018,na,na,Likely pathogenic,1
BRCA1,17,43124018,na,na,Likely pathogenic,1
BRCA1,17,43124019,na,na,Likely benign,0
BRCA1,17,43124025,na,na,Likely benign,0
BRCA1,17,43124026,na,na,Likely pathogenic,1
BRCA1,17,43124030,na,na,Pathogenic,1
BRCA1,17,43124032,na,na,Pathogenic,1
BRCA1,17,43124034,na,na,Likely benign,0
BRCA1,17,43124036,na,na,Likely benign,0
BRCA1,17,43124045,na,na,Likely benign,0
BRCA1,17,43124046,na,na,Likely benign,0
BRCA1,17,43124051,na,na,Likely benign,0
BRCA1,17,43124057,na,na,Likely benign,0
BRCA1,17,43124058,na,na,Likely benign,0
BRCA1,17,43124062,na,na,Likely benign,0
BRCA1,17,43124064,na,na,Likely benign,0
BRCA1,17,43124066,na,na,Likely benign,0
BRCA1,17,43124070,na,na,Likely benign,0
BRCA1,17,43124072,na,na,Likely pathogenic,1
BRCA1,17,43124073,na,na,Likely benign,0
BRCA1,17,43124076,na,na,Likely benign,0
BRCA1,17,43124079,na,na,Likely benign,0
BRCA1,17,43124085,na,na,Likely benign,0
BRCA1,17,43124088,na,na,Likely benign,0
BRCA1,17,43124093,na,na,Likely benign,0
BRCA1,17,43124100,na,na,Likely benign,0
BRCA1,17,43124103,na,na,Likely benign,0
BRCA1,17,43124103,na,na,Likely benign,0
BRCA1,17,43124104,na,na,Likely benign,0
BRCA1,17,43124107,na,na,Likely benign,0
BRCA1,17,43124108,na,na,Likely benign,0
BRCA1,17,43124110,na,na,Likely benign,0
BRCA1,17,43045805,na,na,Benign,0
BRCA1,17,43045808,na,na,Likely benign,0
BRCA1,17,43045809,na,na,Likely benign,0
BRCA1,17,43045810,na,na,Likely benign,0
BRCA1,17,43045811,na,na,Likely benign,0
BRCA1,17,43045811,na,na,Likely pathogenic,1
BRCA1,17,43047623,na,na,Likely benign,0
BRCA1,17,43047624,na,na,Likely benign,0
BRCA1,17,43047624,na,na,Likely benign,0
BRCA1,17,43047625,na,na,Likely benign,0
BRCA1,17,43047626,na,na,Likely benign,0
BRCA1,17,43047626,na,na,Likely benign,0
BRCA1,17,43047626,na,na,Likely benign,0
BRCA1,17,43047627,na,na,Likely benign,0
BRCA1,17,43047628,na,na,Likely benign,0
BRCA1,17,43047629,na,na,Likely benign,0
BRCA1,17,43047631,na,na,Likely benign,0
BRCA1,17,43047632,na,na,Likely benign,0
BRCA1,17,43047633,na,na,Likely benign,0
BRCA1,17,43047641,na,na,Pathogenic,1
BRCA1,17,43047713,na,na,Likely benign,0
BRCA1,17,43047716,na,na,Likely benign,0
BRCA1,17,43047717,na,na,Likely benign,0
BRCA1,17,43049107,na,na,Likely benign,0
BRCA1,17,43049114,na,na,Likely benign,0
BRCA1,17,43049119,na,na,Likely pathogenic,1
BRCA1,17,43049119,na,na,Pathogenic,1
BRCA1,17,43049120,na,na,Pathogenic,1
BRCA1,17,43049120,na,na,Pathogenic,1
BRCA1,17,43049200,na,na,Likely benign,0
BRCA1,17,43049201,na,na,Likely benign,0
BRCA1,17,43049204,na,na,Likely benign,0
BRCA1,17,43051045,na,na,Likely benign,0
BRCA1,17,43051051,na,na,Likely benign,0
BRCA1,17,43051054,na,na,Likely benign,0
BRCA1,17,43051055,na,na,Likely benign,0
BRCA1,17,43051056,na,na,Likely benign,0
BRCA1,17,43051060,na,na,Pathogenic,1
BRCA1,17,43051121,na,na,Likely benign,0
BRCA1,17,43051126,na,na,Likely benign,0
BRCA1,17,43051127,na,na,Likely benign,0
BRCA1,17,43051130,na,na,Likely benign,0
BRCA1,17,43051130,na,na,Likely benign,0
BRCA1,17,43051131,na,na,Likely benign,0
BRCA1,17,43051132,na,na,Likely benign,0
BRCA1,17,43051134,na,na,Likely benign,0
BRCA1,17,43051135,na,na,Likely benign,0
BRCA1,17,43057042,na,na,Likely benign,0
BRCA1,17,43057046,na,na,Likely benign,0
BRCA1,17,43057137,na,na,Pathogenic,1
BRCA1,17,43057142,na,na,Likely benign,0
BRCA1,17,43057144,na,na,Likely benign,0
BRCA1,17,43063315,na,na,Likely benign,0
BRCA1,17,43063317,na,na,Likely benign,0
BRCA1,17,43063318,na,na,Likely benign,0
BRCA1,17,43063319,na,na,Likely benign,0
BRCA1,17,43063319,na,na,Likely benign,0
BRCA1,17,43063320,na,na,Likely benign,0
BRCA1,17,43063322,na,na,Likely benign,0
BRCA1,17,43063324,na,na,Likely benign,0
BRCA1,17,43063325,na,na,Likely benign,0
BRCA1,17,43063325,na,na,Likely benign,0
BRCA1,17,43063330,na,na,Benign,0
BRCA1,17,43063375,na,na,Pathogenic,1
BRCA1,17,43063382,na,na,Likely benign,0
BRCA1,17,43063383,na,na,Likely benign,0
BRCA1,17,43063386,na,na,Likely benign,0
BRCA1,17,43063387,na,na,Likely benign,0
BRCA1,17,43063389,na,na,Likely benign,0
BRCA1,17,43063392,na,na,Likely benign,0
BRCA1,17,43063864,na,na,Likely benign,0
BRCA1,17,43063864,na,na,Likely benign,0
BRCA1,17,43063866,na,na,Likely benign,0
BRCA1,17,43063869,na,na,Likely pathogenic,1
BRCA1,17,43063956,na,na,Likely benign,0
BRCA1,17,43063961,na,na,Likely benign,0
BRCA1,17,43067598,na,na,Likely benign,0
BRCA1,17,43067598,na,na,Likely benign,0
BRCA1,17,43067602,na,na,Likely benign,0
BRCA1,17,43067605,na,na,Likely pathogenic,1
BRCA1,17,43067702,na,na,Likely pathogenic,1
BRCA1,17,43070921,na,na,Likely benign,0
BRCA1,17,43070925,na,na,Likely pathogenic,1
BRCA1,17,43070926,na,na,Pathogenic,1
BRCA1,17,43104861,na,na,Likely benign,0
BRCA1,17,43104965,na,na,Likely benign,0
BRCA1,17,43106449,na,na,Likely benign,0
BRCA1,17,43106450,na,na,Likely benign,0
BRCA1,17,43106451,na,na,Likely benign,0
BRCA1,17,43106543,na,na,Likely benign,0
BRCA1,17,43115708,na,na,Likely benign,0
BRCA1,17,43115712,na,na,Likely benign,0
BRCA1,17,43115714,na,na,Likely benign,0
BRCA1,17,43115715,na,na,Likely benign,0
BRCA1,17,43115722,na,na,Benign,0
BRCA1,17,43115724,na,na,Pathogenic,1
BRCA1,17,43115780,na,na,Pathogenic,1
BRCA1,17,43115783,na,na,Likely benign,0
BRCA1,17,43115786,na,na,Likely benign,0
BRCA1,17,43115787,na,na,Likely benign,0
BRCA1,17,43115787,na,na,Likely benign,0
BRCA1,17,43115787,na,na,Likely benign,0
BRCA1,17,43115789,na,na,Likely benign,0
BRCA1,17,43115789,na,na,Likely benign,0
BRCA1,17,43115796,na,na,Likely benign,0
BRCA1,17,43115797,na,na,Likely benign,0
BRCA1,17,43115799,na,na,Likely benign,0
BRCA1,17,43115802,na,na,Likely benign,0
BRCA1,17,43124014,na,na,Pathogenic,1
BRCA1,17,43124015,na,na,Pathogenic,1
BRCA1,17,43124118,na,na,Likely benign,0
ATM,11,108271375,na,na,Pathogenic,1
ATM,11,108332852,na,na,Likely pathogenic,1
BRCA1,17,43063929,na,na,Likely benign,0
PRPF8,17,1650677,na,na,Likely benign,0
PSPH,7,56021235,na,na,Benign,0
BMP1,8,22194188,na,na,Benign,0
PDHA1,X,19360517,na,na,Benign,0
MAP3K15;PDHA1,X,19361335,na,na,Benign,0
TRPV4,12,109792647,na,na,Likely benign,0
AIFM1,X,130130186,na,na,Likely benign,0
BRCA2,13,32355110,na,na,Likely benign,0
BRCA2,13,32371079,na,na,Likely pathogenic,1
BRCA2,13,32376653,na,na,Likely benign,0
BRCA2,13,32338774,na,na,Likely benign,0
BARD1,2,214780702,na,na,Pathogenic,1
BARD1,2,214797069,na,na,Likely benign,0
BARD1,2,214809542,na,na,Likely benign,0
ATM,11,108235690,na,na,Pathogenic,1
ATM,11,108347314,na,na,Pathogenic,1
BRCA2,13,32316469,na,na,Likely benign,0
BRCA2,13,32329453,na,na,Likely benign,0
BRCA2,13,32332517,na,na,Pathogenic,1
BRCA2,13,32332558,na,na,Likely benign,0
BRCA2,13,32332842,na,na,Pathogenic,1
BRCA2,13,32332876,na,na,Likely benign,0
BRCA2,13,32332903,na,na,Likely benign,0
BRCA2,13,32332957,na,na,Likely benign,0
BRCA2,13,32333263,na,na,Likely benign,0
BRCA2,13,32336338,na,na,Likely benign,0
BRCA2,13,32336560,na,na,Likely benign,0
BRCA2,13,32336977,na,na,Likely benign,0
BRCA2,13,32337154,na,na,Likely benign,0
BRCA2,13,32337193,na,na,Likely benign,0
BRCA2,13,32337208,na,na,Likely benign,0
BRCA2,13,32337344,na,na,Likely benign,0
BRCA2,13,32337610,na,na,Likely benign,0
BRCA2,13,32338204,na,na,Likely benign,0
BRCA2,13,32338270,na,na,Likely benign,0
BRCA2,13,32338324,na,na,Likely benign,0
BRCA2,13,32339104,na,na,Likely benign,0
BRCA2,13,32339341,na,na,Likely benign,0
BRCA2,13,32340493,na,na,Likely benign,0
BRCA2,13,32340532,na,na,Likely benign,0
BRCA2,13,32340643,na,na,Likely benign,0
BRCA2,13,32340748,na,na,Likely benign,0
BRCA2,13,32340964,na,na,Likely benign,0
BRCA2,13,32341093,na,na,Likely benign,0
BRCA2,13,32341132,na,na,Likely benign,0
BRCA2,13,32346847,na,na,Likely benign,0
BRCA2,13,32354987,na,na,Likely benign,0
BRCA2,13,32362585,na,na,Likely pathogenic,1
BRCA2,13,32362683,na,na,Likely benign,0
BRCA2,13,32363236,na,na,Likely benign,0
BRCA2,13,32363344,na,na,Likely benign,0
BRCA2,13,32363419,na,na,Likely benign,0
BRCA2,13,32371024,na,na,Likely benign,0
BRCA2,13,32376697,na,na,Pathogenic,1
BRCA2,13,32376762,na,na,Pathogenic,1
BRCA2,13,32379358,na,na,Likely benign,0
BRCA2,13,32379487,na,na,Likely benign,0
BRCA2,13,32380057,na,na,Likely benign,0
BRCA2,13,32396942,na,na,Likely benign,0
BRCA2,13,32398317,na,na,Likely benign,0
BRCA2,13,32398572,na,na,Likely benign,0
BRCA2,13,32398656,na,na,Likely benign,0
PALB2,16,23607890,na,na,Likely benign,0
PALB2,16,23624017,na,na,Likely benign,0
PALB2,16,23629850,na,na,Likely benign,0
PALB2,16,23630339,na,na,Likely benign,0
PALB2,16,23635925,na,na,Likely benign,0
PALB2,16,23636043,na,na,Pathogenic,1
PALB2,16,23636057,na,na,Likely benign,0
PALB2,16,23641121,na,na,Pathogenic,1
CDH1,16,68737426,na,na,Pathogenic,1
CDH1,16,68833355,na,na,Likely pathogenic,1
RAD51D,17,35101249,na,na,Likely benign,0
RAD51D,17,35107057,na,na,Likely benign,0
BRCA1,17,43045679,na,na,Likely benign,0
BRCA1,17,43071158,na,na,Pathogenic,1
BRCA1,17,43074467,na,na,Pathogenic,1
BRCA1,17,43076553,na,na,Likely benign,0
BRCA1,17,43091520,na,na,Likely benign,0
BRCA1,17,43091871,na,na,Likely benign,0
BRCA1,17,43091877,na,na,Likely benign,0
BRCA1,17,43091979,na,na,Likely benign,0
BRCA1,17,43092326,na,na,Pathogenic,1
BRCA1,17,43092525,na,na,Likely benign,0
BRCA1,17,43092921,na,na,Likely benign,0
BRCA1,17,43093125,na,na,Likely benign,0
BRCA1,17,43093233,na,na,Likely benign,0
BRCA1,17,43093497,na,na,Likely benign,0
BRCA1,17,43094109,na,na,Likely benign,0
BRCA1,17,43094397,na,na,Likely benign,0
BRCA1,17,43094454,na,na,Likely benign,0
BRCA1,17,43094463,na,na,Likely benign,0
BRCA1,17,43095889,na,na,Likely benign,0
BRCA1,17,43104248,na,na,Likely benign,0
BRIP1,17,61715985,na,na,Pathogenic,1
BRIP1,17,61743040,na,na,Likely benign,0
BRIP1,17,61743097,na,na,Likely benign,0
BRIP1,17,61776407,na,na,Likely benign,0
BRIP1,17,61784413,na,na,Likely benign,0
BRIP1,17,61799231,na,na,Likely benign,0
BRIP1,17,61847143,na,na,Likely benign,0
BRIP1,17,61857098,na,na,Likely benign,0
TP53,17,7673537,na,na,Pathogenic,1
CHEK2,22,28695820,na,na,Likely benign,0
CHEK2,22,28696953,na,na,Pathogenic,1
CHEK2,22,28712002,na,na,Likely benign,0
CHEK2,22,28725336,na,na,Likely benign,0
CHEK2,22,28734455,na,na,Likely benign,0
CHEK2,22,28734710,na,na,Likely benign,0
BRCA1,17,43093731,na,na,Likely benign,0
CHEK2,22,28703498,na,na,Likely benign,0
BARD1,2,214752573,na,na,Likely benign,0
BARD1,2,214780547,na,na,Likely benign,0
MUTYH,1,45333096,na,na,Likely pathogenic,1
BARD1,2,214745057,na,na,Likely benign,0
BARD1,2,214745710,na,na,Likely benign,0
BARD1,2,214752570,na,na,Likely benign,0
BARD1,2,214781518,na,na,Likely benign,0
BARD1,2,214729023,na,na,Likely benign,0
BARD1,2,214767672,na,na,Likely benign,0
BARD1,2,214769326,na,na,Likely benign,0
BARD1,2,214769328,na,na,Likely benign,0
BARD1,2,214792286,na,na,Likely benign,0
BARD1,2,214745175,na,na,Likely benign,0
BARD1,2,214769323,na,na,Likely benign,0
ATM,11,108243933,na,na,Likely benign,0
ATM,11,108251833,na,na,Likely benign,0
ATM,11,108271049,na,na,Likely benign,0
ATM,11,108279472,na,na,Likely benign,0
ATM,11,108282698,na,na,Likely benign,0
ATM,11,108293484,na,na,Likely benign,0
ATM,11,108299700,na,na,Likely benign,0
ATM,11,108299704,na,na,Likely benign,0
ATM,11,108331428,na,na,Likely benign,0
PALB2,16,23623148,na,na,Likely benign,0
PALB2,16,23623996,na,na,Likely benign,0
PALB2,16,23626408,na,na,Likely benign,0
RAD51D,17,35103337,na,na,Likely benign,0
ATM,11,108250681,na,na,Likely benign,0
RAD51C,17,58724107,na,na,Likely benign,0
ATM,11,108257470,na,na,Likely benign,0
ATM,11,108257480,na,na,Likely pathogenic,1
BRIP1,17,61685817,na,na,Likely benign,0
ATM,11,108258969,na,na,Likely benign,0
BRIP1,17,61743149,na,na,Likely benign,0
BRIP1,17,61799313,na,na,Likely benign,0
ATM,11,108229168,na,na,Likely benign,0
ATM,11,108294911,na,na,Likely benign,0
ATM,11,108252802,na,na,Likely benign,0
CHEK2,22,28695110,na,na,Likely benign,0
ATM,11,108282696,na,na,Likely benign,0
CHEK2,22,28699938,na,na,Likely pathogenic,1
CHEK2,22,28699945,na,na,Likely benign,0
CHEK2,22,28703489,na,na,Likely benign,0
CHEK2,22,28710076,na,na,Likely benign,0
CHEK2,22,28724959,na,na,Likely benign,0
ATM,11,108365065,na,na,Likely benign,0
ATM,11,108329004,na,na,Likely benign,0
ATM,11,108353888,na,na,Likely benign,0
BRCA2,13,32326293,na,na,Likely benign,0
BRCA2,13,32363165,na,na,Likely benign,0
BRCA2,13,32379733,na,na,Likely benign,0
PTEN,10,87960881,na,na,Likely benign,0
ATM,11,108245034,na,na,Likely benign,0
BRCA2,13,32371108,na,na,Likely benign,0
BRCA2,13,32379932,na,na,Likely benign,0
ATM,11,108258971,na,na,Likely benign,0
ATM,11,108272711,na,na,Likely benign,0
ATM,11,108289583,na,na,Likely benign,0
ATM,11,108343206,na,na,Likely benign,0
PALB2,16,23614101,na,na,Likely benign,0
PALB2,16,23623989,na,na,Likely benign,0
PALB2,16,23623998,na,na,Likely benign,0
CDH1,16,68810350,na,na,Likely benign,0
PALB2,16,23638059,na,na,Likely benign,0
RAD51D,17,35119187,na,na,Likely benign,0
BRCA1,17,43082384,na,na,Likely benign,0
BRCA2,13,32331044,na,na,Likely benign,0
RAD51D,17,35106974,na,na,Likely benign,0
BRCA1,17,43099764,na,na,Likely benign,0
RAD51C,17,58703179,na,na,Likely benign,0
RAD51D,17,35106981,na,na,Likely benign,0
RAD51D,17,35107359,na,na,Likely benign,0
BRCA2,13,32363548,na,na,Likely benign,0
BRIP1,17,61693526,na,na,Likely benign,0
BRIP1,17,61715939,na,na,Likely benign,0
BRIP1,17,61744600,na,na,Likely benign,0
BRCA1,17,43094872,na,na,Likely benign,0
BRIP1,17,61793582,na,na,Likely benign,0
BRIP1,17,61857240,na,na,Likely benign,0
BRIP1,17,61685820,na,na,Likely benign,0
BRIP1,17,61784263,na,na,Likely benign,0
CHEK2,22,28695107,na,na,Likely benign,0
CHEK2,22,28696882,na,na,Likely benign,0
MYH11,16,15720327,na,na,Likely benign,0
CHEK2,22,28697005,na,na,Likely benign,0
CHEK2,22,28703503,na,na,Likely pathogenic,1
CHEK2,22,28719378,na,na,Likely benign,0
PALB2,16,23607855,na,na,Likely benign,0
RAD51D,17,35101047,na,na,Likely benign,0
RAD51D,17,35101055,na,na,Likely benign,0
RAD51D,17,35101056,na,na,Likely benign,0
RAD51D,17,35107359,na,na,Likely benign,0
BRCA1,17,43076628,na,na,Likely benign,0
RAD51C,17,58695190,na,na,Likely pathogenic,1
BRIP1,17,61780413,na,na,Likely benign,0
BRIP1,17,61799081,na,na,Likely benign,0
BRIP1,17,61847085,na,na,Likely benign,0
BRIP1,17,61847231,na,na,Likely benign,0
BRIP1,17,61849267,na,na,Likely benign,0
BRCA2,13,32332792,na,na,Likely benign,0
BRCA2,13,32333173,na,na,Likely benign,0
BRCA2,13,32339634,na,na,Pathogenic,1
BRCA2,13,32379772,na,na,Likely benign,0
BRCA1,17,43092927,na,na,Likely benign,0
BRCA2,13,32326497,na,na,Likely pathogenic,1
BRCA2,13,32380153,na,na,Likely benign,0
BRCA1,17,43067589,na,na,Likely benign,0
BRCA1,17,43090943,na,na,Likely pathogenic,1
BRIP1,17,61847230,na,na,Likely benign,0
BRIP1,17,61801277,na,na,Likely benign,0
ATM,11,108335963,na,na,Likely pathogenic,1
ATM,11,108251029,na,na,Pathogenic,1
PALB2,16,23607963,na,na,Likely pathogenic,1
ATM,11,108250798,na,na,Pathogenic,1
ATM,11,108251979,na,na,Pathogenic,1
ATM,11,108345806,na,na,Pathogenic,1
BRCA2,13,32332844,na,na,Pathogenic,1
BRCA2,13,32337188,na,na,Pathogenic,1
BRCA2,13,32340171,na,na,Pathogenic,1
BRCA2,13,32340496,na,na,Pathogenic,1
PALB2,16,23603595,na,na,Pathogenic,1
PALB2,16,23629829,na,na,Likely benign,0
CDH1,16,68738315,na,na,Pathogenic,1
BRCA1,17,43092405,na,na,Likely benign,0
BARD1,2,214728731,na,na,Likely pathogenic,1
ATM,11,108279498,na,na,Pathogenic,1
BRCA2,13,32379339,na,na,Pathogenic,1
PALB2,16,23637880,na,na,Pathogenic,1
BRCA1,17,43074400,na,na,Pathogenic,1
BRCA1,17,43093461,na,na,Likely benign,0
BRCA1,17,43094718,na,na,Likely benign,0
BRIP1,17,61801408,na,na,Pathogenic,1
CHEK2,22,28696929,na,na,Pathogenic,1
BRCA2,13,32315668,na,na,Likely pathogenic,1
BRCA2,13,32376796,na,na,Pathogenic,1
BRIP1,17,61686166,na,na,Likely pathogenic,1
ATM,11,108353765,na,na,Likely pathogenic,1
BRCA2,13,32316405,na,na,Likely benign,0
PALB2,16,23629203,na,na,Pathogenic,1
RAD51D,17,35103244,na,na,Likely benign,0
BRIP1,17,61743140,na,na,Likely benign,0
BRIP1,17,61744431,na,na,Likely pathogenic,1
CHEK2,22,28711907,na,na,Likely pathogenic,1
CHEK2,22,28711907,na,na,Likely pathogenic,1
ATM,11,108250898,na,na,Pathogenic,1
ATM,11,108284471,na,na,Pathogenic,1
ATM,11,108303006,na,na,Pathogenic,1
ATM,11,108331919,na,na,Pathogenic,1
BRCA2,13,32336739,na,na,Pathogenic,1
BRCA2,13,32338552,na,na,Pathogenic,1
BRCA2,13,32339672,na,na,Pathogenic,1
BRCA2,13,32340481,na,na,Likely benign,0
PALB2,16,23626308,na,na,Likely benign,0
PALB2,16,23635688,na,na,Likely benign,0
PALB2,16,23636333,na,na,Likely benign,0
RAD51D,17,35119595,na,na,Pathogenic,1
BRCA1,17,43092511,na,na,Pathogenic,1
BRCA1,17,43104235,na,na,Pathogenic,1
BRIP1,17,61744460,na,na,Pathogenic,1
BRIP1,17,61744538,na,na,Likely benign,0
BRIP1,17,61801324,na,na,Pathogenic,1
TP53,17,7674905,na,na,Likely benign,0
CHEK2,22,28695154,na,na,Pathogenic,1
CHEK2,22,28719442,na,na,Pathogenic,1
CHEK2,22,28725074,na,na,Likely benign,0
CHEK2,22,28725296,na,na,Pathogenic,1
CHEK2,22,28734624,na,na,Pathogenic,1
FANCC,9,95249303,na,na,Likely benign,0
BRCA1,17,43071234,na,na,Likely benign,0
BRCA1,17,43092320,na,na,Pathogenic,1
BRIP1,17,61859797,na,na,Likely benign,0
ATM,11,108268408,na,na,Likely pathogenic,1
ATM,11,108272608,na,na,Likely pathogenic,1
ATM,11,108279609,na,na,Likely pathogenic,1
ATM,11,108321421,na,na,Likely pathogenic,1
PALB2,16,23624095,na,na,Likely pathogenic,1
RAD51D,17,35101041,na,na,Likely benign,0
CHEK2,22,28710069,na,na,Likely benign,0
BRCA2,13,32315668,na,na,Likely pathogenic,1
BRCA1,17,43125267,na,na,Likely benign,0
BRIP1,17,61744424,na,na,Likely benign,0
CHEK2,22,28712019,na,na,Likely pathogenic,1
ALDH3A2,17,19652633,na,na,Pathogenic,1
PDHB,3,58430936,na,na,Likely pathogenic,1
BRCA1,17,43092636,na,na,Likely benign,0
CTNNA2,2,79744386,na,na,Pathogenic,1
MITF,3,69936723,na,na,Likely pathogenic,1
SLC34A2,4,25662703,na,na,Likely pathogenic,1
DROSHA,5,31508710,na,na,Pathogenic,1
KRAS,12,25209901,na,na,Likely pathogenic,1
LCP1,13,46146960,na,na,Pathogenic,1
BCAR1,16,75251469,na,na,Likely pathogenic,1
RASA1,5,87376566,na,na,Pathogenic,1
BARD1,2,214769233,na,na,Pathogenic,1
CDH1,16,68808744,na,na,Pathogenic,1
BRCA1,17,43092494,na,na,Pathogenic,1
BRCA2,13,32340544,na,na,Likely benign,0
PALB2,16,23622967,na,na,Likely pathogenic,1
BRCA1,17,43095932,na,na,Likely benign,0
BRCA2,13,32336727,na,na,Pathogenic,1
BRCA2,13,32336831,na,na,Pathogenic,1
TP53,17,7673780,na,na,Pathogenic,1
NBN,8,89955287,na,na,Pathogenic,1
NBN,8,89984557,na,na,Pathogenic,1
RAD51D,17,35106388,na,na,Pathogenic,1
RAD51C,17,58703288,na,na,Pathogenic,1
CIITA,16,10907751,na,na,Likely benign,0
BRCA2,13,32333166,na,na,Pathogenic,1
BRCA2,13,32337898,na,na,Likely benign,0
BRCA2,13,32340448,na,na,Likely benign,0
BRCA1,17,43076486,na,na,Pathogenic,1
PALB2,16,23638068,na,na,Likely pathogenic,1
BRCA2,13,32357910,na,na,Likely pathogenic,1
BRCA2,13,32362524,na,na,Likely pathogenic,1
BRCA2,13,32362605,na,na,Likely pathogenic,1
BRCA2,13,32380115,na,na,Likely pathogenic,1
BRIP1,17,61683644,na,na,Likely benign,0
RAD51C,17,58695179,na,na,Likely pathogenic,1
AFP,4,73455292,na,na,Likely benign,0
BRCA2,13,32357948,na,na,Likely benign,0
BRIP1,17,61793621,na,na,Likely benign,0
BRCA2,13,32370559,na,na,Pathogenic,1
RAD51D,17,35107448,na,na,Likely pathogenic,1
BARD1,2,214781019,na,na,Likely benign,0
BARD1,2,214781055,na,na,Likely benign,0
ATM,11,108299711,na,na,Likely benign,0
BRCA2,13,32339971,na,na,Likely benign,0
BRCA2,13,32398434,na,na,Likely benign,0
BRCA1,17,43082581,na,na,Likely benign,0
BRIP1,17,61685972,na,na,Likely benign,0
BRIP1,17,61859912,na,na,Likely benign,0
TRPM4,19,49168309,na,na,Likely benign,0
ATM,11,108365507,na,na,Likely pathogenic,1
BRCA2,13,32319255,na,na,Likely benign,0
BRCA2,13,32319291,na,na,Likely benign,0
BRCA2,13,32338264,na,na,Likely benign,0
BRCA2,13,32340097,na,na,Likely benign,0
BRCA2,13,32355302,na,na,Likely benign,0
BRCA2,13,32394938,na,na,Likely benign,0
BRCA2,13,32398156,na,na,Likely benign,0
RAD51D,17,35101043,na,na,Likely benign,0
CHEK2,22,28711909,na,na,Likely benign,0
MSH2,2,47475013,na,na,Likely benign,0
MSH6,2,47783223,na,na,Likely benign,0
MLH1,3,37017579,na,na,Likely benign,0
PMS2,7,5977623,na,na,Likely pathogenic,1
NBN,8,89978334,na,na,Likely benign,0
FANCC,9,95111651,na,na,Likely benign,0
FANCC,9,95117399,na,na,Likely benign,0
FANCC,9,95171090,na,na,Likely benign,0
ATM,11,108282891,na,na,Likely benign,0
BRCA2,13,32332960,na,na,Likely benign,0
BRCA2,13,32337471,na,na,Likely benign,0
BRCA2,13,32337579,na,na,Likely benign,0
BRCA2,13,32337951,na,na,Likely benign,0
BRCA2,13,32338462,na,na,Likely benign,0
BRCA2,13,32338624,na,na,Likely benign,0
BRCA2,13,32339149,na,na,Likely benign,0
BRCA2,13,32339689,na,na,Likely benign,0
BRCA2,13,32355161,na,na,Likely benign,0
BRCA2,13,32357850,na,na,Pathogenic,1
BRCA2,13,32370941,na,na,Likely benign,0
BRCA2,13,32394726,na,na,Likely benign,0
CDH1,16,68815631,na,na,Benign,0
CDH1,16,68828162,na,na,Likely benign,0
BRCA1,17,43071141,na,na,Likely benign,0
BRCA1,17,43074473,na,na,Likely benign,0
BRCA1,17,43091968,na,na,Likely benign,0
BRCA1,17,43092704,na,na,Pathogenic,1
BRCA1,17,43092882,na,na,Likely benign,0
BRCA1,17,43094630,na,na,Likely benign,0
BRCA1,17,43094822,na,na,Pathogenic,1
SMAD4,18,51065618,na,na,Likely benign,0
CHEK2,22,28734464,na,na,Likely benign,0
BRCA2,13,32336512,na,na,Likely benign,0
BRCA1,17,43091586,na,na,Likely benign,0
BARD1,2,214745753,na,na,Likely benign,0
BRCA2,13,32332273,na,na,Likely benign,0
BRCA2,13,32379433,na,na,Likely benign,0
BRCA1,17,43124120,na,na,Likely benign,0
CHEK2,22,28695766,na,na,Likely benign,0
BARD1,2,214728909,na,na,Likely pathogenic,1
BARD1,2,214792447,na,na,Likely pathogenic,1
BARD1,2,214797060,na,na,Likely pathogenic,1
ATM,11,108325546,na,na,Likely pathogenic,1
ATM,11,108345741,na,na,Likely pathogenic,1
GNPTG,16,1352018,na,na,Likely pathogenic,1
PALB2,16,23624096,na,na,Likely pathogenic,1
RAD51D,17,35103325,na,na,Likely pathogenic,1
MKS1,17,58218731,na,na,Likely pathogenic,1
BRIP1,17,61808759,na,na,Likely pathogenic,1
BRIP1,17,61849257,na,na,Likely pathogenic,1
CHEK2,22,28695125,na,na,Likely pathogenic,1
BARD1,2,214745791,na,na,Pathogenic,1
BARD1,2,214780826,na,na,Pathogenic,1
BARD1,2,214792388,na,na,Pathogenic,1
ATM,11,108244981,na,na,Pathogenic,1
ATM,11,108249046,na,na,Pathogenic,1
ATM,11,108250727,na,na,Pathogenic,1
ATM,11,108293369,na,na,Pathogenic,1
ATM,11,108301763,na,na,Pathogenic,1
ATM,11,108317416,na,na,Pathogenic,1
ATM,11,108325542,na,na,Pathogenic,1
ATM,11,108353879,na,na,Pathogenic,1
BRCA2,13,32326119,na,na,Pathogenic,1
BRCA2,13,32330961,na,na,Pathogenic,1
BRCA2,13,32332496,na,na,Pathogenic,1
BRCA2,13,32332634,na,na,Pathogenic,1
BRCA2,13,32332706,na,na,Pathogenic,1
BRCA2,13,32336528,na,na,Pathogenic,1
BRCA2,13,32336764,na,na,Pathogenic,1
BRCA2,13,32336765,na,na,Pathogenic,1
BRCA2,13,32337164,na,na,Pathogenic,1
BRCA2,13,32337827,na,na,Pathogenic,1
BRCA2,13,32338412,na,na,Pathogenic,1
BRCA2,13,32338673,na,na,Pathogenic,1
BRCA2,13,32339572,na,na,Pathogenic,1
BRCA2,13,32340254,na,na,Pathogenic,1
BRCA2,13,32340302,na,na,Pathogenic,1
BRCA2,13,32340639,na,na,Pathogenic,1
BRCA2,13,32344636,na,na,Pathogenic,1
BRCA2,13,32354871,na,na,Pathogenic,1
BRCA2,13,32370507,na,na,Pathogenic,1
BRCA2,13,32370558,na,na,Pathogenic,1
BRCA2,13,32370559,na,na,Pathogenic,1
BRCA2,13,32370985,na,na,Pathogenic,1
BRCA2,13,32379419,na,na,Pathogenic,1
PALB2,16,23621417,na,na,Pathogenic,1
PALB2,16,23626353,na,na,Pathogenic,1
PALB2,16,23630113,na,na,Pathogenic,1
PALB2,16,23635666,na,na,Pathogenic,1
PALB2,16,23635855,na,na,Pathogenic,1
RAD51D,17,35106460,na,na,Pathogenic,1
BRCA1,17,43082402,na,na,Pathogenic,1
BRCA1,17,43092150,na,na,Pathogenic,1
BRCA1,17,43093031,na,na,Pathogenic,1
BRCA1,17,43094522,na,na,Pathogenic,1
RAD51C,17,58695186,na,na,Pathogenic,1
RAD51C,17,58724096,na,na,Pathogenic,1
BRIP1,17,61686025,na,na,Pathogenic,1
BRIP1,17,61744578,na,na,Pathogenic,1
BRIP1,17,61780925,na,na,Pathogenic,1
BRIP1,17,61780935,na,na,Pathogenic,1
BRIP1,17,61857183,na,na,Pathogenic,1
BRIP1,17,61857186,na,na,Pathogenic,1
CHEK2,22,28694061,na,na,Pathogenic,1
CHEK2,22,28695814,na,na,Pathogenic,1
CHEK2,22,28699927,na,na,Pathogenic,1
CHEK2,22,28710022,na,na,Pathogenic,1
CHEK2,22,28711914,na,na,Pathogenic,1
CHEK2,22,28734432,na,na,Pathogenic,1
BARD1,2,214769224,na,na,Likely benign,0
BARD1,2,214781157,na,na,Likely benign,0
BARD1,2,214797126,na,na,Likely benign,0
BARD1,2,214809483,na,na,Likely benign,0
ARMC9,2,231222817,na,na,Likely benign,0
ASNS,7,97853221,na,na,Likely benign,0
ATM,11,108246954,na,na,Likely benign,0
ATM,11,108252922,na,na,Likely benign,0
ATM,11,108259085,na,na,Likely benign,0
ATM,11,108297392,na,na,Likely benign,0
ATM,11,108327639,na,na,Likely benign,0
ATM,11,108329015,na,na,Likely benign,0
ATM,11,108330428,na,na,Likely benign,0
ATM,11,108343213,na,na,Likely benign,0
ATM,11,108365074,na,na,Likely benign,0
ZCCHC8,12,122478306,na,na,Likely benign,0
BRCA2,13,32315670,na,na,Likely benign,0
BRCA2,13,32315675,na,na,Likely benign,0
BRCA2,13,32316418,na,na,Likely benign,0
BRCA2,13,32319267,na,na,Likely benign,0
BRCA2,13,32319343,na,na,Likely benign,0
BRCA2,13,32325064,na,na,Likely benign,0
BRCA2,13,32326233,na,na,Likely benign,0
BRCA2,13,32326481,na,na,Likely benign,0
BRCA2,13,32326495,na,na,Likely benign,0
BRCA2,13,32326591,na,na,Likely benign,0
BRCA2,13,32329437,na,na,Likely benign,0
BRCA2,13,32329506,na,na,Likely benign,0
BRCA2,13,32331037,na,na,Likely benign,0
BRCA2,13,32332253,na,na,Likely benign,0
BRCA2,13,32332760,na,na,Likely benign,0
BRCA2,13,32333158,na,na,Likely benign,0
BRCA2,13,32336251,na,na,Likely benign,0
BRCA2,13,32336638,na,na,Likely benign,0
BRCA2,13,32336833,na,na,Likely benign,0
BRCA2,13,32336902,na,na,Likely benign,0
BRCA2,13,32336926,na,na,Likely benign,0
BRCA2,13,32336986,na,na,Likely benign,0
BRCA2,13,32337019,na,na,Likely benign,0
BRCA2,13,32337061,na,na,Likely benign,0
BRCA2,13,32337139,na,na,Likely benign,0
BRCA2,13,32337505,na,na,Likely benign,0
BRCA2,13,32337907,na,na,Likely benign,0
BRCA2,13,32337958,na,na,Likely benign,0
BRCA2,13,32338231,na,na,Likely benign,0
BRCA2,13,32338246,na,na,Likely benign,0
BRCA2,13,32338336,na,na,Likely benign,0
BRCA2,13,32338741,na,na,Likely benign,0
BRCA2,13,32338882,na,na,Likely benign,0
BRCA2,13,32339083,na,na,Likely benign,0
BRCA2,13,32339092,na,na,Likely benign,0
BRCA2,13,32339173,na,na,Likely benign,0
BRCA2,13,32339245,na,na,Likely benign,0
BRCA2,13,32339323,na,na,Likely benign,0
BRCA2,13,32340073,na,na,Likely benign,0
BRCA2,13,32340226,na,na,Likely benign,0
BRCA2,13,32340511,na,na,Likely benign,0
BRCA2,13,32340514,na,na,Likely benign,0
BRCA2,13,32340730,na,na,Likely benign,0
BRCA2,13,32341030,na,na,Likely benign,0
BRCA2,13,32341150,na,na,Likely benign,0
BRCA2,13,32341209,na,na,Likely benign,0
BRCA2,13,32344577,na,na,Likely benign,0
BRCA2,13,32344583,na,na,Likely benign,0
BRCA2,13,32344662,na,na,Likely benign,0
BRCA2,13,32356419,na,na,Likely benign,0
BRCA2,13,32356430,na,na,Likely benign,0
BRCA2,13,32356597,na,na,Likely benign,0
BRCA2,13,32356624,na,na,Likely benign,0
BRCA2,13,32363167,na,na,Likely benign,0
BRCA2,13,32363287,na,na,Likely benign,0
BRCA2,13,32363422,na,na,Likely benign,0
BRCA2,13,32363470,na,na,Likely benign,0
BRCA2,13,32370383,na,na,Likely benign,0
BRCA2,13,32370573,na,na,Likely benign,0
BRCA2,13,32371045,na,na,Likely benign,0
BRCA2,13,32371120,na,na,Likely benign,0
BRCA2,13,32376677,na,na,Likely benign,0
BRCA2,13,32376810,na,na,Likely benign,0
BRCA2,13,32379921,na,na,Likely benign,0
BRCA2,13,32379927,na,na,Likely benign,0
BRCA2,13,32379990,na,na,Likely benign,0
BRCA2,13,32380003,na,na,Likely benign,0
BRCA2,13,32396882,na,na,Likely benign,0
BRCA2,13,32397059,na,na,Likely benign,0
BRCA2,13,32398150,na,na,Likely benign,0
BRCA2,13,32398263,na,na,Likely benign,0
BRCA2,13,32398509,na,na,Likely benign,0
BRCA2,13,32398686,na,na,Likely benign,0
TSC2,16,2050396,na,na,Likely benign,0
PALB2,16,23613996,na,na,Likely benign,0
PALB2,16,23621459,na,na,Likely benign,0
PALB2,16,23622959,na,na,Likely benign,0
PALB2,16,23622961,na,na,Likely benign,0
PALB2,16,23629706,na,na,Likely benign,0
PALB2,16,23630120,na,na,Likely benign,0
PALB2,16,23630432,na,na,Likely benign,0
PALB2,16,23634955,na,na,Likely benign,0
PALB2,16,23635397,na,na,Likely benign,0
PALB2,16,23635556,na,na,Likely benign,0
PALB2,16,23637843,na,na,Likely benign,0
PALB2,16,23637881,na,na,Likely benign,0
PALB2,16,23641100,na,na,Likely benign,0
PALB2,16,23641101,na,na,Likely benign,0
RAD51D,17,35101193,na,na,Likely benign,0
RAD51D,17,35103283,na,na,Likely benign,0
RAD51D,17,35103328,na,na,Likely benign,0
RAD51D,17,35103488,na,na,Likely benign,0
RAD51D,17,35118493,na,na,Likely benign,0
RAD51D,17,35118614,na,na,Likely benign,0
BRCA1,17,43047723,na,na,Likely benign,0
BRCA1,17,43057032,na,na,Likely benign,0
BRCA1,17,43057034,na,na,Likely benign,0
BRCA1,17,43057109,na,na,Likely benign,0
BRCA1,17,43057155,na,na,Likely benign,0
BRCA1,17,43063963,na,na,Likely benign,0
BRCA1,17,43067711,na,na,Likely benign,0
BRCA1,17,43071153,na,na,Likely benign,0
BRCA1,17,43071168,na,na,Likely benign,0
BRCA1,17,43074518,na,na,Likely benign,0
BRCA1,17,43076598,na,na,Likely benign,0
BRCA1,17,43082587,na,na,Likely benign,0
BRCA1,17,43082591,na,na,Likely benign,0
BRCA1,17,43090930,na,na,Likely benign,0
BRCA1,17,43091051,na,na,Likely benign,0
BRCA1,17,43091415,na,na,Likely benign,0
BRCA1,17,43091526,na,na,Likely benign,0
BRCA1,17,43091598,na,na,Likely benign,0
BRCA1,17,43092015,na,na,Likely benign,0
BRCA1,17,43092090,na,na,Likely benign,0
BRCA1,17,43092111,na,na,Likely benign,0
BRCA1,17,43092165,na,na,Likely benign,0
BRCA1,17,43092285,na,na,Likely benign,0
BRCA1,17,43092450,na,na,Likely benign,0
BRCA1,17,43092690,na,na,Likely benign,0
BRCA1,17,43092714,na,na,Likely benign,0
BRCA1,17,43092771,na,na,Likely benign,0
BRCA1,17,43093383,na,na,Likely benign,0
BRCA1,17,43093386,na,na,Likely benign,0
BRCA1,17,43093566,na,na,Likely benign,0
BRCA1,17,43093629,na,na,Likely benign,0
BRCA1,17,43093635,na,na,Likely benign,0
BRCA1,17,43094442,na,na,Likely benign,0
BRCA1,17,43094799,na,na,Likely benign,0
BRCA1,17,43095906,na,na,Likely benign,0
BRCA1,17,43095941,na,na,Likely benign,0
BRCA1,17,43099762,na,na,Likely benign,0
BRCA1,17,43099898,na,na,Likely benign,0
BRCA1,17,43104852,na,na,Likely benign,0
BRCA1,17,43125251,na,na,Likely benign,0
BRCA1,17,43125255,na,na,Likely benign,0
RAD51C,17,58694927,na,na,Likely benign,0
BRIP1,17,61683800,na,na,Likely benign,0
BRIP1,17,61685942,na,na,Likely benign,0
BRIP1,17,61685975,na,na,Likely benign,0
BRIP1,17,61715980,na,na,Likely benign,0
BRIP1,17,61716010,na,na,Likely benign,0
BRIP1,17,61744425,na,na,Likely benign,0
BRIP1,17,61776488,na,na,Likely benign,0
BRIP1,17,61780369,na,na,Likely benign,0
BRIP1,17,61780408,na,na,Likely benign,0
BRIP1,17,61784389,na,na,Likely benign,0
BRIP1,17,61799132,na,na,Likely benign,0
BRIP1,17,61801243,na,na,Likely benign,0
BRIP1,17,61801346,na,na,Likely benign,0
BRIP1,17,61808710,na,na,Likely benign,0
BRIP1,17,61861437,na,na,Likely benign,0
TMC6,17,78125900,na,na,Likely benign,0
CHEK2,22,28687954,na,na,Likely benign,0
CHEK2,22,28687990,na,na,Likely benign,0
CHEK2,22,28689223,na,na,Likely benign,0
CHEK2,22,28695700,na,na,Likely benign,0
CHEK2,22,28699947,na,na,Likely benign,0
CHEK2,22,28703555,na,na,Likely benign,0
CHEK2,22,28703555,na,na,Likely benign,0
CHEK2,22,28712014,na,na,Likely benign,0
CHEK2,22,28719463,na,na,Likely benign,0
CHEK2,22,28725258,na,na,Likely benign,0
CHEK2,22,28725327,na,na,Likely benign,0
BRCA1,17,43093703,na,na,Likely benign,0
RAD51C,17,58695133,na,na,Likely benign,0
RAD51C,17,58695190,na,na,Likely pathogenic,1
RAD51C,17,58703280,na,na,Pathogenic,1
RAD51C,17,58709954,na,na,Likely benign,0
RAD51C,17,58709995,na,na,Likely pathogenic,1
BARD1,2,214745118,na,na,Likely benign,0
BARD1,2,214745795,na,na,Likely benign,0
BARD1,2,214767474,na,na,Likely benign,0
BARD1,2,214767475,na,na,Likely benign,0
BARD1,2,214767589,na,na,Likely benign,0
BARD1,2,214769317,na,na,Likely benign,0
BARD1,2,214780626,na,na,Likely benign,0
BARD1,2,214780752,na,na,Likely benign,0
BARD1,2,214781130,na,na,Likely benign,0
BARD1,2,214781412,na,na,Likely benign,0
BARD1,2,214792301,na,na,Likely benign,0
BARD1,2,214809417,na,na,Likely benign,0
BARD1,2,214809456,na,na,Likely benign,0
AHR,7,17340181,na,na,Likely benign,0
ATM,11,108267351,na,na,Likely benign,0
ATM,11,108282700,na,na,Likely benign,0
ATM,11,108287723,na,na,Likely benign,0
ATM,11,108294918,na,na,Likely benign,0
ATM,11,108299894,na,na,Likely benign,0
ATM,11,108304668,na,na,Likely benign,0
ATM,11,108304860,na,na,Likely benign,0
ATM,11,108347271,na,na,Likely benign,0
BRCA2,13,32315665,na,na,Likely benign,0
BRCA2,13,32315684,na,na,Likely benign,0
BRCA2,13,32315687,na,na,Likely benign,0
BRCA2,13,32316441,na,na,Likely benign,0
BRCA2,13,32319058,na,na,Likely benign,0
BRCA2,13,32319135,na,na,Likely benign,0
BRCA2,13,32325113,na,na,Likely benign,0
BRCA2,13,32325203,na,na,Likely benign,0
BRCA2,13,32326167,na,na,Likely benign,0
BRCA2,13,32326228,na,na,Likely benign,0
BRCA2,13,32326525,na,na,Likely benign,0
BRCA2,13,32329456,na,na,Likely benign,0
BRCA2,13,32332390,na,na,Likely benign,0
BRCA2,13,32332684,na,na,Likely benign,0
BRCA2,13,32332915,na,na,Likely benign,0
BRCA2,13,32333083,na,na,Likely benign,0
BRCA2,13,32336689,na,na,Likely benign,0
BRCA2,13,32336731,na,na,Likely benign,0
BRCA2,13,32336911,na,na,Likely benign,0
BRCA2,13,32337133,na,na,Likely benign,0
BRCA2,13,32337259,na,na,Likely benign,0
BRCA2,13,32337715,na,na,Likely benign,0
BRCA2,13,32338201,na,na,Likely benign,0
BRCA2,13,32338288,na,na,Likely benign,0
BRCA2,13,32339242,na,na,Likely benign,0
BRCA2,13,32339308,na,na,Likely benign,0
BRCA2,13,32339428,na,na,Likely benign,0
BRCA2,13,32339554,na,na,Likely benign,0
BRCA2,13,32339602,na,na,Likely benign,0
BRCA2,13,32339614,na,na,Likely benign,0
BRCA2,13,32339840,na,na,Likely benign,0
BRCA2,13,32339881,na,na,Likely benign,0
BRCA2,13,32339983,na,na,Likely benign,0
BRCA2,13,32340178,na,na,Likely benign,0
BRCA2,13,32340193,na,na,Likely benign,0
BRCA2,13,32340301,na,na,Likely benign,0
BRCA2,13,32340332,na,na,Likely benign,0
BRCA2,13,32340379,na,na,Likely benign,0
BRCA2,13,32340572,na,na,Likely benign,0
BRCA2,13,32340745,na,na,Likely benign,0
BRCA2,13,32340871,na,na,Likely benign,0
BRCA2,13,32340925,na,na,Likely benign,0
BRCA2,13,32340961,na,na,Likely benign,0
BRCA2,13,32341215,na,na,Likely benign,0
BRCA2,13,32346915,na,na,Likely benign,0
BRCA2,13,32354922,na,na,Likely benign,0
BRCA2,13,32355047,na,na,Likely benign,0
BRCA2,13,32355123,na,na,Likely benign,0
BRCA2,13,32355302,na,na,Likely benign,0
BRCA2,13,32357891,na,na,Likely benign,0
BRCA2,13,32362517,na,na,Likely benign,0
BRCA2,13,32362541,na,na,Likely benign,0
BRCA2,13,32362616,na,na,Likely benign,0
BRCA2,13,32363269,na,na,Likely benign,0
BRCA2,13,32363398,na,na,Likely benign,0
BRCA2,13,32363401,na,na,Likely benign,0
BRCA2,13,32370384,na,na,Likely benign,0
BRCA2,13,32370545,na,na,Likely benign,0
BRCA2,13,32370569,na,na,Likely benign,0
BRCA2,13,32370577,na,na,Likely benign,0
BRCA2,13,32370979,na,na,Likely benign,0
BRCA2,13,32371093,na,na,Likely benign,0
BRCA2,13,32379310,na,na,Likely benign,0
BRCA2,13,32379769,na,na,Likely benign,0
BRCA2,13,32379921,na,na,Likely benign,0
BRCA2,13,32380165,na,na,Likely benign,0
BRCA2,13,32394705,na,na,Likely benign,0
BRCA2,13,32398681,na,na,Likely benign,0
PALB2,16,23614069,na,na,Likely benign,0
PALB2,16,23621353,na,na,Likely benign,0
PALB2,16,23624002,na,na,Likely benign,0
PALB2,16,23624068,na,na,Likely benign,0
PALB2,16,23626229,na,na,Likely benign,0
PALB2,16,23629196,na,na,Likely benign,0
PALB2,16,23629240,na,na,Likely benign,0
PALB2,16,23629757,na,na,Likely benign,0
PALB2,16,23630021,na,na,Likely benign,0
PALB2,16,23630063,na,na,Likely benign,0
PALB2,16,23630102,na,na,Likely benign,0
PALB2,16,23630476,na,na,Likely benign,0
PALB2,16,23630478,na,na,Likely benign,0
PALB2,16,23635244,na,na,Likely benign,0
PALB2,16,23635262,na,na,Likely benign,0
PALB2,16,23635292,na,na,Likely benign,0
PALB2,16,23635322,na,na,Likely benign,0
PALB2,16,23635538,na,na,Likely benign,0
PALB2,16,23636270,na,na,Likely benign,0
PALB2,16,23637840,na,na,Likely benign,0
PALB2,16,23637950,na,na,Likely benign,0
RAD51D,17,35103245,na,na,Likely benign,0
RAD51D,17,35103330,na,na,Likely benign,0
RAD51D,17,35103521,na,na,Likely benign,0
RAD51D,17,35119104,na,na,Likely benign,0
BRCA1,17,43044539,na,na,Likely benign,0
BRCA1,17,43045816,na,na,Likely benign,0
BRCA1,17,43051106,na,na,Likely benign,0
BRCA1,17,43067713,na,na,Likely benign,0
BRCA1,17,43067714,na,na,Likely benign,0
BRCA1,17,43071138,na,na,Likely benign,0
BRCA1,17,43071256,na,na,Likely benign,0
BRCA1,17,43091676,na,na,Likely benign,0
BRCA1,17,43091715,na,na,Likely benign,0
BRCA1,17,43092114,na,na,Likely benign,0
BRCA1,17,43092240,na,na,Likely benign,0
BRCA1,17,43092651,na,na,Likely benign,0
BRCA1,17,43092969,na,na,Likely benign,0
BRCA1,17,43092987,na,na,Likely benign,0
BRCA1,17,43093014,na,na,Likely benign,0
BRCA1,17,43093038,na,na,Likely benign,0
BRCA1,17,43093277,na,na,Likely benign,0
BRCA1,17,43093332,na,na,Likely benign,0
BRCA1,17,43093716,na,na,Likely benign,0
BRCA1,17,43093842,na,na,Likely benign,0
BRCA1,17,43093944,na,na,Likely benign,0
BRCA1,17,43094040,na,na,Likely benign,0
BRCA1,17,43094505,na,na,Likely benign,0
BRCA1,17,43094673,na,na,Likely benign,0
BRCA1,17,43094874,na,na,Likely benign,0
BRCA1,17,43095832,na,na,Likely benign,0
BRCA1,17,43097235,na,na,Likely benign,0
BRCA1,17,43099757,na,na,Likely benign,0
BRCA1,17,43099760,na,na,Likely benign,0
BRCA1,17,43099857,na,na,Likely benign,0
BRCA1,17,43099891,na,na,Likely benign,0
BRCA1,17,43104071,na,na,Likely benign,0
BRCA1,17,43104230,na,na,Likely benign,0
BRCA1,17,43106445,na,na,Likely benign,0
BRCA1,17,43123997,na,na,Likely benign,0
BRCA1,17,43124000,na,na,Likely benign,0
BRCA1,17,43125256,na,na,Likely benign,0
BRCA1,17,43125259,na,na,Likely benign,0
RAD51C,17,58703338,na,na,Likely benign,0
BRIP1,17,61683485,na,na,Likely benign,0
BRIP1,17,61683623,na,na,Likely benign,0
BRIP1,17,61683983,na,na,Likely benign,0
BRIP1,17,61793645,na,na,Likely benign,0
BRIP1,17,61799210,na,na,Likely benign,0
BRIP1,17,61799228,na,na,Likely benign,0
BRIP1,17,61849120,na,na,Likely benign,0
BRIP1,17,61849260,na,na,Likely benign,0
BRIP1,17,61859854,na,na,Likely benign,0
BRIP1,17,61859911,na,na,Likely benign,0
BRIP1,17,61861477,na,na,Likely benign,0
CHEK2,22,28689192,na,na,Likely benign,0
CHEK2,22,28694123,na,na,Likely benign,0
CHEK2,22,28695239,na,na,Likely benign,0
CHEK2,22,28695784,na,na,Likely benign,0
CHEK2,22,28709996,na,na,Likely benign,0
CHEK2,22,28711966,na,na,Likely benign,0
CHEK2,22,28734548,na,na,Likely benign,0
BARD1,2,214728919,na,na,Likely benign,0
BARD1,2,214730515,na,na,Likely benign,0
BARD1,2,214745077,na,na,Likely benign,0
BARD1,2,214745860,na,na,Likely benign,0
BARD1,2,214752437,na,na,Likely benign,0
BARD1,2,214752483,na,na,Likely benign,0
BARD1,2,214767649,na,na,Likely benign,0
BARD1,2,214769319,na,na,Likely benign,0
BARD1,2,214781070,na,na,Likely benign,0
BARD1,2,214781412,na,na,Likely benign,0
BARD1,2,214781516,na,na,Likely benign,0
BARD1,2,214792289,na,na,Likely benign,0
BARD1,2,214792316,na,na,Likely benign,0
BARD1,2,214792325,na,na,Likely benign,0
ANKZF1,2,219236100,na,na,Likely benign,0
C5,9,121020064,na,na,Likely benign,0
ATM,11,108251082,na,na,Likely benign,0
ATM,11,108315918,na,na,Likely benign,0
ATM,11,108320066,na,na,Likely benign,0
ATM,11,108334962,na,na,Likely benign,0
ATM,11,108334963,na,na,Likely benign,0
BRCA2,13,32315662,na,na,Likely benign,0
BRCA2,13,32316413,na,na,Likely benign,0
BRCA2,13,32316419,na,na,Likely benign,0
BRCA2,13,32319141,na,na,Likely benign,0
BRCA2,13,32319171,na,na,Likely benign,0
BRCA2,13,32319246,na,na,Likely benign,0
BRCA2,13,32319288,na,na,Likely benign,0
BRCA2,13,32319345,na,na,Likely benign,0
BRCA2,13,32325192,na,na,Likely benign,0
BRCA2,13,32326227,na,na,Likely benign,0
BRCA2,13,32326294,na,na,Likely benign,0
BRCA2,13,32326624,na,na,Likely benign,0
BRCA2,13,32330907,na,na,Likely benign,0
BRCA2,13,32330909,na,na,Likely benign,0
BRCA2,13,32332453,na,na,Likely benign,0
BRCA2,13,32332462,na,na,Likely benign,0
BRCA2,13,32336270,na,na,Likely benign,0
BRCA2,13,32336302,na,na,Likely benign,0
BRCA2,13,32336770,na,na,Likely benign,0
BRCA2,13,32337037,na,na,Likely benign,0
BRCA2,13,32337079,na,na,Likely benign,0
BRCA2,13,32337172,na,na,Likely benign,0
BRCA2,13,32337220,na,na,Likely benign,0
BRCA2,13,32337430,na,na,Likely benign,0
BRCA2,13,32337655,na,na,Likely benign,0
BRCA2,13,32337838,na,na,Likely benign,0
BRCA2,13,32338063,na,na,Likely benign,0
BRCA2,13,32338318,na,na,Likely benign,0
BRCA2,13,32338393,na,na,Likely benign,0
BRCA2,13,32338657,na,na,Likely benign,0
BRCA2,13,32339131,na,na,Likely benign,0
BRCA2,13,32339239,na,na,Likely benign,0
BRCA2,13,32339359,na,na,Likely benign,0
BRCA2,13,32340394,na,na,Likely benign,0
BRCA2,13,32340448,na,na,Likely benign,0
BRCA2,13,32341036,na,na,Likely benign,0
BRCA2,13,32344551,na,na,Likely benign,0
BRCA2,13,32346831,na,na,Likely benign,0
BRCA2,13,32355053,na,na,Likely benign,0
BRCA2,13,32356546,na,na,Likely benign,0
BRCA2,13,32357804,na,na,Likely benign,0
BRCA2,13,32362503,na,na,Likely benign,0
BRCA2,13,32362544,na,na,Likely benign,0
BRCA2,13,32362601,na,na,Likely benign,0
BRCA2,13,32363509,na,na,Likely benign,0
BRCA2,13,32376683,na,na,Likely benign,0
BRCA2,13,32376743,na,na,Likely benign,0
BRCA2,13,32379337,na,na,Likely benign,0
BRCA2,13,32379400,na,na,Likely benign,0
BRCA2,13,32379929,na,na,Likely benign,0
BRCA2,13,32379993,na,na,Likely benign,0
BRCA2,13,32379996,na,na,Likely benign,0
BRCA2,13,32394744,na,na,Likely benign,0
BRCA2,13,32396888,na,na,Likely benign,0
BRCA2,13,32396921,na,na,Likely benign,0
BRCA2,13,32397055,na,na,Likely benign,0
BRCA2,13,32397064,na,na,Likely benign,0
BRCA2,13,32398144,na,na,Likely benign,0
BRCA2,13,32398395,na,na,Likely benign,0
BRCA2,13,32398446,na,na,Likely benign,0
BRCA2,13,32398557,na,na,Likely benign,0
PALB2,16,23607958,na,na,Likely benign,0
PALB2,16,23614076,na,na,Likely benign,0
PALB2,16,23621457,na,na,Likely benign,0
PALB2,16,23626401,na,na,Likely benign,0
PALB2,16,23629796,na,na,Likely benign,0
PALB2,16,23629874,na,na,Likely benign,0
PALB2,16,23634855,na,na,Likely benign,0
PALB2,16,23635247,na,na,Likely benign,0
PALB2,16,23635256,na,na,Likely benign,0
PALB2,16,23635601,na,na,Likely benign,0
PALB2,16,23635673,na,na,Likely benign,0
PALB2,16,23635796,na,na,Likely benign,0
PALB2,16,23635816,na,na,Likely benign,0
PALB2,16,23636090,na,na,Likely benign,0
PALB2,16,23636258,na,na,Likely benign,0
PALB2,16,23637932,na,na,Likely benign,0
CDH1,16,68828289,na,na,Likely benign,0
RAD51D,17,35101306,na,na,Likely benign,0
RAD51D,17,35101372,na,na,Likely benign,0
RAD51D,17,35101372,na,na,Likely benign,0
RAD51D,17,35103539,na,na,Likely benign,0
RAD51D,17,35106979,na,na,Likely benign,0
RAD51D,17,35119522,na,na,Likely benign,0
RAD51D,17,35119578,na,na,Likely benign,0
BRCA1,17,43045819,na,na,Likely benign,0
BRCA1,17,43045822,na,na,Likely benign,0
BRCA1,17,43049106,na,na,Likely benign,0
BRCA1,17,43057109,na,na,Likely benign,0
BRCA1,17,43067708,na,na,Likely benign,0
BRCA1,17,43070916,na,na,Likely benign,0
BRCA1,17,43071117,na,na,Likely benign,0
BRCA1,17,43074315,na,na,Likely benign,0
BRCA1,17,43074398,na,na,Likely benign,0
BRCA1,17,43074526,na,na,Likely benign,0
BRCA1,17,43076493,na,na,Likely benign,0
BRCA1,17,43076577,na,na,Likely benign,0
BRCA1,17,43082394,na,na,Likely benign,0
BRCA1,17,43082426,na,na,Likely benign,0
BRCA1,17,43090927,na,na,Likely benign,0
BRCA1,17,43090965,na,na,Likely benign,0
BRCA1,17,43091047,na,na,Likely benign,0
BRCA1,17,43091493,na,na,Likely benign,0
BRCA1,17,43091583,na,na,Likely benign,0
BRCA1,17,43091595,na,na,Likely benign,0
BRCA1,17,43091624,na,na,Likely benign,0
BRCA1,17,43091649,na,na,Likely benign,0
BRCA1,17,43092051,na,na,Likely benign,0
BRCA1,17,43092126,na,na,Likely benign,0
BRCA1,17,43092207,na,na,Likely benign,0
BRCA1,17,43092234,na,na,Likely benign,0
BRCA1,17,43092275,na,na,Likely benign,0
BRCA1,17,43092585,na,na,Likely benign,0
BRCA1,17,43092834,na,na,Likely benign,0
BRCA1,17,43092870,na,na,Likely benign,0
BRCA1,17,43093554,na,na,Likely benign,0
BRCA1,17,43093902,na,na,Likely benign,0
BRCA1,17,43094412,na,na,Likely benign,0
BRCA1,17,43094712,na,na,Likely benign,0
BRCA1,17,43094760,na,na,Likely benign,0
BRCA1,17,43095829,na,na,Likely benign,0
BRCA1,17,43095833,na,na,Likely benign,0
BRCA1,17,43097227,na,na,Likely benign,0
BRCA1,17,43099830,na,na,Likely benign,0
BRCA1,17,43099866,na,na,Likely benign,0
BRCA1,17,43104115,na,na,Likely benign,0
BRCA1,17,43124022,na,na,Likely benign,0
BRCA1,17,43125146,na,na,Likely benign,0
RAD51C,17,58732480,na,na,Likely benign,0
RAD51C,17,58734109,na,na,Likely benign,0
BRIP1,17,61683515,na,na,Likely benign,0
BRIP1,17,61683734,na,na,Likely benign,0
BRIP1,17,61686077,na,na,Likely benign,0
BRIP1,17,61693520,na,na,Likely benign,0
BRIP1,17,61693522,na,na,Likely benign,0
BRIP1,17,61784317,na,na,Likely benign,0
BRIP1,17,61801354,na,na,Likely benign,0
BRIP1,17,61808620,na,na,Likely benign,0
BRIP1,17,61859788,na,na,Likely benign,0
BRIP1,17,61859915,na,na,Likely benign,0
COL18A1,21,45507555,na,na,Likely benign,0
CHEK2,22,28694089,na,na,Likely benign,0
CHEK2,22,28695176,na,na,Likely benign,0
CHEK2,22,28695847,na,na,Likely benign,0
CHEK2,22,28696997,na,na,Likely benign,0
CHEK2,22,28699831,na,na,Likely benign,0
CHEK2,22,28703498,na,na,Likely benign,0
CHEK2,22,28710009,na,na,Likely benign,0
CHEK2,22,28725235,na,na,Likely benign,0
CHEK2,22,28725371,na,na,Likely benign,0
CHEK2,22,28734521,na,na,Likely benign,0
CHEK2,22,28734659,na,na,Likely benign,0
FBXO7,22,32485058,na,na,Likely benign,0
COL11A1,1,103031262,na,na,Likely benign,0
NEB,2,151496373,na,na,Likely benign,0
BARD1,2,214730402,na,na,Likely benign,0
BARD1,2,214730474,na,na,Likely benign,0
BARD1,2,214745122,na,na,Likely benign,0
BARD1,2,214745756,na,na,Likely benign,0
BARD1,2,214780728,na,na,Likely benign,0
BARD1,2,214780944,na,na,Likely benign,0
BARD1,2,214780950,na,na,Likely benign,0
BARD1,2,214781181,na,na,Likely benign,0
BARD1,2,214792289,na,na,Likely benign,0
BARD1,2,214792379,na,na,Likely benign,0
BARD1,2,214792424,na,na,Likely benign,0
BARD1,2,214797053,na,na,Likely benign,0
MLH1,3,37012064,na,na,Likely benign,0
NBN,8,89980776,na,na,Likely benign,0
NBN,8,89982845,na,na,Likely benign,0
ATM,11,108246957,na,na,Likely benign,0
ATM,11,108282706,na,na,Likely benign,0
ATM,11,108287722,na,na,Likely benign,0
ATM,11,108317365,na,na,Likely benign,0
ATM,11,108343378,na,na,Likely benign,0
BRCA2,13,32315652,na,na,Likely benign,0
BRCA2,13,32315657,na,na,Likely benign,0
BRCA2,13,32315687,na,na,Likely benign,0
BRCA2,13,32316441,na,na,Likely benign,0
BRCA2,13,32316453,na,na,Likely benign,0
BRCA2,13,32316472,na,na,Likely benign,0
BRCA2,13,32325201,na,na,Likely benign,0
BRCA2,13,32325202,na,na,Likely benign,0
BRCA2,13,32326230,na,na,Likely benign,0
BRCA2,13,32326237,na,na,Likely benign,0
BRCA2,13,32326294,na,na,Likely benign,0
BRCA2,13,32326492,na,na,Likely benign,0
BRCA2,13,32330902,na,na,Likely benign,0
BRCA2,13,32330990,na,na,Likely benign,0
BRCA2,13,32330999,na,na,Likely benign,0
BRCA2,13,32332333,na,na,Likely benign,0
BRCA2,13,32332363,na,na,Likely benign,0
BRCA2,13,32332381,na,na,Likely benign,0
BRCA2,13,32332573,na,na,Likely benign,0
BRCA2,13,32332574,na,na,Likely benign,0
BRCA2,13,32332715,na,na,Likely benign,0
BRCA2,13,32333323,na,na,Likely benign,0
BRCA2,13,32333353,na,na,Likely benign,0
BRCA2,13,32336326,na,na,Likely benign,0
BRCA2,13,32336518,na,na,Likely benign,0
BRCA2,13,32336557,na,na,Likely benign,0
BRCA2,13,32336704,na,na,Likely benign,0
BRCA2,13,32336947,na,na,Likely benign,0
BRCA2,13,32337097,na,na,Likely benign,0
BRCA2,13,32337148,na,na,Likely benign,0
BRCA2,13,32337343,na,na,Likely benign,0
BRCA2,13,32337397,na,na,Likely benign,0
BRCA2,13,32337412,na,na,Likely benign,0
BRCA2,13,32337778,na,na,Likely benign,0
BRCA2,13,32337835,na,na,Likely benign,0
BRCA2,13,32338330,na,na,Likely benign,0
BRCA2,13,32338486,na,na,Likely benign,0
BRCA2,13,32338505,na,na,Likely benign,0
BRCA2,13,32338696,na,na,Likely benign,0
BRCA2,13,32339077,na,na,Likely benign,0
BRCA2,13,32339164,na,na,Likely benign,0
BRCA2,13,32339356,na,na,Likely benign,0
BRCA2,13,32339573,na,na,Likely benign,0
BRCA2,13,32339731,na,na,Likely benign,0
BRCA2,13,32339878,na,na,Likely benign,0
BRCA2,13,32339881,na,na,Likely benign,0
BRCA2,13,32339908,na,na,Likely benign,0
BRCA2,13,32340049,na,na,Likely benign,0
BRCA2,13,32340082,na,na,Likely benign,0
BRCA2,13,32340664,na,na,Likely benign,0
BRCA2,13,32341216,na,na,Likely benign,0
BRCA2,13,32344568,na,na,Likely benign,0
BRCA2,13,32344598,na,na,Likely benign,0
BRCA2,13,32344660,na,na,Likely benign,0
BRCA2,13,32346891,na,na,Likely benign,0
BRCA2,13,32346894,na,na,Likely benign,0
BRCA2,13,32346913,na,na,Likely benign,0
BRCA2,13,32354850,na,na,Likely benign,0
BRCA2,13,32354854,na,na,Likely benign,0
BRCA2,13,32354966,na,na,Likely benign,0
BRCA2,13,32355071,na,na,Likely benign,0
BRCA2,13,32357909,na,na,Likely benign,0
BRCA2,13,32357938,na,na,Likely benign,0
BRCA2,13,32357943,na,na,Likely benign,0
BRCA2,13,32362700,na,na,Likely benign,0
BRCA2,13,32362710,na,na,Likely benign,0
BRCA2,13,32363332,na,na,Likely benign,0
BRCA2,13,32363335,na,na,Likely benign,0
BRCA2,13,32370392,na,na,Likely benign,0
BRCA2,13,32371039,na,na,Likely benign,0
BRCA2,13,32379304,na,na,Likely benign,0
BRCA2,13,32379424,na,na,Likely benign,0
BRCA2,13,32379530,na,na,Likely benign,0
BRCA2,13,32379930,na,na,Likely benign,0
BRCA2,13,32394804,na,na,Likely benign,0
BRCA2,13,32394831,na,na,Likely benign,0
BRCA2,13,32396900,na,na,Likely benign,0
BRCA2,13,32397053,na,na,Likely benign,0
BRCA2,13,32397061,na,na,Likely benign,0
BRCA2,13,32398156,na,na,Likely benign,0
BRCA2,13,32398248,na,na,Likely benign,0
BRCA2,13,32398617,na,na,Likely benign,0
BRCA2,13,32398635,na,na,Likely benign,0
BRCA2,13,32398758,na,na,Likely benign,0
PALB2,16,23607857,na,na,Likely benign,0
PALB2,16,23614031,na,na,Likely benign,0
PALB2,16,23621418,na,na,Likely benign,0
PALB2,16,23622995,na,na,Likely benign,0
PALB2,16,23623055,na,na,Likely benign,0
PALB2,16,23624102,na,na,Likely benign,0
PALB2,16,23630438,na,na,Likely benign,0
PALB2,16,23634866,na,na,Likely benign,0
PALB2,16,23635307,na,na,Likely benign,0
PALB2,16,23635412,na,na,Likely benign,0
PALB2,16,23635607,na,na,Likely benign,0
PALB2,16,23635703,na,na,Likely benign,0
PALB2,16,23635799,na,na,Likely benign,0
PALB2,16,23635976,na,na,Likely benign,0
PALB2,16,23638106,na,na,Likely benign,0
PALB2,16,23641100,na,na,Likely benign,0
RAD51D,17,35101221,na,na,Likely benign,0
RAD51D,17,35106458,na,na,Likely benign,0
RAD51D,17,35106979,na,na,Likely benign,0
RAD51D,17,35119104,na,na,Likely benign,0
BRCA1,17,43045817,na,na,Likely benign,0
BRCA1,17,43049102,na,na,Likely benign,0
BRCA1,17,43071183,na,na,Likely benign,0
BRCA1,17,43074443,na,na,Likely benign,0
BRCA1,17,43076490,na,na,Likely benign,0
BRCA1,17,43076526,na,na,Likely benign,0
BRCA1,17,43090933,na,na,Likely benign,0
BRCA1,17,43090959,na,na,Likely benign,0
BRCA1,17,43090971,na,na,Likely benign,0
BRCA1,17,43092071,na,na,Likely benign,0
BRCA1,17,43092162,na,na,Likely benign,0
BRCA1,17,43092483,na,na,Likely benign,0
BRCA1,17,43092567,na,na,Likely benign,0
BRCA1,17,43092576,na,na,Likely benign,0
BRCA1,17,43092831,na,na,Likely benign,0
BRCA1,17,43093293,na,na,Likely benign,0
BRCA1,17,43093431,na,na,Likely benign,0
BRCA1,17,43093554,na,na,Likely benign,0
BRCA1,17,43093713,na,na,Likely benign,0
BRCA1,17,43093902,na,na,Likely benign,0
BRCA1,17,43094118,na,na,Likely benign,0
BRCA1,17,43095839,na,na,Likely benign,0
BRCA1,17,43097296,na,na,Likely benign,0
BRCA1,17,43104265,na,na,Likely benign,0
BRCA1,17,43124119,na,na,Likely benign,0
BRCA1,17,43125255,na,na,Likely benign,0
BRCA1,17,43125257,na,na,Likely benign,0
BRCA1,17,43125257,na,na,Likely benign,0
RAD51C,17,58694923,na,na,Likely benign,0
BRIP1,17,61693434,na,na,Likely benign,0
BRIP1,17,61716028,na,na,Likely benign,0
BRIP1,17,61776394,na,na,Likely benign,0
BRIP1,17,61780894,na,na,Likely benign,0
BRIP1,17,61793736,na,na,Likely benign,0
BRIP1,17,61799303,na,na,Likely benign,0
BRIP1,17,61808554,na,na,Likely benign,0
BRIP1,17,61808596,na,na,Likely benign,0
BRIP1,17,61808596,na,na,Likely benign,0
BRIP1,17,61808665,na,na,Likely benign,0
BRIP1,17,61808764,na,na,Likely benign,0
BRIP1,17,61808767,na,na,Likely benign,0
BRIP1,17,61849216,na,na,Likely benign,0
CEP250,20,35479639,na,na,Likely benign,0
CHEK2,22,28689138,na,na,Likely benign,0
CHEK2,22,28694025,na,na,Likely benign,0
CHEK2,22,28694047,na,na,Likely benign,0
CHEK2,22,28695143,na,na,Likely benign,0
CHEK2,22,28699944,na,na,Likely benign,0
CHEK2,22,28712008,na,na,Likely benign,0
CHEK2,22,28719489,na,na,Likely benign,0
CHEK2,22,28724992,na,na,Likely benign,0
CHEK2,22,28725095,na,na,Likely benign,0
CHEK2,22,28734394,na,na,Likely benign,0
CHEK2,22,28734428,na,na,Likely benign,0
RLIM,X,74591902,na,na,Likely benign,0
NAXE,1,156593934,na,na,Benign,0
AHDC1,1,27551633,na,na,Benign,0
MYSM1,1,58660162,na,na,Benign,0
SAMD11,1,943689,na,na,Benign,0
GEN1,2,17764976,na,na,Benign,0
FN1,2,215378194,na,na,Benign,0
AGBL5,2,27053193,na,na,Benign,0
PLK4,4,127887378,na,na,Benign,0
SLC9A3,5,485247,na,na,Benign,0
RTN4IP1,6,106572119,na,na,Benign,0
GNMT,6,42963523,na,na,Benign,0
CEP78,9,78240279,na,na,Benign,0
HK1,10,69400978,na,na,Benign,0
ATM;C11orf65,11,108354934,na,na,Benign,0
HYOU1,11,119048269,na,na,Benign,0
IRF7,11,615010,na,na,Benign,0
CEP83,12,94367925,na,na,Benign,0
TPP2,13,102633930,na,na,Benign,0
ATP8A2,13,26012637,na,na,Benign,0
BRCA2,13,32315300,na,na,Benign,0
BRCA2,13,32316418,na,na,Benign,0
RCBTB1,13,49567209,na,na,Benign,0
OSGEP,14,20449283,na,na,Benign,0
GPHN,14,67179564,na,na,Benign,0
TTLL5,14,75683639,na,na,Benign,0
MYO1E,15,59163321,na,na,Benign,0
CIB1,15,90231027,na,na,Benign,0
ITGAM,16,31297669,na,na,Benign,0
DHX38,16,72101492,na,na,Benign,0
ADAMTS18,16,77291494,na,na,Benign,0
BRCA1,17,43093557,na,na,Benign,0
ARSG,17,68368550,na,na,Benign,0
MOCOS,18,36199933,na,na,Benign,0
ACP5,19,11576599,na,na,Benign,0
ITPA,20,3215269,na,na,Benign,0
CHEK2,22,28741882,na,na,Benign,0
IL2RB,22,37135396,na,na,Benign,0
KDM6A,X,45053812,na,na,Benign,0
BARD1,2,214767652,na,na,Likely benign,0
BARD1,2,214769322,na,na,Likely benign,0
ATM,11,108235842,na,na,Likely benign,0
BRCA2,13,32338864,na,na,Likely benign,0
BRCA2,13,32363445,na,na,Likely pathogenic,1
BRCA2,13,32398599,na,na,Likely benign,0
BRCA1,17,43091592,na,na,Likely benign,0
BRIP1,17,61683701,na,na,Likely benign,0
BRIP1,17,61799314,na,na,Likely benign,0
CHEK2,22,28694062,na,na,Likely benign,0
CHEK2,22,28695248,na,na,Likely benign,0
CHEK2,22,28699952,na,na,Likely benign,0
CHEK2,22,28725138,na,na,Likely benign,0
BARD1,2,214809366,na,na,Benign,0
CFAP410,21,44330463,na,na,Benign,0
BRCA2,13,32337647,na,na,Likely benign,0
FN1,2,215434827,na,na,Benign,0
ATM,11,108304748,na,na,Pathogenic,1
BRIP1,17,61781006,na,na,Likely pathogenic,1
CRLF1,19,18597068,na,na,Benign,0
MCCC2,5,71652827,na,na,Benign,0
RAD51D,17,35103253,na,na,Likely pathogenic,1
BRCA2,13,32394677,na,na,Likely benign,0
MYO7A,11,77181789,na,na,Benign,0
ATM,11,108258930,na,na,Benign,0
ATM;C11orf65,11,108354756,na,na,Benign,0
ACSF3,16,89101384,na,na,Benign,0
BARD1,2,214730575,na,na,Likely benign,0
QDPR,4,17492431,na,na,Benign,0
LARS1,5,146129131,na,na,Likely benign,0
ATM,11,108248876,na,na,Likely benign,0
POLR3B,12,106363577,na,na,Likely benign,0
MMP14,14,22843714,na,na,Benign,0
TRIM37,17,59012210,na,na,Benign,0
COL6A1,21,46000706,na,na,Likely benign,0
COL11A2,6,33184011,na,na,Benign,0
NDUFA1,X,119873060,na,na,Benign,0
ABCD1,X,153742928,na,na,Benign,0
RAB3GAP1,2,135130508,na,na,Benign,0
HINT1,5,131162536,na,na,Likely benign,0
DNAH8,6,38875503,na,na,Benign,0
ATM,11,108243905,na,na,Benign,0
NXN,17,825957,na,na,Benign,0
COL11A1,1,102890526,na,na,Benign,0
PPM1J,1,112712834,na,na,Benign,0
TNXB,6,32085674,na,na,Likely benign,0
TNRC18,7,5370794,na,na,Benign,0
ABCA1,9,104794135,na,na,Benign,0
COL5A1,9,134812774,na,na,Benign,0
LRP6,12,12138545,na,na,Benign,0
VPS33A,12,122261041,na,na,Benign,0
MYO9A,15,71854574,na,na,Benign,0
COG7,16,23389173,na,na,Benign,0
MYH8,17,10406608,na,na,Likely benign,0
MAPT,17,45978281,na,na,Benign,0
MAPT,17,46014358,na,na,Benign,0
LAMA5,20,62327158,na,na,Benign,0
CIITA,16,10923201,na,na,Benign,0
VPS13A,9,77359483,na,na,Benign,0
TUBB8,10,47663,na,na,Benign,0
TUBB8,10,48605,na,na,Benign,0
ABCA12,2,214982453,na,na,Benign,0
CLCN7,16,1457841,na,na,Benign,0
SLC25A13,7,96192969,na,na,Likely benign,0
ATM,11,108331620,na,na,Likely benign,0
ADGRG1,16,57656170,na,na,Likely benign,0
PGK1,X,78113989,na,na,Likely benign,0
ACAN,15,88857878,na,na,Benign,0
ACAN,15,88858820,na,na,Benign,0
COA6,1,234374125,na,na,Likely benign,0
CEP104,1,3836493,na,na,Likely benign,0
BRCA1,17,43091528,na,na,Likely benign,0
COL4A5,X,108580788,na,na,Likely benign,0
DKC1,X,154770908,na,na,Likely benign,0
BRCA2,13,32376758,na,na,Likely benign,0
CDKN1B,12,12718824,na,na,Likely pathogenic,1
ANAPC1,2,111847725,na,na,Benign,0
ATIC,2,215318046,na,na,Benign,0
ARNT2,15,80575188,na,na,Benign,0
AP1B1,22,29359899,na,na,Benign,0
ATM,11,108330330,na,na,Pathogenic,1
C12orf57,12,6944199,na,na,Benign,0
CDH11,16,64991815,na,na,Benign,0
CDH1,16,68737644,na,na,Benign,0
FYCO1,3,45936802,na,na,Likely benign,0
AUTS2,7,70786187,na,na,Likely benign,0
APTX,9,32986059,na,na,Likely benign,0
KIF11,10,92608898,na,na,Likely benign,0
ALG9,11,111865072,na,na,Likely benign,0
MRE11,11,94479795,na,na,Likely benign,0
CARS2,13,110647076,na,na,Likely benign,0
GALC,14,87982111,na,na,Likely benign,0
NHS,X,17635668,na,na,Likely benign,0
OPHN1,X,68194584,na,na,Likely benign,0
PMS2,7,6008996,na,na,Likely pathogenic,1
PTEN,10,87925552,na,na,Pathogenic,1
BRCA2,13,32332985,na,na,Pathogenic,1
COL5A2,2,189041738,na,na,Likely benign,0
WDR36,5,111113358,na,na,Likely benign,0
ATM,11,108256147,na,na,Likely benign,0
CRYBA1,17,29249237,na,na,Likely benign,0
SMARCB1,22,23803272,na,na,Likely benign,0
UBA1,X,47210646,na,na,Likely benign,0
ATM,11,108272608,na,na,Likely pathogenic,1
TECPR2,14,102428228,na,na,Likely benign,0
COQ6,14,73959614,na,na,Likely benign,0
FLCN,17,17221188,na,na,Likely benign,0
RAD51D,17,35106987,na,na,Likely pathogenic,1
RUNX1,21,35048959,na,na,Benign,0
SBF1,22,50462169,na,na,Likely benign,0
USH2A,1,215844548,na,na,Likely benign,0
FN1,2,215393247,na,na,Likely benign,0
DIAPH1,5,141527698,na,na,Likely benign,0
BRAF,7,140739957,na,na,Likely benign,0
BRCA2,13,32337670,na,na,Likely benign,0
DRP2,X,101248295,na,na,Benign,0
MTR,1,236861123,na,na,Likely benign,0
AGPS,2,177434494,na,na,Likely benign,0
ZSWIM6,5,61521183,na,na,Likely benign,0
SLC26A4,7,107709858,na,na,Likely benign,0
NOTCH1,9,136514420,na,na,Likely benign,0
MRE11,11,94464086,na,na,Likely benign,0
TRIP4,15,64454986,na,na,Likely benign,0
CHRNE,17,4898979,na,na,Likely benign,0
DMD,X,32345891,na,na,Likely benign,0
MAGED2,X,54815845,na,na,Likely benign,0
RAD51C,17,58724042,na,na,Pathogenic,1
DNAJC13,3,132516500,na,na,Benign,0
EIF4G1,3,184322818,na,na,Benign,0
COQ8A,1,226983707,na,na,Likely benign,0
COL5A1,9,134817908,na,na,Likely benign,0
RYR1,19,38464860,na,na,Likely benign,0
TTC21B,2,165930130,na,na,Likely benign,0
ATR,3,142499541,na,na,Likely benign,0
COL11A1,1,102914529,na,na,Likely benign,0
ENPP1,6,131867915,na,na,Likely benign,0
SUCLA2,13,47996808,na,na,Likely benign,0
BRCA2,13,32336692,na,na,Likely benign,0
DNA2,10,68449828,na,na,Likely benign,0
CHMP1A,16,89646889,na,na,Likely benign,0
MRE11,11,94479791,na,na,Likely benign,0
BRCA2,13,32340496,na,na,Likely benign,0
MAGED2,X,54809253,na,na,Likely benign,0
TRIM37,17,59075506,na,na,Likely benign,0
BRCA1,17,43094448,na,na,Likely benign,0
PRKRA,2,178450562,na,na,Likely benign,0
COL5A1,9,134754049,na,na,Likely benign,0
PDGFB,22,39233368,na,na,Likely benign,0
COL4A3,2,227257815,na,na,Likely benign,0
SMAD2,18,47864985,na,na,Likely benign,0
ELAC2,17,12993658,na,na,Likely benign,0
LIPA,10,89223902,na,na,Likely benign,0
BRIP1,17,61784187,na,na,Likely benign,0
FANCC,9,95149726,na,na,Likely benign,0
ATM,11,108256418,na,na,Likely benign,0
IFT43,14,76058625,na,na,Likely benign,0
PRDM12,9,130678493,na,na,Likely benign,0
DEPDC5,22,31873360,na,na,Likely benign,0
ADAMTS2,5,179153442,na,na,Likely benign,0
CLPP,19,6364355,na,na,Likely benign,0
RELN,7,103561958,na,na,Likely benign,0
FN1,2,215425424,na,na,Benign,0
KDM4B,19,5110783,na,na,Benign,0
MYO6,6,75866810,na,na,Benign,0
MYO1F,19,8550705,na,na,Benign,0
CDK12,17,39526039,na,na,Benign,0
EDNRA,4,147519987,na,na,Benign,0
ADCY6,12,48775065,na,na,Benign,0
NBN,8,89943427,na,na,Benign,0
CHEK2,22,28712124,na,na,Benign,0
ABCA1,9,104832417,na,na,Benign,0
KIF7,15,89628902,na,na,Benign,0
RETREG1,5,16479003,na,na,Benign,0
RPS24,10,78037926,na,na,Benign,0
ITPR1,3,4788415,na,na,Benign,0
CSPP1,8,67153928,na,na,Benign,0
CENPF,1,214655469,na,na,Benign,0
ERCC2,19,45352004,na,na,Benign,0
COL9A3,20,62836093,na,na,Benign,0
RAD51B,14,67835059,na,na,Benign,0
NBN,8,89946107,na,na,Benign,0
MTOR,1,11133351,na,na,Benign,0
ATM,11,108248911,na,na,Benign,0
CDK12,17,39515657,na,na,Benign,0
LRBA,4,150735437,na,na,Benign,0
CDKL5,X,18581786,na,na,Benign,0
HERC1,15,63645159,na,na,Benign,0
SREBF2,22,41897136,na,na,Benign,0
HUWE1,X,53645720,na,na,Benign,0
SLC44A4,6,31870664,na,na,Benign,0
BARD1,2,214767431,na,na,Benign,0
BGN,X,153508696,na,na,Benign,0
TPSAB1,16,1241174,na,na,Benign,0
LRP2,2,169137649,na,na,Benign,0
IL1RN,2,113119836,na,na,Benign,0
STK36,2,218693015,na,na,Benign,0
ECM1,1,150510760,na,na,Benign,0
NBN,8,89936938,na,na,Benign,0
NID1,1,235991065,na,na,Benign,0
COA6,1,234374119,na,na,Benign,0
ATM,11,108245051,na,na,Benign,0
AGL,1,99884827,na,na,Benign,0
FN1,2,215369996,na,na,Benign,0
DEPDC5,22,31834113,na,na,Benign,0
WDR4,21,42863224,na,na,Benign,0
CCDC40,17,80049815,na,na,Benign,0
NUP205,7,135584908,na,na,Benign,0
EIF2AK3,2,88571114,na,na,Benign,0
ECHS1,10,133363054,na,na,Benign,0
GGT1,22,24611384,na,na,Benign,0
BTN3A2,6,26370605,na,na,Benign,0
DNAJB11,3,186584594,na,na,Benign,0
XRCC4,5,83353124,na,na,Benign,0
RELN,7,103491852,na,na,Benign,0
BRCA2,13,32380088,na,na,Likely benign,0
BRCA2,13,32319160,na,na,Pathogenic,1
BRCA2,13,32338150,na,na,Pathogenic,1
BRCA2,13,32338250,na,na,Pathogenic,1
BRCA2,13,32338481,na,na,Pathogenic,1
BRCA2,13,32339084,na,na,Pathogenic,1
BRCA2,13,32339822,na,na,Pathogenic,1
BRCA2,13,32340365,na,na,Pathogenic,1
BRCA2,13,32340548,na,na,Pathogenic,1
BRCA2,13,32355105,na,na,Pathogenic,1
BRCA2,13,32356580,na,na,Pathogenic,1
BRCA2,13,32362686,na,na,Pathogenic,1
BRCA2,13,32363421,na,na,Pathogenic,1
BRCA2,13,32370998,na,na,Pathogenic,1
BRCA2,13,32376752,na,na,Likely pathogenic,1
BRCA2,13,32379389,na,na,Pathogenic,1
BRCA2,13,32379815,na,na,Pathogenic,1
BRCA2,13,32357740,na,na,Pathogenic,1
BRCA2,13,32371102,na,na,Pathogenic,1
BRCA2,13,32379915,na,na,Pathogenic,1
BRCA2,13,32396897,na,na,Likely pathogenic,1
PDXK,21,43755690,na,na,Benign,0
TRIO,5,14387380,na,na,Benign,0
NFKB1,4,102537720,na,na,Benign,0
TP53,17,7674089,na,na,Benign,0
BARD1,2,214745246,na,na,Benign,0
ATM,11,108244156,na,na,Benign,0
RAD51B,14,68291858,na,na,Benign,0
CEL,9,133070929,na,na,Benign,0
TG,8,133113795,na,na,Benign,0
FN1,2,215370547,na,na,Benign,0
NSUN2,5,6616898,na,na,Benign,0
TP53,17,7674109,na,na,Benign,0
SLC12A7,5,1065284,na,na,Benign,0
MMP14,14,22843660,na,na,Benign,0
RAVER1,19,10321123,na,na,Benign,0
ASPH,8,61638377,na,na,Benign,0
CENPF,1,214657565,na,na,Benign,0
VPS33B,15,91003267,na,na,Benign,0
SMS,X,21971735,na,na,Benign,0
TP53,17,7673183,na,na,Benign,0
SMOC2,6,168547406,na,na,Benign,0
CACNB2,10,18514409,na,na,Benign,0
CRYL1,13,20404365,na,na,Benign,0
ATG2B,14,96311876,na,na,Benign,0
KMT2B,19,35732210,na,na,Benign,0
NDUFS4,5,53560886,na,na,Benign,0
SRP72,4,56478155,na,na,Benign,0
RPS27A,2,55233615,na,na,Benign,0
MMP14,14,22843666,na,na,Benign,0
PEX1,7,92489180,na,na,Benign,0
ATP1A1,1,116390536,na,na,Benign,0
ESR1,6,151807942,na,na,Benign,0
BCKDK,16,31111250,na,na,Benign,0
UBAP1,9,34220857,na,na,Benign,0
B3GNT8,19,41426215,na,na,Benign,0
FAN1,15,30913844,na,na,Benign,0
RAD51B,14,67835047,na,na,Benign,0
LAMB3,1,209651007,na,na,Benign,0
AFG3L2,18,12363951,na,na,Benign,0
CDK12,17,39462785,na,na,Benign,0
RSPH1,21,42477101,na,na,Benign,0
SGPL1,10,70859448,na,na,Benign,0
RECQL,12,21470364,na,na,Benign,0
WDR87,19,37890369,na,na,Benign,0
NBN,8,89964571,na,na,Benign,0
PON3,7,95396141,na,na,Benign,0
RELN,7,103491854,na,na,Benign,0
ADAMTS9,3,64594392,na,na,Benign,0
ATAD3C,1,1454394,na,na,Benign,0
CTU2,16,88707120,na,na,Benign,0
COL1A2,7,94428106,na,na,Benign,0
ATXN10,22,45740739,na,na,Benign,0
FANCD2,3,10063715,na,na,Benign,0
PHB1,17,49406866,na,na,Benign,0
ROBO2,3,77551122,na,na,Benign,0
ATM,11,108308011,na,na,Likely benign,0
NUP93,16,56830900,na,na,Likely benign,0
DYNLT2B,3,196295879,na,na,Benign,0
ST3GAL3,1,43899782,na,na,Benign,0
MYO9A,15,72032634,na,na,Benign,0
LAMC1,1,183126099,na,na,Benign,0
BRCA1,17,43094607,na,na,Likely benign,0
BRCA1,17,43094162,na,na,Pathogenic,1
BRCA1,17,43093523,na,na,Pathogenic,1
BRCA1,17,43093250,na,na,Pathogenic,1
BRCA1,17,43091896,na,na,Pathogenic,1
BRCA1,17,43074350,na,na,Pathogenic,1
SYNE2,14,64219112,na,na,Benign,0
ALG1,16,5079978,na,na,Benign,0
MYH14,19,50260890,na,na,Benign,0
IL1RN,2,113118176,na,na,Benign,0
FOXP1,3,71198425,na,na,Benign,0
BRIP1,17,61849062,na,na,Benign,0
FOCAD,9,20923619,na,na,Benign,0
HLA-DRB1,6,32584282,na,na,Benign,0
POLR1B,2,112550841,na,na,Benign,0
CHD1L,1,147255733,na,na,Benign,0
CLCNKB,1,16049378,na,na,Benign,0
RAD51B,14,67885843,na,na,Benign,0
KMT2D,12,49030977,na,na,Benign,0
CRYL1,13,20404476,na,na,Benign,0
CFB,6,31949763,na,na,Benign,0
NDUFA1,X,119873061,na,na,Benign,0
COG2,1,230693019,na,na,Benign,0
ALOX12,17,6998860,na,na,Benign,0
BRIP1,17,61798991,na,na,Benign,0
HHAT,1,210404529,na,na,Benign,0
SEC24D,4,118731199,na,na,Benign,0
PYROXD1,12,21452385,na,na,Benign,0
ANXA11,10,80166037,na,na,Benign,0
NKX2-5,5,173233524,na,na,Benign,0
PIP5K1C,19,3643095,na,na,Benign,0
FANCD2,3,10074462,na,na,Benign,0
TNRC18,7,5309094,na,na,Benign,0
SEC23A,14,39085689,na,na,Benign,0
RAD51B,14,67823655,na,na,Benign,0
PPIG,2,169631944,na,na,Benign,0
RAD51B,14,67864958,na,na,Benign,0
RAD51B,14,67885931,na,na,Benign,0
EIF3B,7,2374730,na,na,Benign,0
DNAH8,6,38875507,na,na,Benign,0
WARS1,14,100337318,na,na,Benign,0
ACP5,19,11577385,na,na,Benign,0
KAT2A,17,42120388,na,na,Benign,0
BARD1,2,214767440,na,na,Benign,0
MED12,X,71119309,na,na,Benign,0
SPINT2,19,38287977,na,na,Benign,0
CERKL,2,181549795,na,na,Benign,0
FANCD2,3,10043903,na,na,Benign,0
TAPT1,4,16188368,na,na,Benign,0
CEP120,5,123382324,na,na,Benign,0
ROR2,9,91725177,na,na,Benign,0
C1QBP,17,5433471,na,na,Benign,0
COL11A1,1,102920097,na,na,Benign,0
COL11A2,6,33168368,na,na,Benign,0
FN1,2,215424118,na,na,Benign,0
SEC23B,20,18548337,na,na,Benign,0
AASS,7,122113462,na,na,Benign,0
PKP2,12,32796319,na,na,Benign,0
LRP2,2,169181753,na,na,Benign,0
MAPT,17,45978272,na,na,Benign,0
ABHD12,20,25339592,na,na,Benign,0
SIN3A,15,75372229,na,na,Benign,0
DNAH1,3,52397205,na,na,Benign,0
TRIO,5,14476881,na,na,Benign,0
FLNB,3,58125558,na,na,Benign,0
MRPS7,17,75263002,na,na,Benign,0
AR,X,67643611,na,na,Benign,0
MTPAP,10,30322685,na,na,Benign,0
FN1,2,215379352,na,na,Benign,0
NTN5,19,48663876,na,na,Benign,0
BRAF,7,140808351,na,na,Benign,0
ERBB4,2,211947372,na,na,Benign,0
DNA2,10,68437482,na,na,Benign,0
NAA15,4,139344083,na,na,Benign,0
SEC23B,20,18548463,na,na,Benign,0
BRIP1,17,61685753,na,na,Benign,0
ATM,11,108332743,na,na,Likely benign,0
FANCL,2,58163544,na,na,Benign,0
WDR4,21,42876824,na,na,Benign,0
NCF4,22,36872215,na,na,Benign,0
RPS20,8,56069703,na,na,Benign,0
ITSN2,2,24252336,na,na,Benign,0
GALM,2,38729805,na,na,Benign,0
QDPR,4,17509619,na,na,Benign,0
WDR36,5,111113060,na,na,Benign,0
FOCAD,9,20769988,na,na,Benign,0
AVIL,12,57809594,na,na,Benign,0
TPSAB1,16,1242050,na,na,Benign,0
LAMA5,20,62318450,na,na,Benign,0
PAX6,11,31802060,na,na,Benign,0
DNAJC6,1,65364616,na,na,Benign,0
BTAF1,10,92008040,na,na,Benign,0
AIMP1,4,106324979,na,na,Benign,0
RSPH1,21,42486241,na,na,Benign,0
XPO5,6,43558430,na,na,Benign,0
FUT8,14,65733459,na,na,Benign,0
NPM1,5,171392603,na,na,Benign,0
SPTBN5,15,41855441,na,na,Benign,0
SEC23B,20,18526181,na,na,Benign,0
TTC12,11,113340648,na,na,Benign,0
COL13A1,10,69917505,na,na,Benign,0
SRCAP,16,30719951,na,na,Benign,0
APPL1,3,57248644,na,na,Benign,0
TMC1,9,72835938,na,na,Benign,0
EFTUD2,17,44883188,na,na,Benign,0
GEN1,2,17765180,na,na,Benign,0
FN1,2,215388316,na,na,Benign,0
EMILIN1,2,27085152,na,na,Likely benign,0
IFRD1,7,112461856,na,na,Likely benign,0
SCN1B,19,35039610,na,na,Benign,0
FN1,2,215386974,na,na,Benign,0
HAVCR2,5,157104725,na,na,Benign,0
WDR36,5,111113056,na,na,Benign,0
AVPR2,X,153905288,na,na,Benign,0
SLFN14,17,35554715,na,na,Benign,0
LRP10,14,22872457,na,na,Benign,0
CDK12,17,39509778,na,na,Benign,0
FANCA,16,89785167,na,na,Benign,0
FLT3,13,28035259,na,na,Benign,0
KMT2B,19,35733272,na,na,Benign,0
SIN3A,15,75392834,na,na,Benign,0
APTX,9,32987453,na,na,Benign,0
REEP1,2,86282144,na,na,Benign,0
BARD1,2,214730345,na,na,Benign,0
LPIN1,2,11765512,na,na,Benign,0
COL3A1,2,188984604,na,na,Benign,0
FN1,2,215370554,na,na,Benign,0
PKP4,2,158669448,na,na,Benign,0
CDH1,16,68737417,na,na,Pathogenic,1
REEP1,2,86251857,na,na,Benign,0
BARD1,2,214797187,na,na,Benign,0
BARD1,2,214796986,na,na,Benign,0
BARD1,2,214745236,na,na,Benign,0
BARD1,2,214745228,na,na,Benign,0
PALB2,16,23613903,na,na,Benign,0
BRIP1,17,61861375,na,na,Benign,0
BRIP1,17,61715871,na,na,Benign,0
ATM,11,108293518,na,na,Benign,0
ATM,11,108299646,na,na,Benign,0
DOCK8,9,439605,na,na,Benign,0
HSD17B4,5,119531568,na,na,Benign,0
ESR1,6,152060879,na,na,Benign,0
TRAPPC11,4,183664116,na,na,Benign,0
COL4A1,13,110181217,na,na,Benign,0
TBXA2R,19,3595374,na,na,Benign,0
PALB2,16,23613909,na,na,Benign,0
COG1,17,73196816,na,na,Benign,0
EDNRA,4,147536174,na,na,Benign,0
IL1RN,2,113130893,na,na,Benign,0
IL1RN,2,113129685,na,na,Benign,0
SRP72,4,56472022,na,na,Benign,0
LRP2,2,169181788,na,na,Benign,0
LRP2,2,169181752,na,na,Benign,0
PMPCA,9,136418951,na,na,Benign,0
RTTN,18,70142411,na,na,Benign,0
ETV4,17,43545372,na,na,Benign,0
COQ6,14,73959672,na,na,Benign,0
NALCN;NALCN-AS1,13,101057671,na,na,Benign,0
SLC35A1,6,87473040,na,na,Benign,0
SLC22A4,5,132331855,na,na,Benign,0
COG2,1,230693014,na,na,Benign,0
IQSEC2,X,53238977,na,na,Benign,0
BRCA1,17,43091946,na,na,Likely benign,0
RUNX1,21,34880556,na,na,Likely pathogenic,1
RAD51C,17,58695260,na,na,Likely benign,0
ODC1,2,10444500,na,na,Likely benign,0
ITPR2,12,26790237,na,na,Benign,0
KDM5B,1,202749074,na,na,Benign,0
FANCD2,3,10052306,na,na,Likely benign,0
FANCD2,3,10090270,na,na,Likely benign,0
ANLN,7,36452381,na,na,Likely benign,0
BRCA2,13,32319237,na,na,Likely benign,0
BRCA2,13,32398284,na,na,Likely benign,0
ZNF668,16,31063854,na,na,Benign,0
BRCA2,13,32341288,na,na,Likely benign,0
CD164,6,109375880,na,na,Likely benign,0
BGN,X,153504606,na,na,Likely benign,0
PTPRO,12,15589720,na,na,Likely benign,0
NDUFAF7,2,37237735,na,na,Likely benign,0
PALB2,16,23629879,na,na,Pathogenic,1
BRIP1,17,61801286,na,na,Pathogenic,1
MUC1,1,155192276,na,na,Benign,0
CHEK2,22,28725318,na,na,Pathogenic,1
PALB2,16,23635358,na,na,Pathogenic,1
ADAMTS18,16,77293259,na,na,Likely pathogenic,1
KATNB1,16,57755239,na,na,Likely pathogenic,1
BRCA2,13,32344700,na,na,Likely benign,0
BRCA2,13,32326075,na,na,Benign,0
BRCA2,13,32379901,na,na,Pathogenic,1
BRCA2,13,32397082,na,na,Likely benign,0
BRCA1,17,43047726,na,na,Likely benign,0
BRCA1,17,43050984,na,na,Likely benign,0
BRCA1,17,43050985,na,na,Likely benign,0
BRCA1,17,43057010,na,na,Benign,0
BRCA1,17,43063812,na,na,Likely benign,0
BRCA2,13,32326394,na,na,Likely benign,0
BRCA1,17,43082428,na,na,Likely benign,0
BRCA1,17,43091111,na,na,Benign,0
BRCA1,17,43091399,na,na,Benign,0
BRCA1,17,43097149,na,na,Likely benign,0
BRCA1,17,43097184,na,na,Likely benign,0
BRCA1,17,43097315,na,na,Likely benign,0
BRCA1,17,43097444,na,na,Likely benign,0
BRCA1,17,43099711,na,na,Likely benign,0
BRCA1,17,43099732,na,na,Likely benign,0
BRCA2,13,32329598,na,na,Likely benign,0
BRCA1,17,43099733,na,na,Likely benign,0
BRCA1,17,43105000,na,na,Likely benign,0
BRCA1,17,43106573,na,na,Likely benign,0
BRCA1,17,43123966,na,na,Likely benign,0
BRCA2,13,32331095,na,na,Likely benign,0
BRCA2,13,32332225,na,na,Likely benign,0
NKAP,X,119936448,na,na,Benign,0
TUBA3E,2,130194465,na,na,Benign,0
TUBA3E,2,130194480,na,na,Benign,0
COG7,16,23445984,na,na,Likely benign,0
ALG6,1,63429170,na,na,Likely benign,0
CELSR1,22,46535941,na,na,Benign,0
BRCA1,17,43104248,na,na,Likely pathogenic,1
QRICH2,17,76279079,na,na,Benign,0
BRCA2,13,32330883,na,na,Likely benign,0
BRCA2,13,32346808,na,na,Likely benign,0
BRCA2,13,32340556,na,na,Likely benign,0
PALB2,16,23614092,na,na,Likely pathogenic,1
STK11,19,1220451,na,na,Likely benign,0
TP53,17,7676203,na,na,Likely pathogenic,1
TP53,17,7676186,na,na,Likely benign,0
BRCA1,17,43092395,na,na,Pathogenic,1
GCLC,6,53500366,na,na,Benign,0
BRCA2,13,32356627,na,na,Likely benign,0
BARD1,2,214792296,na,na,Likely pathogenic,1
BRCA1,17,43091826,na,na,Likely benign,0
BARD1,2,214792409,na,na,Likely benign,0
PALB2,16,23630355,na,na,Pathogenic,1
CDH1,16,68822226,na,na,Likely pathogenic,1
SLC16A1,1,112918065,na,na,Benign,0
LMF1,16,870884,na,na,Pathogenic,1
PHIP,6,78983125,na,na,Likely benign,0
AGMO,7,15418569,na,na,Benign,0
HLCS,21,36961992,na,na,Likely benign,0
ATM,11,108244970,na,na,Likely pathogenic,1
BRCA1,17,43092426,na,na,Likely benign,0
CAP2,6,17543071,na,na,Benign,0
ABHD12,20,25308520,na,na,Likely benign,0
ATM,11,108332888,na,na,Pathogenic,1
ATM,11,108353780,na,na,Pathogenic,1
BRIP1,17,61793596,na,na,Likely pathogenic,1
BRCA1,17,43092465,na,na,Likely benign,0
BRCA2,13,32346826,na,na,Pathogenic,1
BRIP1,17,61684147,na,na,Likely benign,0
CHEK2,22,28694031,na,na,Likely pathogenic,1
BRCA2,13,32396893,na,na,Likely benign,0
ATM,11,108326226,na,na,Likely pathogenic,1
BRCA1,17,43069047,na,na,Pathogenic,1
CHEK2,22,28699951,na,na,Likely benign,0
BRCA2,13,32370955,na,na,Pathogenic,1
IFT140,16,1571505,na,na,Likely benign,0
BRCA2,13,32332687,na,na,Likely benign,0
PALB2,16,23635894,na,na,Pathogenic,1
ATM,11,108281040,na,na,Pathogenic,1
RAD51D,17,35106986,na,na,Likely pathogenic,1
BRCA1,17,43092500,na,na,Pathogenic,1
BRCA1,17,43092257,na,na,Pathogenic,1
BARD1,2,214780895,na,na,Pathogenic,1
CHEK2,22,28719376,na,na,Likely benign,0
PALB2,16,23635194,na,na,Pathogenic,1
PALB2,16,23629771,na,na,Pathogenic,1
BRCA1,17,43094516,na,na,Likely pathogenic,1
BRCA2,13,32370487,na,na,Pathogenic,1
BRCA2,13,32355308,na,na,Likely benign,0
BRCA2,13,32357853,na,na,Pathogenic,1
DIS3L2,2,232087722,na,na,Likely pathogenic,1
BRIP1,17,61801315,na,na,Pathogenic,1
HTT,4,3177379,na,na,Likely benign,0
RAD51D,17,35119527,na,na,Likely benign,0
ATM,11,108292785,na,na,Pathogenic,1
BRCA2,13,32336454,na,na,Pathogenic,1
BARD1,2,214745058,na,na,Likely benign,0
CHEK2,22,28696989,na,na,Likely pathogenic,1
CHEK2,22,28699848,na,na,Pathogenic,1
BARD1,2,214728844,na,na,Likely pathogenic,1
RAD51D,17,35119524,na,na,Likely benign,0
BRCA2,13,32338201,na,na,Likely benign,0
RAD51D,17,35106384,na,na,Pathogenic,1
CHEK2,22,28696989,na,na,Likely pathogenic,1
BRCA2,13,32337110,na,na,Pathogenic,1
RAD51D,17,35119190,na,na,Likely benign,0
LAMA1,18,6978380,na,na,Likely pathogenic,1
BRCA2,13,32319264,na,na,Likely benign,0
BRCA1,17,43091565,na,na,Likely benign,0
BRCA2,13,32336263,na,na,Pathogenic,1
BRIP1,17,61685929,na,na,Pathogenic,1
BRCA1,17,43057033,na,na,Likely benign,0
BRIP1,17,61799114,na,na,Pathogenic,1
BRCA2,13,32394679,na,na,Likely benign,0
PALB2,16,23635759,na,na,Pathogenic,1
EMC1,1,19219590,na,na,Likely benign,0
PALB2,16,23637852,na,na,Pathogenic,1
PALB2,16,23638094,na,na,Pathogenic,1
RAD51C,17,58724050,na,na,Pathogenic,1
BARD1,2,214767600,na,na,Pathogenic,1
BRIP1,17,61776404,na,na,Pathogenic,1
BRCA2,13,32336260,na,na,Likely benign,0
BARD1,2,214752557,na,na,Likely pathogenic,1
CHEK2,22,28725122,na,na,Likely benign,0
RAD51D,17,35118621,na,na,Likely pathogenic,1
CHEK2,22,28725270,na,na,Pathogenic,1
PALB2,16,23635525,na,na,Pathogenic,1
CLTC,17,59681287,na,na,Likely benign,0
BRIP1,17,61780833,na,na,Likely benign,0
ATM,11,108256214,na,na,Likely pathogenic,1
PPP2R1A,19,52221085,na,na,Likely benign,0
BRCA2,13,32397012,na,na,Pathogenic,1
BRIP1,17,61744607,na,na,Likely benign,0
BRCA2,13,32340235,na,na,Pathogenic,1
CHEK2,22,28712018,na,na,Likely pathogenic,1
BRCA1,17,43074418,na,na,Pathogenic,1
BRCA2,13,32394687,na,na,Pathogenic,1
BRCA2,13,32338964,na,na,Pathogenic,1
RAD51D,17,35119134,na,na,Pathogenic,1
BRIP1,17,61847099,na,na,Likely pathogenic,1
CHEK2,22,28725369,na,na,Likely pathogenic,1
ATM,11,108244066,na,na,Pathogenic,1
RAD51D,17,35103240,na,na,Likely benign,0
CHEK2,22,28710067,na,na,Likely benign,0
PALB2,16,23635881,na,na,Pathogenic,1
BRCA2,13,32363378,na,na,Likely pathogenic,1
BRIP1,17,61849109,na,na,Likely benign,0
BRIP1,17,61776496,na,na,Pathogenic,1
RAD51D,17,35118628,na,na,Likely benign,0
ATM,11,108329126,na,na,Pathogenic,1
BRCA1,17,43049211,na,na,Likely benign,0
PALB2,16,23638094,na,na,Pathogenic,1
ATM,11,108289708,na,na,Pathogenic,1
BRIP1,17,61857056,na,na,Likely pathogenic,1
BRIP1,17,61716065,na,na,Likely pathogenic,1
BRCA2,13,32338574,na,na,Pathogenic,1
BRIP1,17,61801286,na,na,Pathogenic,1
CHEK2,22,28725279,na,na,Pathogenic,1
RAD51D,17,35106412,na,na,Pathogenic,1
BRIP1,17,61849195,na,na,Pathogenic,1
BRCA1,17,43049211,na,na,Likely benign,0
ATM,11,108315822,na,na,Likely pathogenic,1
BARD1,2,214767481,na,na,Likely pathogenic,1
BRCA1,17,43076620,na,na,Likely benign,0
BRCA2,13,32355003,na,na,Pathogenic,1
PALB2,16,23635454,na,na,Likely benign,0
CHEK2,22,28687987,na,na,Likely pathogenic,1
CDH1,16,68810341,na,na,Pathogenic,1
BRCA2,13,32394855,na,na,Likely benign,0
BRCA1,17,43104115,na,na,Likely benign,0
BARD1,2,214767655,na,na,Likely pathogenic,1
CHEK2,22,28711890,na,na,Likely benign,0
BARD1,2,214792345,na,na,Pathogenic,1
BRCA2,13,32356426,na,na,Pathogenic,1
ATM,11,108335958,na,na,Pathogenic,1
BRIP1,17,61780960,na,na,Pathogenic,1
BRIP1,17,61742996,na,na,Likely benign,0
CHEK2,22,28724958,na,na,Likely benign,0
BRIP1,17,61793596,na,na,Likely pathogenic,1
CHEK2,22,28696899,na,na,Likely pathogenic,1
BRIP1,17,61859811,na,na,Pathogenic,1
ATM,11,108235830,na,na,Pathogenic,1
COG5,7,107211241,na,na,Likely benign,0
BRCA2,13,32357747,na,na,Pathogenic,1
BRCA2,13,32363412,na,na,Pathogenic,1
BRIP1,17,61781006,na,na,Likely pathogenic,1
BARD1,2,214730391,na,na,Likely benign,0
ATM,11,108330401,na,na,Pathogenic,1
ATM,11,108325312,na,na,Pathogenic,1
BRCA2,13,32370556,na,na,Likely pathogenic,1
CHEK2,22,28695167,na,na,Pathogenic,1
BRIP1,17,61693437,na,na,Pathogenic,1
BRCA2,13,32341061,na,na,Pathogenic,1
PALB2,16,23636011,na,na,Pathogenic,1
BRCA2,13,32337393,na,na,Pathogenic,1
BRCA2,13,32380115,na,na,Likely pathogenic,1
BRCA2,13,32376785,na,na,Pathogenic,1
BRCA2,13,32357849,na,na,Likely benign,0
BRCA2,13,32340655,na,na,Likely benign,0
PSMB4,1,151400140,na,na,Likely benign,0
CHEK2,22,28694119,na,na,Likely pathogenic,1
BRCA2,13,32326151,na,na,Pathogenic,1
BRCA2,13,32394919,na,na,Pathogenic,1
PALB2,16,23630140,na,na,Pathogenic,1
ATM,11,108304710,na,na,Pathogenic,1
CHEK2,22,28694113,na,na,Likely benign,0
BRCA2,13,32346904,na,na,Likely benign,0
BRCA1,17,43091850,na,na,Likely benign,0
BRCA2,13,32333015,na,na,Pathogenic,1
BARD1,2,214745703,na,na,Likely benign,0
BRIP1,17,61716007,na,na,Likely benign,0
CHEK2,22,28696935,na,na,Pathogenic,1
CHEK2,22,28725324,na,na,Pathogenic,1
BRCA2,13,32336638,na,na,Pathogenic,1
BARD1,2,214780541,na,na,Likely benign,0
CHEK2,22,28734401,na,na,Likely pathogenic,1
ATM,11,108325298,na,na,Likely pathogenic,1
BRCA1,17,43093298,na,na,Pathogenic,1
BRIP1,17,61808759,na,na,Likely pathogenic,1
BRCA1,17,43082590,na,na,Likely benign,0
BRCA2,13,32326627,na,na,Likely benign,0
CHEK2,22,28696899,na,na,Likely pathogenic,1
CHEK2,22,28719393,na,na,Likely pathogenic,1
BRIP1,17,61799301,na,na,Likely pathogenic,1
BRCA2,13,32394834,na,na,Likely benign,0
BRCA2,13,32379933,na,na,Likely benign,0
BRCA1,17,43091937,na,na,Likely benign,0
BRCA2,13,32337028,na,na,Likely benign,0
BRCA2,13,32337910,na,na,Likely benign,0
PALB2,16,23622961,na,na,Likely benign,0
BRCA2,13,32346807,na,na,Likely benign,0
BRCA1,17,43093686,na,na,Likely benign,0
CHEK2,22,28694136,na,na,Likely benign,0
BRCA2,13,32332897,na,na,Likely benign,0
BARD1,2,214780866,na,na,Likely benign,0
CHEK2,22,28709990,na,na,Likely benign,0
BARD1,2,214745865,na,na,Likely benign,0
BRCA1,17,43091535,na,na,Likely benign,0
BRIP1,17,61801412,na,na,Likely benign,0
BRCA1,17,43099827,na,na,Likely benign,0
BARD1,2,214729017,na,na,Likely benign,0
BRIP1,17,61743142,na,na,Likely benign,0
BARD1,2,214745176,na,na,Likely benign,0
BARD1,2,214781412,na,na,Likely benign,0
CACNA1D,3,53660117,na,na,Likely benign,0
RAD51D,17,35107036,na,na,Likely benign,0
BRCA2,13,32326163,na,na,Likely benign,0
CYB5A,18,74291736,na,na,Benign,0
BARD1,2,214781078,na,na,Likely benign,0
BRCA2,13,32330924,na,na,Likely benign,0
BRCA1,17,43092603,na,na,Likely benign,0
PALB2,16,23630129,na,na,Likely benign,0
SUN1,7,852798,na,na,Benign,0
PALB2,16,23629292,na,na,Likely benign,0
RAD51D,17,35106495,na,na,Likely benign,0
BRCA2,13,32333347,na,na,Likely benign,0
BRIP1,17,61801286,na,na,Likely benign,0
BRCA2,13,32338654,na,na,Likely benign,0
RAD51D,17,35101285,na,na,Likely benign,0
CHEK2,22,28719382,na,na,Likely benign,0
BRCA1,17,43094784,na,na,Likely benign,0
RAD51D,17,35106418,na,na,Likely benign,0
PALB2,16,23629270,na,na,Likely benign,0
PALB2,16,23622959,na,na,Likely benign,0
FBXO7,22,32495548,na,na,Likely benign,0
BRCA1,17,43095880,na,na,Likely benign,0
BRCA1,17,43063971,na,na,Likely benign,0
BARD1,2,214781526,na,na,Likely benign,0
BRCA2,13,32351946,na,na,Benign,0
BRIP1,17,61780245,na,na,Likely benign,0
BRCA1,17,43095931,na,na,Likely benign,0
BRCA2,13,32370938,na,na,Likely benign,0
BRCA2,13,32338966,na,na,Likely benign,0
BRCA2,13,32363407,na,na,Likely benign,0
PALB2,16,23629261,na,na,Likely benign,0
RAD51D,17,35103234,na,na,Likely benign,0
BRCA2,13,32338876,na,na,Likely benign,0
CHEK2,22,28711918,na,na,Likely benign,0
BRCA2,13,32398305,na,na,Likely benign,0
BRCA2,13,32340937,na,na,Likely benign,0
BRCA1,17,43093671,na,na,Likely benign,0
BRCA2,13,32331045,na,na,Likely benign,0
BRCA1,17,43091048,na,na,Likely benign,0
BRCA2,13,32319271,na,na,Likely benign,0
GUF1,4,44686024,na,na,Benign,0
MLH1,3,37014418,na,na,Likely benign,0
BRCA2,13,32357725,na,na,Likely benign,0
ATM,11,108282699,na,na,Likely benign,0
RAD51D,17,35103341,na,na,Likely benign,0
BRCA2,13,32336317,na,na,Likely benign,0
RAD51D,17,35118490,na,na,Likely benign,0
RAD51D,17,35107435,na,na,Likely benign,0
POC5,5,75712851,na,na,Benign,0
RAD51D,17,35119180,na,na,Likely benign,0
BRCA2,13,32379731,na,na,Likely benign,0
BRCA1,17,43124022,na,na,Likely benign,0
BRIP1,17,61780421,na,na,Likely benign,0
BARD1,2,214797054,na,na,Likely benign,0
BRIP1,17,61801358,na,na,Likely benign,0
PLXNA2,1,208082395,na,na,Benign,0
CEP89,19,32879178,na,na,Benign,0
BRCA2,13,32332594,na,na,Likely benign,0
BARD1,2,214730522,na,na,Likely benign,0
ICOSLG,21,44229058,na,na,Likely benign,0
BARD1,2,214781096,na,na,Likely benign,0
RAD51D,17,35106490,na,na,Likely benign,0
BRCA1,17,43094286,na,na,Likely benign,0
BRCA2,13,32336797,na,na,Likely benign,0
BRCA1,17,43094616,na,na,Likely benign,0
BRCA2,13,32362505,na,na,Likely benign,0
BRCA2,13,32396885,na,na,Likely benign,0
BARD1,2,214809395,na,na,Likely benign,0
ATM,11,108272713,na,na,Likely benign,0
PALB2,16,23630357,na,na,Likely benign,0
PALB2,16,23624102,na,na,Likely benign,0
BRCA1,17,43094872,na,na,Likely benign,0
BRCA1,17,43063965,na,na,Likely benign,0
CHEK2,22,28695259,na,na,Likely benign,0
CHEK2,22,28711896,na,na,Likely benign,0
ATRX,X,77684609,na,na,Likely benign,0
BRCA2,13,32356410,na,na,Likely benign,0
CHEK2,22,28695118,na,na,Likely benign,0
CYFIP2,5,157333463,na,na,Benign,0
BRCA2,13,32339644,na,na,Likely benign,0
BRCA2,13,32316514,na,na,Likely benign,0
BRIP1,17,61684150,na,na,Likely benign,0
BRCA1,17,43074552,na,na,Likely benign,0
BRCA2,13,32363446,na,na,Likely benign,0
BRCA2,13,32333206,na,na,Likely benign,0
ATM,11,108330194,na,na,Likely benign,0
IRF2BP2,1,234607870,na,na,Benign,0
RAD51D,17,35103559,na,na,Likely benign,0
WNT9B,17,46872720,na,na,Benign,0
BRCA2,13,32339608,na,na,Likely benign,0
BRCA1,17,43091582,na,na,Likely benign,0
BRCA2,13,32370485,na,na,Likely benign,0
BRCA1,17,43047718,na,na,Likely benign,0
SUN1,7,843194,na,na,Benign,0
CHEK2,22,28719500,na,na,Likely benign,0
CHEK2,22,28696889,na,na,Likely benign,0
BRCA2,13,32341000,na,na,Likely benign,0
BRIP1,17,61799174,na,na,Likely benign,0
ATM,11,108315807,na,na,Likely benign,0
ATM,11,108250683,na,na,Likely benign,0
BRCA2,13,32355284,na,na,Likely benign,0
BRCA2,13,32379997,na,na,Likely benign,0
BRIP1,17,61857098,na,na,Likely benign,0
ARNT2,15,80470203,na,na,Likely benign,0
CHEK2,22,28703492,na,na,Likely benign,0
BRCA2,13,32356626,na,na,Likely benign,0
BRIP1,17,61799092,na,na,Likely benign,0
BRCA2,13,32376808,na,na,Likely benign,0
CHEK2,22,28699824,na,na,Likely benign,0
BRIP1,17,61742999,na,na,Likely benign,0
BRIP1,17,61784329,na,na,Likely benign,0
BRCA1,17,43093773,na,na,Likely benign,0
CHEK2,22,28711900,na,na,Likely benign,0
BRCA2,13,32337194,na,na,Likely benign,0
PALB2,16,23603483,na,na,Likely benign,0
CYB5A,18,74263490,na,na,Benign,0
DGKE,17,56845677,na,na,Likely benign,0
BARD1,2,214780587,na,na,Likely benign,0
BRCA1,17,43071144,na,na,Likely benign,0
BRCA2,13,32332670,na,na,Likely benign,0
BRCA2,13,32344613,na,na,Likely benign,0
PALB2,16,23626251,na,na,Likely benign,0
BRIP1,17,61793693,na,na,Likely benign,0
BRCA2,13,32398377,na,na,Likely benign,0
BARD1,2,214809397,na,na,Likely benign,0
PALB2,16,23623998,na,na,Likely benign,0
CHEK2,22,28710074,na,na,Likely benign,0
PALB2,16,23629225,na,na,Likely benign,0
RAD51D,17,35103241,na,na,Likely benign,0
POT1,7,124892391,na,na,Likely benign,0
PALB2,16,23635064,na,na,Likely benign,0
LRRC56,11,540740,na,na,Benign,0
BRCA2,13,32346907,na,na,Likely benign,0
BRIP1,17,61744413,na,na,Likely benign,0
TFRC,3,196067669,na,na,Benign,0
BRCA1,17,43094424,na,na,Likely benign,0
BRCA1,17,43091655,na,na,Likely benign,0
ATM,11,108244125,na,na,Likely benign,0
BRIP1,17,61686101,na,na,Likely benign,0
PALB2,16,23629766,na,na,Likely benign,0
ATM,11,108304664,na,na,Likely benign,0
BRCA2,13,32336341,na,na,Likely benign,0
RAD51D,17,35101189,na,na,Likely benign,0
BRCA1,17,43091772,na,na,Likely benign,0
BRIP1,17,61686177,na,na,Likely benign,0
BRCA2,13,32316407,na,na,Likely benign,0
BRCA2,13,32315681,na,na,Likely benign,0
FSCN2,17,81536537,na,na,Likely benign,0
BRCA1,17,43093659,na,na,Likely benign,0
EXOSC9,4,121807593,na,na,Likely benign,0
BRCA2,13,32339896,na,na,Likely benign,0
CHEK2,22,28689224,na,na,Likely benign,0
ZNF341,20,33766870,na,na,Likely benign,0
BRIP1,17,61849268,na,na,Likely benign,0
BRCA2,13,32326146,na,na,Likely benign,0
BRCA1,17,43074416,na,na,Likely benign,0
BRCA2,13,32325164,na,na,Likely benign,0
RAD51D,17,35118483,na,na,Likely benign,0
BRIP1,17,61781019,na,na,Likely benign,0
BRIP1,17,61683770,na,na,Likely benign,0
BRCA2,13,32379931,na,na,Likely benign,0
BRCA1,17,43092354,na,na,Likely benign,0
ATM,11,108246949,na,na,Likely benign,0
PALB2,16,23635661,na,na,Likely benign,0
BRCA2,13,32355254,na,na,Likely benign,0
BRCA2,13,32332918,na,na,Likely benign,0
BARD1,2,214797137,na,na,Likely benign,0
RAD51C,17,58720727,na,na,Likely benign,0
SLC6A9,1,44001209,na,na,Likely benign,0
BRCA2,13,32319267,na,na,Likely benign,0
PALB2,16,23636150,na,na,Likely benign,0
BRCA1,17,43093920,na,na,Likely benign,0
BRCA2,13,32340298,na,na,Likely benign,0
ATM,11,108244776,na,na,Likely benign,0
BARD1,2,214745864,na,na,Likely benign,0
BRIP1,17,61857248,na,na,Likely benign,0
PCK2,14,24103507,na,na,Benign,0
BRCA1,17,43094583,na,na,Likely benign,0
BRIP1,17,61793711,na,na,Likely benign,0
BRCA1,17,43094067,na,na,Likely benign,0
CHEK2,22,28725303,na,na,Likely benign,0
BRCA2,13,32336356,na,na,Likely benign,0
BARD1,2,214745708,na,na,Likely benign,0
PALB2,16,23629626,na,na,Likely benign,0
BRCA2,13,32362512,na,na,Likely benign,0
CHEK2,22,28694015,na,na,Likely benign,0
BRCA2,13,32376654,na,na,Likely benign,0
BRCA1,17,43094409,na,na,Likely benign,0
CHEK2,22,28694023,na,na,Likely benign,0
BRCA2,13,32341203,na,na,Likely benign,0
BRCA2,13,32379886,na,na,Likely benign,0
ATM,11,108227764,na,na,Likely benign,0
ATM,11,108332047,na,na,Likely benign,0
PALB2,16,23636350,na,na,Likely benign,0
PPCS,1,42457275,na,na,Benign,0
BRIP1,17,61859821,na,na,Likely benign,0
BRIP1,17,61808458,na,na,Likely benign,0
CHEK2,22,28734396,na,na,Likely benign,0
BRIP1,17,61861434,na,na,Likely benign,0
BRIP1,17,61683701,na,na,Likely benign,0
CYFIP2,5,157383373,na,na,Likely benign,0
BRCA2,13,32363482,na,na,Likely benign,0
RAD51D,17,35103438,na,na,Likely benign,0
BRCA1,17,43104275,na,na,Likely benign,0
ATM,11,108268402,na,na,Likely benign,0
BRCA2,13,32354945,na,na,Likely benign,0
CHEK2,22,28719495,na,na,Likely benign,0
CHEK2,22,28694025,na,na,Likely benign,0
PALB2,16,23629721,na,na,Likely benign,0
BRIP1,17,61793741,na,na,Likely benign,0
BRCA1,17,43092570,na,na,Likely benign,0
CHEK2,22,28689117,na,na,Likely benign,0
PALB2,16,23608029,na,na,Likely benign,0
CHD7,8,60850475,na,na,Likely benign,0
CHEK2,22,28712028,na,na,Likely benign,0
BRIP1,17,61808638,na,na,Likely benign,0
CHEK2,22,28725011,na,na,Likely benign,0
BRCA2,13,32336692,na,na,Likely benign,0
BRCA2,13,32336665,na,na,Likely benign,0
BRIP1,17,61776580,na,na,Likely benign,0
BRCA2,13,32332588,na,na,Likely benign,0
PALB2,16,23641102,na,na,Likely benign,0
BRCA2,13,32336633,na,na,Likely benign,0
DHX32,10,125859645,na,na,Benign,0
BRIP1,17,61716077,na,na,Likely benign,0
BARD1,2,214792279,na,na,Likely benign,0
PLXNA2,1,208031770,na,na,Benign,0
NDST1,5,150527789,na,na,Benign,0
BRCA2,13,32356546,na,na,Likely benign,0
BRCA1,17,43091042,na,na,Likely benign,0
BRCA2,13,32370572,na,na,Likely benign,0
RAD51D,17,35101007,na,na,Likely benign,0
RAD51D,17,35103236,na,na,Likely benign,0
CHEK2,22,28734390,na,na,Likely benign,0
BRCA1,17,43090932,na,na,Likely benign,0
BARD1,2,214752428,na,na,Likely benign,0
BRCA2,13,32336554,na,na,Likely benign,0
BARD1,2,214792415,na,na,Likely benign,0
CHEK2,22,28697000,na,na,Likely benign,0
ATM,11,108256203,na,na,Likely benign,0
BRIP1,17,61684043,na,na,Likely benign,0
PALB2,16,23641095,na,na,Likely benign,0
STAMBP,2,73845271,na,na,Likely benign,0
CHEK2,22,28709993,na,na,Likely benign,0
BRIP1,17,61715932,na,na,Likely benign,0
KMT2C,7,152235812,na,na,Benign,0
YWHAE,17,1362023,na,na,Benign,0
POC5,5,75685497,na,na,Benign,0
BRCA1,17,43125254,na,na,Likely benign,0
PALB2,16,23623989,na,na,Likely benign,0
BARD1,2,214797127,na,na,Likely benign,0
BRCA2,13,32362518,na,na,Likely benign,0
PALB2,16,23607853,na,na,Likely benign,0
ATM,11,108347260,na,na,Likely benign,0
PALB2,16,23629184,na,na,Likely benign,0
BARD1,2,214797042,na,na,Likely benign,0
C3,19,6678301,na,na,Likely benign,0
BRCA2,13,32326631,na,na,Likely benign,0
PALB2,16,23636351,na,na,Likely benign,0
BRCA1,17,43093194,na,na,Likely benign,0
BRCA1,17,43104236,na,na,Likely benign,0
BRCA1,17,43082396,na,na,Likely benign,0
CHEK2,22,28699821,na,na,Likely benign,0
BRIP1,17,61847232,na,na,Likely benign,0
BRIP1,17,61801328,na,na,Likely benign,0
PALB2,16,23635004,na,na,Likely benign,0
BRCA1,17,43082447,na,na,Likely benign,0
BRIP1,17,61776387,na,na,Likely benign,0
BRCA2,13,32332561,na,na,Likely benign,0
BRCA2,13,32346876,na,na,Likely benign,0
BRIP1,17,61784428,na,na,Likely benign,0
BRCA2,13,32325204,na,na,Likely benign,0
BRCA2,13,32325195,na,na,Likely benign,0
RAD51D,17,35106969,na,na,Likely benign,0
BRCA2,13,32370948,na,na,Likely benign,0
BRCA2,13,32398326,na,na,Likely benign,0
CFAP298,21,32607732,na,na,Benign,0
BRCA2,13,32356419,na,na,Likely benign,0
BRCA2,13,32356447,na,na,Likely benign,0
BRIP1,17,61857039,na,na,Likely benign,0
CHEK2,22,28699822,na,na,Likely benign,0
RAD51D,17,35101043,na,na,Likely benign,0
BRIP1,17,61776383,na,na,Likely benign,0
BRCA1,17,43067706,na,na,Likely benign,0
ZHX3,20,41202847,na,na,Benign,0
BRCA2,13,32363550,na,na,Likely benign,0
BRCA1,17,43074497,na,na,Likely benign,0
CTSB,8,11849048,na,na,Likely benign,0
BRCA2,13,32370431,na,na,Likely benign,0
BARD1,2,214745055,na,na,Likely benign,0
CHEK2,22,28695880,na,na,Likely benign,0
BRCA2,13,32339776,na,na,Likely benign,0
ACAT1,11,108146185,na,na,Likely benign,0
BRCA2,13,32333135,na,na,Likely benign,0
CHEK2,22,28694130,na,na,Likely benign,0
BRCA2,13,32355074,na,na,Likely benign,0
BARD1,2,214730391,na,na,Likely benign,0
BRIP1,17,61776470,na,na,Likely benign,0
PALB2,16,23635160,na,na,Likely benign,0
BRCA2,13,32379401,na,na,Likely benign,0
BRIP1,17,61780828,na,na,Likely benign,0
ATM,11,108244778,na,na,Likely benign,0
BRCA1,17,43071246,na,na,Likely benign,0
BRCA2,13,32357834,na,na,Likely benign,0
PALB2,16,23622959,na,na,Likely benign,0
ATM,11,108299708,na,na,Likely benign,0
PALB2,16,23635328,na,na,Likely benign,0
BRCA2,13,32356513,na,na,Likely benign,0
BRCA2,13,32341150,na,na,Likely benign,0
RAD51D,17,35118515,na,na,Likely benign,0
BRIP1,17,61776381,na,na,Likely benign,0
BARD1,2,214728691,na,na,Likely benign,0
CHEK2,22,28725113,na,na,Likely benign,0
BRCA1,17,43093887,na,na,Likely benign,0
BARD1,2,214769326,na,na,Likely benign,0
BRCA2,13,32336998,na,na,Likely benign,0
BRIP1,17,61784431,na,na,Likely benign,0
BRCA1,17,43076547,na,na,Likely benign,0
RAD51D,17,35103440,na,na,Likely benign,0
BRCA2,13,32336386,na,na,Likely benign,0
BRCA1,17,43094823,na,na,Likely benign,0
BRCA2,13,32337403,na,na,Likely benign,0
CHEK2,22,28712025,na,na,Likely benign,0
BARD1,2,214797072,na,na,Likely benign,0
CHEK2,22,28694125,na,na,Likely benign,0
PALB2,16,23635373,na,na,Likely benign,0
BRCA2,13,32340322,na,na,Likely benign,0
BRCA2,13,32398395,na,na,Likely benign,0
ERCC6L2,9,95956002,na,na,Likely benign,0
ATM,11,108292606,na,na,Likely benign,0
BRCA1,17,43091041,na,na,Likely benign,0
BRCA1,17,43093215,na,na,Likely benign,0
ATM,11,108334957,na,na,Likely benign,0
BRCA1,17,43091046,na,na,Likely benign,0
BRCA1,17,43091442,na,na,Likely benign,0
ATM,11,108326048,na,na,Likely benign,0
ATM,11,108345729,na,na,Likely benign,0
BRIP1,17,61849276,na,na,Likely benign,0
BRCA1,17,43094682,na,na,Likely benign,0
WDR1,4,10088381,na,na,Likely benign,0
BRCA2,13,32355155,na,na,Likely benign,0
BRCA2,13,32340679,na,na,Likely benign,0
BRCA2,13,32398239,na,na,Likely benign,0
BARD1,2,214752561,na,na,Likely benign,0
BRCA2,13,32337667,na,na,Likely benign,0
PALB2,16,23635205,na,na,Likely benign,0
BARD1,2,214780547,na,na,Likely benign,0
BARD1,2,214781394,na,na,Likely benign,0
BRCA2,13,32333404,na,na,Likely benign,0
ATM,11,108347275,na,na,Likely benign,0
OPTN,10,13125580,na,na,Benign,0
BRCA2,13,32370945,na,na,Likely benign,0
BRIP1,17,61861432,na,na,Likely benign,0
BRCA2,13,32339200,na,na,Likely benign,0
BRCA2,13,32398737,na,na,Likely benign,0
PALB2,16,23638142,na,na,Likely benign,0
PALB2,16,23635604,na,na,Likely benign,0
KAT6B,10,74981805,na,na,Likely benign,0
BRCA2,13,32339386,na,na,Likely benign,0
BRCA2,13,32329504,na,na,Likely benign,0
BRCA2,13,32357726,na,na,Likely benign,0
RAD51C,17,58720730,na,na,Likely benign,0
CHEK2,22,28725387,na,na,Likely benign,0
BRCA1,17,43093629,na,na,Likely benign,0
SUN1,7,843193,na,na,Likely benign,0
IFNAR2,21,33260588,na,na,Benign,0
BARD1,2,214745828,na,na,Likely benign,0
CHEK2,22,28719381,na,na,Likely benign,0
BRCA1,17,43093695,na,na,Likely benign,0
BRCA1,17,43071216,na,na,Likely benign,0
CHEK2,22,28724969,na,na,Likely benign,0
PALB2,16,23626314,na,na,Likely benign,0
ASCC1,10,72133181,na,na,Likely benign,0
PALB2,16,23621348,na,na,Likely benign,0
BRCA2,13,32339320,na,na,Likely benign,0
HMBS,11,119085086,na,na,Benign,0
BRCA1,17,43092132,na,na,Likely benign,0
ATM,11,108267160,na,na,Likely benign,0
VPS13A,9,77371010,na,na,Benign,0
BRCA2,13,32338873,na,na,Likely benign,0
RAD51D,17,35118487,na,na,Likely benign,0
PALB2,16,23629757,na,na,Likely benign,0
BRCA1,17,43091777,na,na,Likely benign,0
BRCA2,13,32316538,na,na,Likely benign,0
BRIP1,17,61683386,na,na,Likely benign,0
BRIP1,17,61781018,na,na,Likely benign,0
ATM,11,108347273,na,na,Likely benign,0
TOP2B,3,25638314,na,na,Likely benign,0
BRCA2,13,32379502,na,na,Likely benign,0
BRCA2,13,32332259,na,na,Likely benign,0
BRIP1,17,61780954,na,na,Likely benign,0
BRCA2,13,32362519,na,na,Likely benign,0
BRCA1,17,43092813,na,na,Likely benign,0
RAD51D,17,35107355,na,na,Likely benign,0
BRIP1,17,61685823,na,na,Likely benign,0
BRCA2,13,32340310,na,na,Likely benign,0
BRIP1,17,61784261,na,na,Likely benign,0
BRCA1,17,43045813,na,na,Likely benign,0
CHEK2,22,28725143,na,na,Likely benign,0
MSH6,2,47796080,na,na,Likely benign,0
BRCA1,17,43082435,na,na,Likely benign,0
ATM,11,108289582,na,na,Likely benign,0
BRCA2,13,32319332,na,na,Likely benign,0
TONSL,8,144440043,na,na,Benign,0
BRCA1,17,43071189,na,na,Likely benign,0
SLC24A1,15,65652825,na,na,Likely benign,0
BRIP1,17,61808674,na,na,Likely benign,0
BARD1,2,214752567,na,na,Likely benign,0
BRCA1,17,43057148,na,na,Likely benign,0
BRCA2,13,32336521,na,na,Likely benign,0
CHEK2,22,28699957,na,na,Likely benign,0
PALLD,4,168898727,na,na,Benign,0
PALB2,16,23637956,na,na,Likely benign,0
BRIP1,17,61780966,na,na,Likely benign,0
BRCA2,13,32354843,na,na,Likely benign,0
BRCA1,17,43074527,na,na,Likely benign,0
BRIP1,17,61793746,na,na,Likely benign,0
PALB2,16,23624038,na,na,Likely benign,0
BRIP1,17,61793642,na,na,Likely benign,0
CUL7,6,43045210,na,na,Likely benign,0
ATM,11,108326044,na,na,Likely benign,0
RAD51C,17,58696677,na,na,Likely benign,0
CHEK2,22,28695261,na,na,Likely benign,0
PALB2,16,23613984,na,na,Likely benign,0
BRIP1,17,61799080,na,na,Likely benign,0
BRCA1,17,43076532,na,na,Likely benign,0
RAD51C,17,58709854,na,na,Likely benign,0
CHEK2,22,28696889,na,na,Likely benign,0
ATM,11,108292607,na,na,Likely benign,0
BRCA2,13,32355245,na,na,Likely benign,0
BRIP1,17,61686177,na,na,Likely benign,0
CHEK2,22,28697006,na,na,Likely benign,0
TRAPPC9,8,139988761,na,na,Likely benign,0
BRCA1,17,43074541,na,na,Likely benign,0
BRCA2,13,32338355,na,na,Likely benign,0
BRCA2,13,32340136,na,na,Likely benign,0
BARD1,2,214730392,na,na,Likely benign,0
LRRK1,15,101049638,na,na,Likely benign,0
BRIP1,17,61744421,na,na,Likely benign,0
BRCA2,13,32316444,na,na,Likely benign,0
RAD51C,17,58720820,na,na,Likely benign,0
RAD51D,17,35106974,na,na,Likely benign,0
BRCA2,13,32394882,na,na,Likely benign,0
RAD51D,17,35101379,na,na,Likely benign,0
BRCA1,17,43092900,na,na,Likely benign,0
BRCA2,13,32394759,na,na,Likely benign,0
CHEK2,22,28694132,na,na,Likely benign,0
BRCA1,17,43049212,na,na,Likely benign,0
CDH1,16,68810211,na,na,Likely benign,0
ATM,11,108365306,na,na,Likely benign,0
BARD1,2,214780611,na,na,Likely benign,0
BARD1,2,214797137,na,na,Likely benign,0
ATM,11,108331430,na,na,Likely benign,0
BRCA2,13,32338096,na,na,Likely benign,0
RAD51D,17,35101191,na,na,Likely benign,0
BRCA2,13,32341123,na,na,Likely benign,0
ATM,11,108258973,na,na,Likely benign,0
BRCA2,13,32396879,na,na,Likely benign,0
BRCA1,17,43093443,na,na,Likely benign,0
CHEK2,22,28695116,na,na,Likely benign,0
BARD1,2,214752477,na,na,Likely benign,0
BRCA2,13,32398359,na,na,Likely benign,0
BRIP1,17,61744413,na,na,Likely benign,0
BRIP1,17,61743146,na,na,Likely benign,0
RAD51D,17,35118554,na,na,Likely benign,0
BRCA2,13,32370398,na,na,Likely benign,0
MYO5B,18,49843392,na,na,Likely benign,0
BRCA2,13,32363171,na,na,Likely benign,0
ATM,11,108272614,na,na,Likely benign,0
BRIP1,17,61784444,na,na,Likely benign,0
BRCA2,13,32338837,na,na,Likely benign,0
BRCA2,13,32339638,na,na,Likely benign,0
BRCA2,13,32357731,na,na,Likely benign,0
ATM,11,108331863,na,na,Likely benign,0
USP7,16,8895755,na,na,Benign,0
BRCA1,17,43099899,na,na,Likely benign,0
PALB2,16,23622956,na,na,Likely benign,0
BARD1,2,214797043,na,na,Likely benign,0
KANK1,9,732366,na,na,Benign,0
BRCA2,13,32319069,na,na,Likely benign,0
LIPG,18,49567426,na,na,Benign,0
BRCA1,17,43093683,na,na,Likely benign,0
BARD1,2,214780812,na,na,Likely benign,0
BRCA2,13,32325170,na,na,Likely benign,0
PALB2,16,23635814,na,na,Likely benign,0
OAT,10,124403074,na,na,Likely benign,0
PALB2,16,23629963,na,na,Likely benign,0
CHEK2,22,28710079,na,na,Likely benign,0
BRIP1,17,61686020,na,na,Likely benign,0
BRCA2,13,32339359,na,na,Likely benign,0
CHEK2,22,28725381,na,na,Likely benign,0
BRCA2,13,32332774,na,na,Likely benign,0
BRCA2,13,32370568,na,na,Likely benign,0
CHEK2,22,28697004,na,na,Likely benign,0
TP53,17,7673621,na,na,Likely benign,0
BRCA2,13,32355122,na,na,Likely benign,0
CHEK2,22,28696937,na,na,Likely benign,0
BARD1,2,214745825,na,na,Likely benign,0
BRCA2,13,32329430,na,na,Likely benign,0
DDX59,1,200648579,na,na,Benign,0
PALB2,16,23621350,na,na,Likely benign,0
BRCA2,13,32344664,na,na,Likely benign,0
BRCA1,17,43091045,na,na,Likely benign,0
PALB2,16,23641097,na,na,Likely benign,0
BRCA1,17,43093323,na,na,Likely benign,0
CHEK2,22,28699844,na,na,Likely benign,0
BRCA2,13,32371051,na,na,Likely benign,0
PALB2,16,23626409,na,na,Likely benign,0
ATM,11,108284218,na,na,Likely benign,0
ATM,11,108272706,na,na,Likely benign,0
BRCA2,13,32357864,na,na,Likely benign,0
BARD1,2,214809402,na,na,Likely benign,0
BRCA1,17,43082558,na,na,Likely benign,0
PITRM1,10,3166391,na,na,Likely benign,0
BRCA1,17,43071114,na,na,Likely benign,0
BRCA1,17,43099821,na,na,Likely benign,0
BRCA1,17,43099782,na,na,Likely benign,0
BRCA1,17,43092060,na,na,Likely benign,0
BRCA2,13,32371120,na,na,Likely benign,0
DOCK7,1,62625415,na,na,Likely benign,0
CHD1L,1,147287708,na,na,Likely benign,0
PALB2,16,23626216,na,na,Likely benign,0
RAD51C,17,58695205,na,na,Likely benign,0
BRCA2,13,32337472,na,na,Likely benign,0
CHEK2,22,28719451,na,na,Likely benign,0
ATM,11,108353757,na,na,Likely benign,0
CHEK2,22,28725374,na,na,Likely benign,0
BRIP1,17,61780830,na,na,Likely benign,0
BARD1,2,214728817,na,na,Likely benign,0
BRIP1,17,61715944,na,na,Likely benign,0
BRCA2,13,32362509,na,na,Likely benign,0
KMT2C,7,152178017,na,na,Benign,0
BRIP1,17,61693416,na,na,Likely benign,0
BARD1,2,214745058,na,na,Likely benign,0
BARD1,2,214781349,na,na,Likely benign,0
BRCA2,13,32371118,na,na,Likely benign,0
BARD1,2,214752436,na,na,Likely benign,0
ATM,11,108315812,na,na,Likely benign,0
BRCA1,17,43093521,na,na,Likely benign,0
BRCA2,13,32325089,na,na,Likely benign,0
BRCA1,17,43099768,na,na,Likely benign,0
BRIP1,17,61683524,na,na,Likely benign,0
BRIP1,17,61808539,na,na,Likely benign,0
ATM,11,108331571,na,na,Likely benign,0
BRCA1,17,43092882,na,na,Likely benign,0
BRIP1,17,61715940,na,na,Likely benign,0
CHEK2,22,28694134,na,na,Likely benign,0
BRCA2,13,32394714,na,na,Likely benign,0
FCHO1,19,17783167,na,na,Likely benign,0
GATM,15,45366227,na,na,Likely benign,0
BRCA2,13,32336852,na,na,Likely benign,0
BRCA1,17,43093617,na,na,Likely benign,0
ATM,11,108365226,na,na,Likely benign,0
BARD1,2,214730521,na,na,Likely benign,0
PALB2,16,23629632,na,na,Likely benign,0
EXOC3L2,19,45228081,na,na,Benign,0
RAD51C,17,58696674,na,na,Likely benign,0
BARD1,2,214729018,na,na,Likely benign,0
ATM,11,108316121,na,na,Likely benign,0
BRCA2,13,32339863,na,na,Likely benign,0
RAD51D,17,35107460,na,na,Likely benign,0
RAD51D,17,35119097,na,na,Likely benign,0
BRCA2,13,32363413,na,na,Likely benign,0
BRCA2,13,32398236,na,na,Likely benign,0
BRCA2,13,32338519,na,na,Likely benign,0
CHEK2,22,28719484,na,na,Likely benign,0
BARD1,2,214809400,na,na,Likely benign,0
BRCA2,13,32333209,na,na,Likely benign,0
AP3B2,15,82661853,na,na,Likely benign,0
ZNF335,20,45949579,na,na,Likely benign,0
CHEK2,22,28725132,na,na,Likely benign,0
BARD1,2,214809399,na,na,Likely benign,0
CHEK2,22,28703579,na,na,Likely benign,0
CHUK,10,100222121,na,na,Likely benign,0
BRIP1,17,61808635,na,na,Likely benign,0
CEP89,19,32953613,na,na,Benign,0
CHEK2,22,28687903,na,na,Likely benign,0
BRCA2,13,32376805,na,na,Likely benign,0
RAD51D,17,35101052,na,na,Likely benign,0
BRCA2,13,32338363,na,na,Likely benign,0
ATM,11,108335968,na,na,Likely benign,0
PALB2,16,23638085,na,na,Likely benign,0
BRCA1,17,43092858,na,na,Likely benign,0
BRCA2,13,32319059,na,na,Likely benign,0
NUP93,16,56758527,na,na,Benign,0
BRCA1,17,43104115,na,na,Likely benign,0
BRIP1,17,61744608,na,na,Likely benign,0
BRCA1,17,43091844,na,na,Likely benign,0
BRCA1,17,43076630,na,na,Likely benign,0
BRIP1,17,61781009,na,na,Likely benign,0
CHEK2,22,28724970,na,na,Likely benign,0
BRCA2,13,32394942,na,na,Likely benign,0
BRCA2,13,32338276,na,na,Likely benign,0
BRIP1,17,61685819,na,na,Likely benign,0
BRCA2,13,32370382,na,na,Likely benign,0
CHEK2,22,28695155,na,na,Likely benign,0
PALB2,16,23614079,na,na,Likely benign,0
BARD1,2,214728937,na,na,Likely benign,0
BARD1,2,214767467,na,na,Likely benign,0
BRCA2,13,32340520,na,na,Likely benign,0
BARD1,2,214728745,na,na,Likely benign,0
BRCA1,17,43093836,na,na,Likely benign,0
BRIP1,17,61780830,na,na,Likely benign,0
BARD1,2,214752431,na,na,Likely benign,0
BRIP1,17,61859896,na,na,Likely benign,0
STXBP2,19,7639824,na,na,Likely benign,0
BRIP1,17,61685894,na,na,Likely benign,0
BRIP1,17,61744601,na,na,Likely benign,0
BRCA2,13,32326140,na,na,Likely benign,0
DIP2C,10,329484,na,na,Benign,0
ATM,11,108235650,na,na,Likely benign,0
POLR1A,2,86030403,na,na,Benign,0
PALB2,16,23623136,na,na,Likely benign,0
RAD51D,17,35119525,na,na,Likely benign,0
FARSB,2,222623700,na,na,Benign,0
BARD1,2,214797131,na,na,Likely benign,0
BRCA1,17,43091799,na,na,Likely benign,0
BRCA2,13,32341114,na,na,Likely benign,0
TCF3,19,1612283,na,na,Likely benign,0
BRIP1,17,61849114,na,na,Likely benign,0
BRCA2,13,32325080,na,na,Likely benign,0
ATM,11,108335970,na,na,Likely benign,0
BRCA1,17,43124885,na,na,Likely benign,0
RAD51D,17,35119187,na,na,Likely benign,0
CHEK2,22,28695196,na,na,Likely benign,0
BRCA1,17,43092414,na,na,Likely benign,0
BRCA1,17,43099842,na,na,Likely benign,0
PALB2,16,23621418,na,na,Likely benign,0
BRCA2,13,32340316,na,na,Likely benign,0
BRCA1,17,43076556,na,na,Likely benign,0
BRCA1,17,43093359,na,na,Likely benign,0
BARD1,2,214780548,na,na,Likely benign,0
BRCA1,17,43074540,na,na,Likely benign,0
BRCA1,17,43082480,na,na,Likely benign,0
BRIP1,17,61847230,na,na,Likely benign,0
CHEK2,22,28712021,na,na,Likely benign,0
CHEK2,22,28699877,na,na,Likely benign,0
BRCA1,17,43074395,na,na,Likely benign,0
BARD1,2,214792460,na,na,Likely benign,0
AK7,14,96437906,na,na,Likely benign,0
PALB2,16,23623992,na,na,Likely benign,0
BRCA2,13,32396978,na,na,Likely benign,0
PALB2,16,23629197,na,na,Likely benign,0
BRCA1,17,43093029,na,na,Likely benign,0
BRCA1,17,43092588,na,na,Likely benign,0
RAD51D,17,35119517,na,na,Likely benign,0
BRCA1,17,43094355,na,na,Likely benign,0
BARD1,2,214809432,na,na,Likely benign,0
BRCA2,13,32326484,na,na,Likely benign,0
BRCA2,13,32341009,na,na,Likely benign,0
BRCA1,17,43091010,na,na,Likely benign,0
BRCA1,17,43093845,na,na,Likely benign,0
BRCA2,13,32346910,na,na,Likely benign,0
BRIP1,17,61799083,na,na,Likely benign,0
DSP,6,7574640,na,na,Likely benign,0
CHEK2,22,28711891,na,na,Likely benign,0
BARD1,2,214792456,na,na,Likely benign,0
BARD1,2,214797123,na,na,Likely benign,0
BARD1,2,214780551,na,na,Likely benign,0
BRIP1,17,61776391,na,na,Likely benign,0
BRIP1,17,61801491,na,na,Likely benign,0
BRCA2,13,32340601,na,na,Likely benign,0
BRCA1,17,43093674,na,na,Likely benign,0
BRCA1,17,43093128,na,na,Likely benign,0
RAD51D,17,35119578,na,na,Likely benign,0
RAD51D,17,35119190,na,na,Likely benign,0
BARD1,2,214752562,na,na,Likely benign,0
FAT1,4,186603738,na,na,Likely benign,0
BARD1,2,214745176,na,na,Likely benign,0
RAD51D,17,35101040,na,na,Likely benign,0
BARD1,2,214728892,na,na,Likely benign,0
TIMMDC1,3,119498942,na,na,Benign,0
BARD1,2,214745179,na,na,Likely benign,0
BRCA2,13,32363482,na,na,Likely benign,0
BRCA2,13,32346867,na,na,Likely benign,0
GUF1,4,44680674,na,na,Likely benign,0
BRIP1,17,61780246,na,na,Likely benign,0
BRCA2,13,32319339,na,na,Likely benign,0
BRCA2,13,32332268,na,na,Likely benign,0
PALB2,16,23636288,na,na,Likely benign,0
RAD51D,17,35103245,na,na,Likely benign,0
ATM,11,108256196,na,na,Likely benign,0
MCM3AP,21,46242792,na,na,Benign,0
BRCA2,13,32341153,na,na,Likely benign,0
CHEK2,22,28695808,na,na,Likely benign,0
BRCA2,13,32380093,na,na,Likely benign,0
BRIP1,17,61784281,na,na,Likely benign,0
PALB2,16,23629185,na,na,Likely benign,0
CHEK2,22,28688002,na,na,Likely benign,0
RAD51D,17,35119096,na,na,Likely benign,0
BRCA1,17,43099892,na,na,Likely benign,0
BRCA2,13,32326296,na,na,Likely benign,0
BRIP1,17,61857245,na,na,Likely benign,0
BRCA2,13,32340319,na,na,Likely benign,0
BRCA1,17,43093160,na,na,Likely benign,0
BRCA2,13,32339497,na,na,Likely benign,0
BRCA2,13,32340043,na,na,Likely benign,0
PALB2,16,23621346,na,na,Likely benign,0
BRCA2,13,32379523,na,na,Likely benign,0
BRCA1,17,43093281,na,na,Likely benign,0
ATM,11,108287592,na,na,Likely benign,0
BRIP1,17,61784383,na,na,Likely benign,0
WDR36,5,111113052,na,na,Likely benign,0
BRIP1,17,61715977,na,na,Likely benign,0
BRCA2,13,32338738,na,na,Likely benign,0
ATM,11,108289592,na,na,Likely benign,0
BARD1,2,214752528,na,na,Likely benign,0
BRCA2,13,32355301,na,na,Likely benign,0
PALB2,16,23635214,na,na,Likely benign,0
PALB2,16,23635970,na,na,Likely benign,0
BARD1,2,214792337,na,na,Likely benign,0
BRCA1,17,43094142,na,na,Likely benign,0
BARD1,2,214729025,na,na,Likely benign,0
MESP1,15,89750712,na,na,Benign,0
BRCA2,13,32379534,na,na,Likely benign,0
BRCA2,13,32394894,na,na,Likely benign,0
STN1,10,103905169,na,na,Likely benign,0
HTRA2,2,74531839,na,na,Likely benign,0
BRCA2,13,32333053,na,na,Likely benign,0
SIAE,11,124647511,na,na,Likely benign,0
RAD51D,17,35119183,na,na,Likely benign,0
BRCA2,13,32355296,na,na,Likely benign,0
ATM,11,108365067,na,na,Likely benign,0
BRCA1,17,43082504,na,na,Likely benign,0
BRIP1,17,61808453,na,na,Likely benign,0
ATM,11,108259094,na,na,Likely benign,0
PALB2,16,23613995,na,na,Likely benign,0
ATM,11,108312392,na,na,Likely benign,0
CHEK2,22,28711945,na,na,Likely benign,0
ATM,11,108227705,na,na,Likely benign,0
BRCA1,17,43106550,na,na,Likely benign,0
BRCA2,13,32357900,na,na,Likely benign,0
BRIP1,17,61801382,na,na,Likely benign,0
SUCO,1,172608732,na,na,Benign,0
BARD1,2,214769253,na,na,Likely benign,0
PEX19,1,160282515,na,na,Benign,0
BRCA1,17,43099794,na,na,Likely benign,0
BARD1,2,214752569,na,na,Likely benign,0
PALB2,16,23623061,na,na,Likely benign,0
BRCA2,13,32356623,na,na,Likely benign,0
PALB2,16,23629192,na,na,Likely benign,0
BRIP1,17,61799305,na,na,Likely benign,0
BRCA2,13,32332378,na,na,Likely benign,0
TCTN3,10,95682815,na,na,Likely benign,0
PALB2,16,23607849,na,na,Likely benign,0
BARD1,2,214792279,na,na,Likely benign,0
CHEK2,22,28725246,na,na,Likely benign,0
BRCA2,13,32329434,na,na,Likely benign,0
ATM,11,108345727,na,na,Likely benign,0
CHEK2,22,28696887,na,na,Likely benign,0
RAD51D,17,35119191,na,na,Likely benign,0
BRCA2,13,32344562,na,na,Likely benign,0
CHEK2,22,28695742,na,na,Likely benign,0
ATM,11,108289584,na,na,Likely benign,0
BRCA2,13,32357724,na,na,Likely benign,0
BRIP1,17,61857239,na,na,Likely benign,0
RAD51D,17,35106375,na,na,Likely benign,0
ATM,11,108229170,na,na,Likely benign,0
BARD1,2,214728790,na,na,Likely benign,0
BRIP1,17,61801427,na,na,Likely benign,0
BARD1,2,214792285,na,na,Likely benign,0
PALB2,16,23614106,na,na,Likely benign,0
CLTC,17,59693720,na,na,Likely benign,0
PALB2,16,23621388,na,na,Likely benign,0
BRCA2,13,32356450,na,na,Likely benign,0
AFF4,5,132888167,na,na,Likely benign,0
CFI,4,109764590,na,na,Likely benign,0
BRCA2,13,32380159,na,na,Likely benign,0
BRCA2,13,32341063,na,na,Likely benign,0
CHM,X,85981820,na,na,Likely benign,0
RAD51D,17,35101192,na,na,Likely benign,0
KMT2C,7,152273884,na,na,Benign,0
RAD51D,17,35119093,na,na,Likely benign,0
RAD51C,17,58696675,na,na,Likely benign,0
BRCA2,13,32338993,na,na,Likely benign,0
BRIP1,17,61743049,na,na,Likely benign,0
PALB2,16,23636036,na,na,Likely benign,0
PALB2,16,23626413,na,na,Likely benign,0
RSPH3,6,158999421,na,na,Benign,0
BRCA2,13,32337037,na,na,Likely benign,0
RAD51C,17,58703188,na,na,Likely benign,0
PIGB,15,55354787,na,na,Benign,0
RUSC2,9,35546926,na,na,Benign,0
IFT52,20,43624051,na,na,Likely benign,0
ATRIP,3,48450019,na,na,Benign,0
COPB2,3,139389533,na,na,Benign,0
BRCA2,13,32363386,na,na,Likely benign,0
MICAL1,6,109453262,na,na,Likely benign,0
BRCA2,13,32333041,na,na,Likely benign,0
RAD51C,17,58720828,na,na,Likely benign,0
BRIP1,17,61744417,na,na,Likely benign,0
RAD51D,17,35106376,na,na,Likely benign,0
BRIP1,17,61693418,na,na,Likely benign,0
BRCA1,17,43092942,na,na,Likely benign,0
CEP89,19,32879164,na,na,Benign,0
RAD51D,17,35101186,na,na,Likely benign,0
BRIP1,17,61744597,na,na,Likely benign,0
PALB2,16,23624086,na,na,Likely benign,0
BRCA2,13,32336357,na,na,Likely benign,0
BRCA1,17,43093413,na,na,Likely benign,0
BRIP1,17,61799276,na,na,Likely benign,0
BRCA2,13,32340328,na,na,Likely benign,0
BRCA2,13,32336371,na,na,Likely benign,0
BRCA1,17,43093794,na,na,Likely benign,0
BRCA2,13,32326623,na,na,Likely benign,0
BRCA1,17,43092711,na,na,Likely benign,0
RAD54L,1,46261261,na,na,Likely benign,0
ATM,11,108281190,na,na,Likely benign,0
ATM,11,108281196,na,na,Likely benign,0
ATM,11,108282680,na,na,Likely benign,0
ATM,11,108288952,na,na,Likely benign,0
RAD54L,1,46267461,na,na,Likely benign,0
ATM,11,108293404,na,na,Likely benign,0
ATM,11,108294900,na,na,Likely benign,0
RAD54L,1,46267664,na,na,Benign,0
ATM,11,108297425,na,na,Likely benign,0
ATM,11,108301682,na,na,Pathogenic,1
ATM,11,108307809,na,na,Likely benign,0
ATM,11,108310337,na,na,Likely benign,0
ATM,11,108321219,na,na,Likely benign,0
ATM,11,108333813,na,na,Benign,0
ATM,11,108335814,na,na,Likely benign,0
ATM,11,108336033,na,na,Likely benign,0
ATM,11,108343448,na,na,Likely benign,0
ATM,11,108345705,na,na,Likely benign,0
RAD54L,1,46272726,na,na,Likely benign,0
ATM,11,108365034,na,na,Likely benign,0
RAD54L,1,46272834,na,na,Likely benign,0
MRE11,11,94420204,na,na,Likely benign,0
MRE11,11,94435789,na,na,Likely benign,0
MRE11,11,94435806,na,na,Likely benign,0
MRE11,11,94447388,na,na,Likely benign,0
RAD54L,1,46273549,na,na,Likely benign,0
MRE11,11,94467773,na,na,Likely benign,0
MRE11,11,94479628,na,na,Likely benign,0
RAD54L,1,46273613,na,na,Likely benign,0
MRE11,11,94486117,na,na,Likely benign,0
BRCA2,13,32316367,na,na,Likely benign,0
BRCA2,13,32332234,na,na,Benign,0
RAD54L,1,46274067,na,na,Likely benign,0
BRCA2,13,32333183,na,na,Pathogenic,1
RAD54L,1,46274082,na,na,Likely benign,0
RAD54L,1,46274083,na,na,Likely benign,0
RAD54L,1,46250053,na,na,Likely benign,0
RAD54L,1,46274596,na,na,Likely benign,0
BRCA2,13,32355332,na,na,Likely benign,0
RAD54L,1,46278066,na,na,Likely benign,0
BRCA2,13,32394664,na,na,Likely benign,0
RAD54L,1,46278101,na,na,Likely benign,0
BRCA2,13,32396878,na,na,Likely benign,0
RAD54L,1,46278228,na,na,Benign,0
RAD51B,14,67865171,na,na,Likely benign,0
RAD51B,14,67885892,na,na,Likely benign,0
RAD51B,14,67885939,na,na,Benign,0
RAD51B,14,67887147,na,na,Likely benign,0
RAD51B,14,67887222,na,na,Likely benign,0
RAD51B,14,68291970,na,na,Likely benign,0
RAD51B,14,68477632,na,na,Likely benign,0
RAD51B,14,68497121,na,na,Likely benign,0
RAD51B,14,68497196,na,na,Likely benign,0
RAD51B,14,68594615,na,na,Likely benign,0
RAD51B,14,68594665,na,na,Likely benign,0
PALB2,16,23607814,na,na,Likely benign,0
PALB2,16,23621334,na,na,Likely benign,0
PALB2,16,23629125,na,na,Likely benign,0
RAD54L,1,46259943,na,na,Likely benign,0
PALB2,16,23636379,na,na,Likely benign,0
ATM,11,108227919,na,na,Likely benign,0
PALB2,16,23637786,na,na,Likely benign,0
PALB2,16,23638204,na,na,Likely benign,0
CDK12,17,39462045,na,na,Likely benign,0
CDK12,17,39462052,na,na,Likely benign,0
CDK12,17,39462342,na,na,Likely benign,0
ATM,11,108229144,na,na,Likely benign,0
CDK12,17,39462878,na,na,Likely benign,0
CDK12,17,39463037,na,na,Likely benign,0
CDK12,17,39490510,na,na,Likely benign,0
CDK12,17,39492951,na,na,Likely benign,0
CDK12,17,39494488,na,na,Likely benign,0
CDK12,17,39494492,na,na,Likely benign,0
CDK12,17,39511449,na,na,Likely benign,0
CDK12,17,39511517,na,na,Likely benign,0
CDK12,17,39515852,na,na,Likely benign,0
CDK12,17,39517392,na,na,Likely benign,0
CDK12,17,39519872,na,na,Likely benign,0
CDK12,17,39520016,na,na,Likely benign,0
CDK12,17,39524864,na,na,Likely benign,0
CDK12,17,39525838,na,na,Likely benign,0
CDK12,17,39525871,na,na,Likely benign,0
CDK12,17,39531266,na,na,Likely benign,0
BRCA1,17,43047585,na,na,Likely benign,0
RAD54L,1,46260044,na,na,Likely benign,0
BRIP1,17,61693562,na,na,Likely benign,0
BRIP1,17,61716086,na,na,Likely benign,0
BRIP1,17,61743155,na,na,Likely benign,0
BRIP1,17,61744407,na,na,Likely benign,0
BRIP1,17,61793576,na,na,Likely benign,0
BRIP1,17,61793779,na,na,Likely benign,0
BRIP1,17,61799036,na,na,Likely benign,0
BRIP1,17,61861385,na,na,Likely benign,0
TP53,17,7676341,na,na,Likely benign,0
RAD54L,1,46260058,na,na,Likely benign,0
BARD1,2,214752642,na,na,Likely benign,0
ATM,11,108250927,na,na,Likely benign,0
BARD1,2,214797182,na,na,Likely benign,0
CHEK2,22,28719353,na,na,Benign,0
FANCD2,3,10034441,na,na,Likely benign,0
FANCD2,3,10034449,na,na,Likely benign,0
FANCD2,3,10034497,na,na,Likely benign,0
FANCD2,3,10034570,na,na,Likely benign,0
FANCD2,3,10034815,na,na,Likely benign,0
ATM,11,108256146,na,na,Likely benign,0
FANCD2,3,10039692,na,na,Likely benign,0
FANCD2,3,10046838,na,na,Benign,0
FANCD2,3,10049385,na,na,Likely benign,0
FANCD2,3,10052534,na,na,Likely benign,0
FANCD2,3,10064702,na,na,Benign,0
FANCD2,3,10073383,na,na,Likely benign,0
FANCD2,3,10073470,na,na,Likely benign,0
FANCD2,3,10073491,na,na,Likely benign,0
FANCD2,3,10078184,na,na,Likely benign,0
FANCD2,3,10085887,na,na,Likely benign,0
FANCD2,3,10087296,na,na,Likely benign,0
FANCD2,3,10088802,na,na,Likely benign,0
FANCD2,3,10093213,na,na,Likely benign,0
FANCD2,3,10095133,na,na,Likely benign,0
PPP2R2A,8,26293613,na,na,Likely benign,0
PPP2R2A,8,26293751,na,na,Benign,0
PPP2R2A,8,26293797,na,na,Likely benign,0
PPP2R2A,8,26360340,na,na,Benign,0
PPP2R2A,8,26363964,na,na,Likely benign,0
PPP2R2A,8,26366277,na,na,Likely benign,0
PPP2R2A,8,26366423,na,na,Likely benign,0
PPP2R2A,8,26370083,na,na,Benign,0
PPP2R2A,8,26370124,na,na,Benign,0
PPP2R2A,8,26370302,na,na,Likely benign,0
PPP2R2A,8,26370332,na,na,Benign,0
ATM,11,108257447,na,na,Likely benign,0
NBN,8,89947797,na,na,Likely benign,0
ATM,11,108257448,na,na,Likely benign,0
NBN,8,89958670,na,na,Likely benign,0
RAD54L,1,46260648,na,na,Likely benign,0
RAD54L,1,46261204,na,na,Likely benign,0
ATM,11,108271039,na,na,Likely benign,0
ERCC2,19,45353241,na,na,Likely pathogenic,1
CDH1,16,68810195,na,na,Pathogenic,1
ATM,11,108229325,na,na,Likely pathogenic,1
WDR45B,17,82616656,na,na,Benign,0
UFM1,13,38349946,na,na,Benign,0
BRCA1,17,43095864,na,na,Benign,0
RB1CC1,8,52658964,na,na,Likely pathogenic,1
ATM,11,108250985,na,na,Pathogenic,1
ATM,11,108279552,na,na,Pathogenic,1
ATM,11,108329097,na,na,Pathogenic,1
ATM,11,108365154,na,na,Pathogenic,1
BRCA1,17,43125358,na,na,Pathogenic,1
TP53,17,7674255,na,na,Pathogenic,1
CHMP4B,20,33852284,na,na,Likely benign,0
BRCA2,13,32337588,na,na,Likely benign,0
BRCA1,17,43094048,na,na,Pathogenic,1
BRCA1,17,43094593,na,na,Pathogenic,1
BRCA1,17,43099786,na,na,Likely benign,0
BRCA2,13,32332791,na,na,Likely benign,0
BRIP1,17,61784422,na,na,Likely benign,0
BRCA2,13,32332783,na,na,Likely benign,0
BRCA2,13,32341147,na,na,Likely benign,0
CHEK2,22,28710004,na,na,Likely pathogenic,1
BRCA1,17,43104191,na,na,Likely benign,0
TCF4,18,55259919,na,na,Likely benign,0
BRCA1,17,43082444,na,na,Likely benign,0
TP53,17,7676498,na,na,Likely benign,0
FH,1,241500601,na,na,Likely pathogenic,1
ATM,11,108345909,na,na,Likely pathogenic,1
BRCA2,13,32398587,na,na,Likely benign,0
PDXK,21,43749033,na,na,Likely benign,0
BRCA1,17,43045814,na,na,Likely benign,0
DTNBP1,6,15522921,na,na,Likely benign,0
ELOVL5,6,53276147,na,na,Likely benign,0
BRCA1,17,43091803,na,na,Likely benign,0
BRCA2,13,32398262,na,na,Likely benign,0
BRCA2,13,32355150,na,na,Likely pathogenic,1
ATM,11,108245020,na,na,Likely pathogenic,1
BRCA1,17,43092473,na,na,Likely benign,0
BRCA2,13,32338414,na,na,Likely benign,0
PRKG2,4,81104365,na,na,Likely benign,0
BRCA1,17,43067711,na,na,Likely pathogenic,1
ATM,11,108319978,na,na,Pathogenic,1
PALB2,16,23641111,na,na,Likely pathogenic,1
ATM,11,108365199,na,na,Pathogenic,1
BARD1,2,214745070,na,na,Pathogenic,1
BRCA1,17,43092861,na,na,Likely benign,0
BRCA1,17,43092429,na,na,Likely benign,0
BRCA2,13,32337569,na,na,Likely benign,0
BRCA2,13,32337583,na,na,Likely benign,0
BRCA2,13,32337718,na,na,Likely benign,0
BRIP1,17,61683653,na,na,Likely benign,0
CHEK2,22,28725348,na,na,Pathogenic,1
BRCA1,17,43091976,na,na,Likely benign,0
BRCA2,13,32337922,na,na,Likely benign,0
BRCA2,13,32338231,na,na,Likely benign,0
BRCA1,17,43091640,na,na,Likely benign,0
BRCA2,13,32338261,na,na,Likely benign,0
BRCA2,13,32338436,na,na,Pathogenic,1
BRIP1,17,61849228,na,na,Likely benign,0
BRCA2,13,32338454,na,na,Pathogenic,1
BRCA2,13,32338585,na,na,Likely benign,0
ATM,11,108289599,na,na,Likely benign,0
BRCA1,17,43092174,na,na,Likely benign,0
BRCA1,17,43092024,na,na,Likely benign,0
BRCA2,13,32325110,na,na,Likely benign,0
ATM,11,108284306,na,na,Pathogenic,1
BRCA1,17,43091687,na,na,Pathogenic,1
BRCA2,13,32338207,na,na,Likely benign,0
BRCA2,13,32338228,na,na,Likely benign,0
BRCA2,13,32338377,na,na,Pathogenic,1
BRCA1,17,43091481,na,na,Likely benign,0
BRCA2,13,32338558,na,na,Likely benign,0
BRCA1,17,43094357,na,na,Likely benign,0
BRCA1,17,43104121,na,na,Likely pathogenic,1
PALB2,16,23614055,na,na,Likely benign,0
BRCA1,17,43092366,na,na,Likely benign,0
PALB2,16,23614034,na,na,Likely benign,0
BRIP1,17,61857107,na,na,Pathogenic,1
BRIP1,17,61683728,na,na,Likely benign,0
RAD51D,17,35107120,na,na,Likely benign,0
BRCA1,17,43091550,na,na,Likely benign,0
BRCA2,13,32338666,na,na,Likely benign,0
PALB2,16,23621361,na,na,Likely pathogenic,1
BRCA1,17,43092393,na,na,Likely benign,0
BRCA2,13,32337601,na,na,Likely benign,0
PALB2,16,23607965,na,na,Likely benign,0
BRIP1,17,61799301,na,na,Likely pathogenic,1
BRCA2,13,32337940,na,na,Likely benign,0
BRCA2,13,32337940,na,na,Likely benign,0
BRCA1,17,43091601,na,na,Likely benign,0
BRCA2,13,32338477,na,na,Likely benign,0
BRCA2,13,32338499,na,na,Pathogenic,1
RAD51C,17,58696715,na,na,Pathogenic,1
BRCA1,17,43076520,na,na,Likely benign,0
BRCA1,17,43076517,na,na,Likely benign,0
BRCA1,17,43076496,na,na,Likely benign,0
CHEK2,22,28695793,na,na,Likely benign,0
BRCA2,13,32326122,na,na,Likely benign,0
BRCA1,17,43094349,na,na,Likely benign,0
BRCA2,13,32339518,na,na,Likely benign,0
ATM,11,108299887,na,na,Likely pathogenic,1
BRCA1,17,43099803,na,na,Likely benign,0
CHEK2,22,28724998,na,na,Likely benign,0
RAD51C,17,58696859,na,na,Likely pathogenic,1
ATM,11,108310157,na,na,Likely benign,0
RAD51D,17,35103521,na,na,Likely benign,0
BRCA2,13,32340658,na,na,Likely benign,0
BRIP1,17,61859884,na,na,Likely benign,0
CHEK2,22,28725107,na,na,Likely benign,0
BRCA2,13,32338990,na,na,Likely benign,0
BRCA1,17,43074350,na,na,Likely benign,0
BRCA2,13,32339221,na,na,Likely benign,0
BRCA1,17,43071039,na,na,Pathogenic,1
BRCA2,13,32339254,na,na,Likely benign,0
BRCA2,13,32339479,na,na,Likely benign,0
BRCA2,13,32339482,na,na,Likely benign,0
BRCA2,13,32326519,na,na,Likely benign,0
BARD1,2,214781253,na,na,Likely benign,0
BRCA2,13,32340862,na,na,Likely benign,0
ATM,11,108325306,na,na,Likely benign,0
BRCA2,13,32338912,na,na,Likely benign,0
BRCA1,17,43074437,na,na,Likely benign,0
CHEK2,22,28695790,na,na,Likely benign,0
CHEK2,22,28725110,na,na,Likely benign,0
BRIP1,17,61801378,na,na,Pathogenic,1
BRCA2,13,32339167,na,na,Likely benign,0
BRCA1,17,43099818,na,na,Likely benign,0
BRIP1,17,61801376,na,na,Likely benign,0
BRCA2,13,32339686,na,na,Likely benign,0
BRCA1,17,43099788,na,na,Likely benign,0
BRCA1,17,43045693,na,na,Likely benign,0
BRCA2,13,32326566,na,na,Pathogenic,1
BRCA2,13,32340232,na,na,Likely benign,0
CDH1,16,68808773,na,na,Likely benign,0
BRCA2,13,32326600,na,na,Likely benign,0
BARD1,2,214781232,na,na,Likely benign,0
ATM,11,108292680,na,na,Pathogenic,1
CHEK2,22,28725119,na,na,Likely benign,0
BRCA1,17,43071192,na,na,Likely benign,0
ATM,11,108236168,na,na,Likely pathogenic,1
CHEK2,22,28725021,na,na,Pathogenic,1
KATNAL2,18,47067087,na,na,Benign,0
BRCA2,13,32340163,na,na,Likely benign,0
BRCA2,13,32340436,na,na,Likely benign,0
BRCA2,13,32340964,na,na,Likely benign,0
BRCA2,13,32355131,na,na,Likely benign,0
BRCA2,13,32355143,na,na,Likely benign,0
BRCA2,13,32356558,na,na,Likely benign,0
ATM,11,108331558,na,na,Likely pathogenic,1
BRIP1,17,61808593,na,na,Likely benign,0
BARD1,2,214780620,na,na,Likely benign,0
BRCA2,13,32362685,na,na,Likely benign,0
BARD1,2,214780620,na,na,Likely benign,0
RAD51C,17,58709952,na,na,Pathogenic,1
BARD1,2,214781043,na,na,Likely benign,0
CHEK2,22,28695242,na,na,Pathogenic,1
BARD1,2,214781040,na,na,Likely benign,0
BRCA2,13,32332407,na,na,Pathogenic,1
BRCA2,13,32341180,na,na,Likely benign,0
BRCA1,17,43094511,na,na,Likely benign,0
BRCA2,13,32356465,na,na,Likely benign,0
ATM,11,108330422,na,na,Likely pathogenic,1
ATM,11,108331442,na,na,Likely pathogenic,1
BRCA2,13,32356513,na,na,Likely benign,0
BRCA2,13,32356528,na,na,Likely benign,0
BRIP1,17,61808563,na,na,Likely benign,0
ATM,11,108353777,na,na,Pathogenic,1
CHEK2,22,28703540,na,na,Likely benign,0
CHEK2,22,28695230,na,na,Pathogenic,1
BRCA2,13,32379907,na,na,Likely benign,0
CHEK2,22,28695230,na,na,Pathogenic,1
BRCA2,13,32398179,na,na,Likely benign,0
BRCA1,17,43094562,na,na,Likely benign,0
BRCA2,13,32341117,na,na,Likely benign,0
BRCA2,13,32341168,na,na,Likely benign,0
BRIP1,17,61808644,na,na,Likely benign,0
BRCA2,13,32357879,na,na,Likely benign,0
BRCA2,13,32332330,na,na,Likely benign,0
RAD51D,17,35101243,na,na,Likely benign,0
RAD51D,17,35101206,na,na,Likely benign,0
BRCA2,13,32379835,na,na,Likely benign,0
BRIP1,17,61801448,na,na,Likely benign,0
CHEK2,22,28719410,na,na,Pathogenic,1
BRCA2,13,32316466,na,na,Likely benign,0
BRCA2,13,32355173,na,na,Likely benign,0
CHEK2,22,28711969,na,na,Likely benign,0
BRCA2,13,32355185,na,na,Likely benign,0
ATM,11,108330255,na,na,Pathogenic,1
BRCA2,13,32355215,na,na,Likely benign,0
ATM,11,108331878,na,na,Pathogenic,1
BRCA2,13,32363260,na,na,Likely benign,0
BRCA1,17,43094725,na,na,Pathogenic,1
BRCA2,13,32332287,na,na,Pathogenic,1
BRCA1,17,43094685,na,na,Likely benign,0
BRCA2,13,32379457,na,na,Likely benign,0
BRCA2,13,32332369,na,na,Likely benign,0
BRCA2,13,32394855,na,na,Likely benign,0
CHEK2,22,28734626,na,na,Likely benign,0
BRCA2,13,32332759,na,na,Likely benign,0
BRCA2,13,32398287,na,na,Likely benign,0
BRCA2,13,32398302,na,na,Likely benign,0
BRCA1,17,43094532,na,na,Likely benign,0
BRIP1,17,61861531,na,na,Likely benign,0
ATM,11,108247063,na,na,Pathogenic,1
BRCA2,13,32332987,na,na,Likely benign,0
CHEK2,22,28696955,na,na,Likely benign,0
BARD1,2,214767535,na,na,Likely benign,0
BRCA2,13,32333074,na,na,Likely benign,0
BARD1,2,214752445,na,na,Likely pathogenic,1
BRIP1,17,61780890,na,na,Pathogenic,1
BRCA1,17,43094550,na,na,Likely benign,0
BRCA1,17,43094547,na,na,Likely benign,0
CHEK2,22,28734624,na,na,Pathogenic,1
BARD1,2,214769283,na,na,Likely benign,0
BRIP1,17,61793726,na,na,Pathogenic,1
BRCA1,17,43094115,na,na,Likely benign,0
ATM,11,108247101,na,na,Pathogenic,1
BRCA2,13,32333040,na,na,Pathogenic,1
BARD1,2,214767481,na,na,Likely pathogenic,1
PALB2,16,23630429,na,na,Pathogenic,1
ATM,11,108251965,na,na,Pathogenic,1
BARD1,2,214745726,na,na,Likely benign,0
BRCA2,13,32333290,na,na,Likely benign,0
BRCA2,13,32333302,na,na,Likely benign,0
BRIP1,17,61799117,na,na,Likely benign,0
ATM,11,108247089,na,na,Pathogenic,1
BRCA1,17,43094135,na,na,Likely benign,0
CHEK2,22,28694094,na,na,Likely benign,0
PALB2,16,23637908,na,na,Likely benign,0
BARD1,2,214780830,na,na,Likely benign,0
BRCA1,17,43093911,na,na,Likely benign,0
BARD1,2,214752501,na,na,Likely benign,0
BRCA2,13,32333107,na,na,Likely benign,0
BRIP1,17,61859839,na,na,Likely benign,0
BRCA1,17,43093815,na,na,Likely benign,0
BRCA1,17,43093746,na,na,Likely benign,0
BRCA2,13,32333275,na,na,Likely benign,0
BRCA2,13,32333365,na,na,Likely benign,0
ATM,11,108252908,na,na,Pathogenic,1
BRCA2,13,32332781,na,na,Likely benign,0
BRIP1,17,61793695,na,na,Likely benign,0
BRCA2,13,32316475,na,na,Likely benign,0
BRIP1,17,61780948,na,na,Likely benign,0
PRSS1,7,142750700,na,na,Likely benign,0
BRCA1,17,43093371,na,na,Likely benign,0
BRCA2,13,32336525,na,na,Pathogenic,1
PALB2,16,23629973,na,na,Likely benign,0
BRIP1,17,61743112,na,na,Likely benign,0
PALB2,16,23626349,na,na,Pathogenic,1
BRCA2,13,32333380,na,na,Likely benign,0
BRCA1,17,43093623,na,na,Likely benign,0
BRCA2,13,32336501,na,na,Pathogenic,1
BARD1,2,214728862,na,na,Likely benign,0
PALB2,16,23629997,na,na,Likely benign,0
BRCA1,17,43093281,na,na,Likely benign,0
CHEK2,22,28734487,na,na,Pathogenic,1
BRCA1,17,43093158,na,na,Likely benign,0
BRCA1,17,43092942,na,na,Likely benign,0
MSH6,2,47783495,na,na,Likely pathogenic,1
PALB2,16,23626380,na,na,Likely benign,0
BRIP1,17,61780265,na,na,Pathogenic,1
PALB2,16,23630222,na,na,Likely benign,0
BRCA2,13,32319219,na,na,Likely benign,0
BRCA1,17,43093419,na,na,Likely benign,0
BARD1,2,214780788,na,na,Pathogenic,1
BARD1,2,214780788,na,na,Likely benign,0
BRIP1,17,61744460,na,na,Likely benign,0
CHEK2,22,28734491,na,na,Likely benign,0
BRCA2,13,32336677,na,na,Likely benign,0
BRCA1,17,43093190,na,na,Pathogenic,1
BRIP1,17,61716000,na,na,Pathogenic,1
BRIP1,17,61693440,na,na,Likely benign,0
BRIP1,17,61693429,na,na,Likely pathogenic,1
BRCA1,17,43092843,na,na,Likely benign,0
BRIP1,17,61801283,na,na,Likely benign,0
PALB2,16,23630156,na,na,Likely benign,0
PALB2,16,23629857,na,na,Pathogenic,1
BRCA1,17,43093230,na,na,Likely benign,0
BRIP1,17,61743077,na,na,Pathogenic,1
BRCA1,17,43093107,na,na,Likely benign,0
BRCA1,17,43092981,na,na,Likely benign,0
ATM,11,108268439,na,na,Likely benign,0
BRCA1,17,43092750,na,na,Likely benign,0
BRIP1,17,61685952,na,na,Pathogenic,1
BRIP1,17,61685951,na,na,Likely benign,0
BRCA1,17,43092567,na,na,Likely benign,0
BRIP1,17,61685835,na,na,Likely pathogenic,1
BRCA2,13,32398620,na,na,Likely benign,0
BRIP1,17,61857133,na,na,Pathogenic,1
PALB2,16,23623097,na,na,Likely benign,0
BRCA1,17,43092660,na,na,Likely benign,0
BRCA2,13,32337328,na,na,Likely benign,0
CHEK2,22,28695731,na,na,Pathogenic,1
CHEK2,22,28703567,na,na,Likely pathogenic,1
ATM,11,108304853,na,na,Likely pathogenic,1
EPCAM,2,47369506,na,na,Likely pathogenic,1
BRIP1,17,61784313,na,na,Pathogenic,1
BARD1,2,214745066,na,na,Likely pathogenic,1
ATM,11,108335110,na,na,Likely pathogenic,1
PALB2,16,23623993,na,na,Likely benign,0
ATM,11,108253922,na,na,Likely pathogenic,1
ATM,11,108294925,na,na,Pathogenic,1
PCNT,21,46440203,na,na,Likely pathogenic,1
CHEK2,22,28719449,na,na,Pathogenic,1
VARS2,6,30915454,na,na,Likely benign,0
CHEK2,22,28734383,na,na,Likely benign,0
PALB2,16,23629294,na,na,Likely benign,0
BRIP1,17,61693525,na,na,Likely benign,0
CDH1,16,68828284,na,na,Pathogenic,1
CHEK2,22,28689124,na,na,Likely benign,0
ATM,11,108279475,na,na,Likely benign,0
BRIP1,17,61780416,na,na,Likely benign,0
BARD1,2,214809501,na,na,Likely benign,0
ATM,11,108301633,na,na,Likely benign,0
PCNT,21,46412896,na,na,Likely benign,0
PALB2,16,23629622,na,na,Likely benign,0
PALB2,16,23622958,na,na,Likely benign,0
LIAS,4,39473227,na,na,Likely benign,0
CHEK2,22,28699822,na,na,Likely benign,0
RAD51D,17,35106973,na,na,Likely benign,0
BRCA1,17,43090928,na,na,Likely benign,0
BRIP1,17,61847090,na,na,Likely benign,0
BARD1,2,214769214,na,na,Likely benign,0
BRIP1,17,61799087,na,na,Likely benign,0
BRIP1,17,61780827,na,na,Likely benign,0
BARD1,2,214745703,na,na,Likely benign,0
BRCA2,13,32326166,na,na,Likely benign,0
ATM,11,108329004,na,na,Likely benign,0
CHEK2,22,28725135,na,na,Likely benign,0
RPS7,2,3577702,na,na,Likely benign,0
CHEK2,22,28695890,na,na,Likely benign,0
BRCA2,13,32338060,na,na,Likely benign,0
ATM,11,108334956,na,na,Likely benign,0
BRIP1,17,61684153,na,na,Likely benign,0
RAD51D,17,35118595,na,na,Likely benign,0
BRIP1,17,61861433,na,na,Likely benign,0
BRIP1,17,61685818,na,na,Likely benign,0
BRCA2,13,32339737,na,na,Likely benign,0
ATM,11,108257468,na,na,Likely benign,0
BRCA2,13,32315212,na,na,Benign,0
RAD51,15,40729498,na,na,Benign,0
IFT80,3,160307662,na,na,Likely pathogenic,1
BRCA2,13,32396883,na,na,Likely benign,0
BARD1,2,214745866,na,na,Likely benign,0
BRCA1,17,43092858,na,na,Likely benign,0
BRIP1,17,61686107,na,na,Likely benign,0
BRCA2,13,32357840,na,na,Likely benign,0
PIK3C2A,11,17089924,na,na,Likely benign,0
NDE1,16,15696813,na,na,Likely benign,0
CHEK2,22,28734387,na,na,Likely benign,0
BRCA2,13,32356559,na,na,Likely benign,0
BRCA1,17,43092615,na,na,Likely benign,0
PALB2,16,23637970,na,na,Likely benign,0
PALB2,16,23626267,na,na,Pathogenic,1
ATM,11,108332746,na,na,Likely benign,0
BRCA2,13,32396918,na,na,Likely benign,0
BRCA1,17,43123969,na,na,Likely benign,0
ITGB4,17,75757073,na,na,Likely benign,0
CHEK2,22,28724967,na,na,Likely benign,0
BRIP1,17,61857052,na,na,Likely benign,0
ATM,11,108284211,na,na,Likely benign,0
MEF2C,5,88749132,na,na,Likely benign,0
RAD51D,17,35103234,na,na,Likely benign,0
PALB2,16,23638053,na,na,Likely benign,0
ATM,11,108227762,na,na,Likely benign,0
BRIP1,17,61784444,na,na,Likely benign,0
RAD51D,17,35106496,na,na,Likely benign,0
BRCA2,13,32319279,na,na,Likely benign,0
RAD51D,17,35103531,na,na,Pathogenic,1
BRIP1,17,61686178,na,na,Likely benign,0
PALB2,16,23624107,na,na,Likely benign,0
CHEK2,22,28695699,na,na,Likely benign,0
BRCA2,13,32346912,na,na,Likely benign,0
ABCD4,14,74292286,na,na,Likely pathogenic,1
DHX37,12,124965765,na,na,Likely benign,0
CHEK2,22,28687978,na,na,Likely benign,0
ARL6IP1,16,18793388,na,na,Likely benign,0
PLD3,19,40369893,na,na,Benign,0
ATM,11,108251037,na,na,Pathogenic,1
RAD51D,17,35103343,na,na,Likely benign,0
BRIP1,17,61715942,na,na,Likely benign,0
BRCA1,17,43076613,na,na,Likely benign,0
BRCA2,13,32398749,na,na,Likely benign,0
BRIP1,17,61715949,na,na,Likely pathogenic,1
BRIP1,17,61857051,na,na,Likely benign,0
BRCA2,13,32398482,na,na,Likely benign,0
BRCA1,17,43093401,na,na,Likely benign,0
ARHGDIA,17,81869155,na,na,Likely benign,0
BARD1,2,214745704,na,na,Likely benign,0
PGK1,X,78122831,na,na,Likely benign,0
BRCA1,17,43093854,na,na,Likely benign,0
BRCA1,17,43099872,na,na,Likely benign,0
TET2,4,105241440,na,na,Likely benign,0
BRIP1,17,61801307,na,na,Likely benign,0
CUL3,2,224482093,na,na,Likely benign,0
BRCA2,13,32344662,na,na,Likely benign,0
SPG7,16,89532447,na,na,Likely benign,0
BRCA2,13,32398769,na,na,Likely benign,0
BRCA1,17,43074316,na,na,Likely benign,0
BRCA1,17,43092480,na,na,Likely benign,0
CHEK2,22,28696888,na,na,Likely benign,0
BRIP1,17,61801454,na,na,Pathogenic,1
BRCA1,17,43091658,na,na,Pathogenic,1
BARD1,2,214728913,na,na,Likely benign,0
PALB2,16,23634847,na,na,Likely benign,0
BRCA2,13,32315677,na,na,Likely benign,0
BRCA2,13,32362702,na,na,Likely benign,0
PALB2,16,23624113,na,na,Likely benign,0
BRCA2,13,32344659,na,na,Likely benign,0
BRCA2,13,32362529,na,na,Likely benign,0
CHEK2,22,28725139,na,na,Likely benign,0
CHEK2,22,28709988,na,na,Likely benign,0
ATM,11,108329003,na,na,Likely benign,0
CHEK2,22,28712026,na,na,Likely benign,0
ATM,11,108317530,na,na,Likely benign,0
BRCA1,17,43094388,na,na,Likely benign,0
BRCA2,13,32370571,na,na,Likely benign,0
BRIP1,17,61801486,na,na,Likely benign,0
BRCA2,13,32316514,na,na,Likely benign,0
ATM,11,108251817,na,na,Likely benign,0
BRIP1,17,61715941,na,na,Likely benign,0
PALB2,16,23621494,na,na,Likely benign,0
CHEK2,22,28695252,na,na,Likely benign,0
BRCA2,13,32379532,na,na,Likely benign,0
BARD1,2,214797054,na,na,Likely benign,0
BRIP1,17,61744602,na,na,Likely benign,0
PALB2,16,23638073,na,na,Likely benign,0
BRCA2,13,32336857,na,na,Likely benign,0
RAD51D,17,35107353,na,na,Likely benign,0
BRCA2,13,32380154,na,na,Likely benign,0
ACBD5,10,27231822,na,na,Likely pathogenic,1
BRCA2,13,32333368,na,na,Likely benign,0
BRIP1,17,61715942,na,na,Likely benign,0
BRCA2,13,32355296,na,na,Likely benign,0
BARD1,2,214730521,na,na,Likely benign,0
BARD1,2,214745113,na,na,Likely benign,0
RAD51D,17,35101191,na,na,Likely benign,0
BRIP1,17,61693410,na,na,Likely benign,0
BRCA2,13,32340526,na,na,Likely benign,0
ATM,11,108335969,na,na,Likely benign,0
BRCA2,13,32337787,na,na,Likely benign,0
BRIP1,17,61776575,na,na,Likely benign,0
BRIP1,17,61683722,na,na,Likely benign,0
BRCA2,13,32338208,na,na,Pathogenic,1
KDM1A,1,23073280,na,na,Benign,0
RAD51C,17,58696678,na,na,Likely benign,0
ATM,11,108327629,na,na,Likely benign,0
ATM,11,108282886,na,na,Likely benign,0
REL,2,60916858,na,na,Likely benign,0
BRCA2,13,32337649,na,na,Likely benign,0
BRCA2,13,32319108,na,na,Likely benign,0
PALB2,16,23638055,na,na,Likely benign,0
BRCA2,13,32363218,na,na,Likely benign,0
BRCA2,13,32344540,na,na,Likely benign,0
BRIP1,17,61857200,na,na,Likely benign,0
BRCA2,13,32330984,na,na,Likely benign,0
EEF2,19,3977366,na,na,Benign,0
ATM,11,108268393,na,na,Likely benign,0
DYNC2H1,11,103199222,na,na,Likely benign,0
ATM,11,108271415,na,na,Likely benign,0
BRCA2,13,32329486,na,na,Likely benign,0
HSD3B7,16,30986409,na,na,Benign,0
IFT140,16,1592333,na,na,Likely benign,0
BARD1,2,214767470,na,na,Likely benign,0
BRCA1,17,43092783,na,na,Likely benign,0
BRCA1,17,43094870,na,na,Likely benign,0
BRCA2,13,32332972,na,na,Likely benign,0
BRCA2,13,32376657,na,na,Likely benign,0
BRCA2,13,32394672,na,na,Likely benign,0
BRCA2,13,32337283,na,na,Likely benign,0
PALB2,16,23603666,na,na,Likely benign,0
RAD51C,17,58694914,na,na,Likely benign,0
BRCA2,13,32315683,na,na,Likely benign,0
CYP51A1,7,92118629,na,na,Benign,0
CHEK2,22,28710065,na,na,Likely benign,0
BRCA2,13,32336863,na,na,Likely benign,0
BRCA1,17,43095916,na,na,Likely benign,0
CHEK2,22,28703491,na,na,Likely benign,0
BARD1,2,214745862,na,na,Likely benign,0
BRCA2,13,32336809,na,na,Likely benign,0
CHEK2,22,28725376,na,na,Likely benign,0
BRCA2,13,32336710,na,na,Likely benign,0
BRCA2,13,32333356,na,na,Likely benign,0
BRCA1,17,43082495,na,na,Likely benign,0
ATM,11,108365309,na,na,Likely benign,0
CHEK2,22,28695691,na,na,Likely benign,0
CHEK2,22,28695693,na,na,Likely benign,0
PALB2,16,23635445,na,na,Likely benign,0
BRCA2,13,32338972,na,na,Likely benign,0
BRCA1,17,43104275,na,na,Likely benign,0
BRIP1,17,61685933,na,na,Likely benign,0
BRCA2,13,32376657,na,na,Likely benign,0
BRCA1,17,43049211,na,na,Likely benign,0
BRCA2,13,32336818,na,na,Likely benign,0
ATM,11,108253798,na,na,Likely benign,0
BRCA2,13,32340172,na,na,Likely benign,0
BRIP1,17,61686171,na,na,Likely benign,0
BRCA1,17,43093149,na,na,Likely benign,0
BRCA2,13,32339116,na,na,Likely benign,0
TRMT5,14,60979890,na,na,Likely benign,0
CHEK2,22,28696887,na,na,Likely benign,0
RAD51D,17,35119185,na,na,Likely benign,0
BRCA2,13,32394867,na,na,Likely benign,0
BRCA2,13,32338970,na,na,Likely benign,0
BRCA1,17,43067595,na,na,Likely benign,0
PALB2,16,23635691,na,na,Likely benign,0
PALB2,16,23623049,na,na,Likely benign,0
BRCA2,13,32376650,na,na,Likely benign,0
RAD51D,17,35103482,na,na,Likely benign,0
PALB2,16,23624002,na,na,Likely benign,0
CHEK2,22,28694113,na,na,Likely benign,0
PLD3,19,40369903,na,na,Benign,0
PALB2,16,23630296,na,na,Pathogenic,1
BRCA1,17,43092378,na,na,Likely benign,0
BRCA2,13,32340650,na,na,Likely benign,0
BRIP1,17,61780897,na,na,Likely benign,0
BRCA2,13,32346832,na,na,Benign,0
BRCA2,13,32331005,na,na,Likely benign,0
BRCA2,13,32326098,na,na,Likely benign,0
ATM,11,108282704,na,na,Likely benign,0
BRIP1,17,61686041,na,na,Likely benign,0
BARD1,2,214752575,na,na,Likely benign,0
BRCA1,17,43071117,na,na,Likely benign,0
BRCA2,13,32332428,na,na,Likely benign,0
BRCA2,13,32340115,na,na,Likely benign,0
BRIP1,17,61716054,na,na,Pathogenic,1
BRCA1,17,43095916,na,na,Likely benign,0
PALB2,16,23621418,na,na,Likely benign,0
RAD51D,17,35119525,na,na,Likely benign,0
PALB2,16,23624077,na,na,Likely benign,0
ATM,11,108353758,na,na,Likely benign,0
BRCA2,13,32332906,na,na,Likely benign,0
BRCA1,17,43093797,na,na,Likely benign,0
CHEK2,22,28734581,na,na,Likely benign,0
BARD1,2,214752436,na,na,Likely benign,0
BRCA2,13,32363207,na,na,Likely benign,0
ATM,11,108256200,na,na,Likely benign,0
BRCA2,13,32326135,na,na,Pathogenic,1
BRCA2,13,32356620,na,na,Likely benign,0
BRCA1,17,43094436,na,na,Likely benign,0
BRCA2,13,32338004,na,na,Likely benign,0
CHEK2,22,28710074,na,na,Pathogenic,1
PALB2,16,23629621,na,na,Likely benign,0
BRCA2,13,32338810,na,na,Likely benign,0
CHEK2,22,28699859,na,na,Pathogenic,1
IFT81,12,110205576,na,na,Likely benign,0
BRCA2,13,32379823,na,na,Likely benign,0
BRCA2,13,32331038,na,na,Likely benign,0
BRCA2,13,32363374,na,na,Likely benign,0
CHEK2,22,28695125,na,na,Likely pathogenic,1
BRCA2,13,32339737,na,na,Likely benign,0
PALB2,16,23608018,na,na,Likely benign,0
CHEK2,22,28703582,na,na,Likely benign,0
CHEK2,22,28699824,na,na,Likely benign,0
BRCA1,17,43092495,na,na,Likely benign,0
RAD51C,17,58724108,na,na,Likely benign,0
BRCA1,17,43082513,na,na,Likely benign,0
BRIP1,17,61847240,na,na,Likely benign,0
BRIP1,17,61693417,na,na,Likely benign,0
BRCA2,13,32346903,na,na,Likely benign,0
BRIP1,17,61684158,na,na,Likely benign,0
BRCA1,17,43124128,na,na,Likely benign,0
BRIP1,17,61799083,na,na,Likely benign,0
BRCA2,13,32344559,na,na,Likely benign,0
CHEK2,22,28725126,na,na,Likely pathogenic,1
CHEK2,22,28694128,na,na,Likely benign,0
BRCA2,13,32336644,na,na,Likely benign,0
PALB2,16,23636144,na,na,Likely benign,0
BRCA2,13,32394947,na,na,Likely benign,0
GALNT3,2,165749846,na,na,Pathogenic,1
PALB2,16,23636147,na,na,Likely benign,0
BRCA2,13,32396906,na,na,Likely benign,0
BRCA2,13,32332948,na,na,Likely benign,0
PALB2,16,23635584,na,na,Pathogenic,1
PALB2,16,23635859,na,na,Likely benign,0
BRCA2,13,32332351,na,na,Likely benign,0
BRCA1,17,43074535,na,na,Likely benign,0
BRCA2,13,32338405,na,na,Likely benign,0
BRCA2,13,32355266,na,na,Likely benign,0
BRCA2,13,32338567,na,na,Likely benign,0
BRCA2,13,32396951,na,na,Likely benign,0
CHEK2,22,28687998,na,na,Likely benign,0
CHEK2,22,28734403,na,na,Pathogenic,1
RAD51D,17,35101050,na,na,Likely benign,0
BRCA2,13,32332349,na,na,Likely benign,0
BRCA1,17,43094878,na,na,Likely benign,0
BRCA2,13,32325198,na,na,Likely benign,0
BRCA1,17,43104142,na,na,Pathogenic,1
BRCA2,13,32333401,na,na,Likely benign,0
CHEK2,22,28695108,na,na,Likely benign,0
PALB2,16,23603618,na,na,Likely benign,0
BRCA2,13,32354853,na,na,Likely benign,0
PALB2,16,23637857,na,na,Likely benign,0
BRCA2,13,32371018,na,na,Likely benign,0
BRIP1,17,61808479,na,na,Likely benign,0
BRCA2,13,32336899,na,na,Likely benign,0
PALB2,16,23635831,na,na,Pathogenic,1
BRCA1,17,43067590,na,na,Likely benign,0
BRCA2,13,32336635,na,na,Likely benign,0
BRCA2,13,32338048,na,na,Likely benign,0
BRCA1,17,43092311,na,na,Pathogenic,1
CHEK2,22,28699916,na,na,Likely benign,0
BARD1,2,214809393,na,na,Likely benign,0
BRIP1,17,61776574,na,na,Likely benign,0
BRCA2,13,32338471,na,na,Likely benign,0
ATM,11,108347268,na,na,Likely benign,0
BRCA1,17,43104155,na,na,Likely benign,0
BRCA2,13,32336929,na,na,Likely benign,0
BARD1,2,214769219,na,na,Likely benign,0
BARD1,2,214769217,na,na,Likely benign,0
BRCA2,13,32356444,na,na,Likely benign,0
EIF2AK1,7,6026819,na,na,Benign,0
BRCA1,17,43093884,na,na,Likely benign,0
BARD1,2,214730393,na,na,Likely benign,0
BRIP1,17,61683371,na,na,Likely benign,0
BRCA2,13,32356412,na,na,Likely benign,0
CHEK2,22,28725041,na,na,Likely benign,0
BRCA1,17,43093044,na,na,Likely benign,0
ATM,11,108333879,na,na,Likely benign,0
BRIP1,17,61857123,na,na,Pathogenic,1
BRCA2,13,32394676,na,na,Likely benign,0
BARD1,2,214809411,na,na,Likely pathogenic,1
BRCA2,13,32325176,na,na,Likely benign,0
BRIP1,17,61686034,na,na,Pathogenic,1
BRIP1,17,61808450,na,na,Likely benign,0
ATM,11,108329044,na,na,Pathogenic,1
BRIP1,17,61683800,na,na,Likely benign,0
PALB2,16,23614105,na,na,Likely benign,0
ATM,11,108271051,na,na,Likely benign,0
PALB2,16,23614079,na,na,Likely benign,0
BRCA2,13,32333394,na,na,Likely benign,0
ATM,11,108282691,na,na,Likely benign,0
BRIP1,17,61743040,na,na,Likely benign,0
BRCA2,13,32338534,na,na,Likely benign,0
CHEK2,22,28725230,na,na,Likely benign,0
BRCA1,17,43091625,na,na,Likely benign,0
BRIP1,17,61780961,na,na,Pathogenic,1
BRCA2,13,32397062,na,na,Likely benign,0
BRCA2,13,32363515,na,na,Likely benign,0
PALB2,16,23635397,na,na,Likely benign,0
BRCA1,17,43092072,na,na,Likely benign,0
BRCA1,17,43092531,na,na,Likely benign,0
BRCA1,17,43091526,na,na,Likely benign,0
ATM,11,108327641,na,na,Likely benign,0
BRCA2,13,32371112,na,na,Likely benign,0
BRIP1,17,61780244,na,na,Likely benign,0
BRCA1,17,43091424,na,na,Likely benign,0
CHEK2,22,28689115,na,na,Likely benign,0
BRCA1,17,43071120,na,na,Likely benign,0
RAD51D,17,35103559,na,na,Likely benign,0
BRCA1,17,43067707,na,na,Likely benign,0
BRCA1,17,43104103,na,na,Likely benign,0
BRCA2,13,32340145,na,na,Likely benign,0
BRCA2,13,32340724,na,na,Likely benign,0
BRIP1,17,61801475,na,na,Likely pathogenic,1
RAD51D,17,35107136,na,na,Likely benign,0
ATM,11,108259077,na,na,Likely pathogenic,1
BRCA1,17,43094808,na,na,Likely benign,0
BARD1,2,214792450,na,na,Likely benign,0
BARD1,2,214792412,na,na,Pathogenic,1
BRCA2,13,32316409,na,na,Likely benign,0
BRCA1,17,43095935,na,na,Likely benign,0
BRCA2,13,32398170,na,na,Likely benign,0
PALB2,16,23635010,na,na,Pathogenic,1
BRCA1,17,43099886,na,na,Likely benign,0
BRCA2,13,32338915,na,na,Likely benign,0
BRCA2,13,32398146,na,na,Likely benign,0
BRCA2,13,32398148,na,na,Likely benign,0
CHEK2,22,28689134,na,na,Pathogenic,1
CHEK2,22,28710023,na,na,Likely benign,0
BRCA1,17,43071246,na,na,Likely benign,0
BRCA1,17,43076562,na,na,Likely benign,0
NPRL3,16,100374,na,na,Likely benign,0
BRIP1,17,61801478,na,na,Likely benign,0
CHEK2,22,28695692,na,na,Likely benign,0
BRCA2,13,32370571,na,na,Likely benign,0
PALB2,16,23629940,na,na,Likely benign,0
BRIP1,17,61780420,na,na,Likely benign,0
AGK,7,141651628,na,na,Likely benign,0
BARD1,2,214769221,na,na,Likely benign,0
ATM,11,108272741,na,na,Pathogenic,1
PALB2,16,23629997,na,na,Likely benign,0
AXL,19,41257564,na,na,Likely benign,0
RAD51D,17,35118547,na,na,Pathogenic,1
ATM,11,108235829,na,na,Pathogenic,1
PALB2,16,23634842,na,na,Likely benign,0
BRIP1,17,61780821,na,na,Likely benign,0
TENM3,4,182737062,na,na,Benign,0
BARD1,2,214745049,na,na,Likely benign,0
BRCA2,13,32336422,na,na,Likely benign,0
BRCA2,13,32326236,na,na,Likely benign,0
ATM,11,108251017,na,na,Pathogenic,1
BRCA2,13,32370567,na,na,Likely benign,0
BARD1,2,214729018,na,na,Likely benign,0
BRIP1,17,61683356,na,na,Likely benign,0
BRCA2,13,32337749,na,na,Pathogenic,1
BRCA1,17,43099900,na,na,Likely benign,0
CHEK2,22,28695117,na,na,Likely benign,0
BRIP1,17,61847217,na,na,Pathogenic,1
BRIP1,17,61784251,na,na,Likely benign,0
BRCA2,13,32339063,na,na,Likely benign,0
BRCA2,13,32397052,na,na,Likely benign,0
BRCA1,17,43091874,na,na,Benign,0
BRCA2,13,32344565,na,na,Likely benign,0
PALB2,16,23629748,na,na,Likely benign,0
CHEK2,22,28694133,na,na,Likely benign,0
BRCA1,17,43099889,na,na,Likely benign,0
PALB2,16,23622951,na,na,Likely benign,0
PALB2,16,23635721,na,na,Likely benign,0
BRCA2,13,32319336,na,na,Likely benign,0
BRCA2,13,32338498,na,na,Likely benign,0
PALB2,16,23624111,na,na,Likely benign,0
CHEK2,22,28694100,na,na,Pathogenic,1
PALB2,16,23635835,na,na,Likely benign,0
REL,2,60918377,na,na,Likely benign,0
PALB2,16,23630475,na,na,Likely benign,0
BRCA2,13,32337505,na,na,Likely benign,0
BRCA1,17,43097237,na,na,Likely benign,0
CHEK2,22,28691731,na,na,Pathogenic,1
BRCA2,13,32338108,na,na,Likely benign,0
PALB2,16,23641092,na,na,Likely benign,0
BARD1,2,214797114,na,na,Likely benign,0
BRCA2,13,32371110,na,na,Likely benign,0
BRCA1,17,43094529,na,na,Likely benign,0
BARD1,2,214780553,na,na,Likely benign,0
BRCA1,17,43076520,na,na,Likely benign,0
PALB2,16,23635202,na,na,Likely benign,0
BRCA2,13,32394950,na,na,Likely benign,0
BARD1,2,214797090,na,na,Likely benign,0
CHEK2,22,28697001,na,na,Likely benign,0
COASY,17,42565469,na,na,Likely pathogenic,1
BRCA2,13,32363372,na,na,Likely pathogenic,1
BRCA2,13,32315677,na,na,Likely benign,0
ATM,11,108246956,na,na,Likely benign,0
ANTXR1,2,69182531,na,na,Benign,0
BRIP1,17,61780408,na,na,Likely benign,0
KIF23,15,69440981,na,na,Likely benign,0
CHEK2,22,28725224,na,na,Likely benign,0
BRCA1,17,43097230,na,na,Likely benign,0
BRCA2,13,32329429,na,na,Likely benign,0
TBCD,17,82900642,na,na,Likely benign,0
ATM,11,108272703,na,na,Likely benign,0
CHEK2,22,28719393,na,na,Likely pathogenic,1
BRIP1,17,61744566,na,na,Pathogenic,1
NAXD,13,110634665,na,na,Benign,0
CHEK2,22,28687984,na,na,Likely benign,0
EPRS1,1,219988585,na,na,Likely benign,0
FCSK,16,70475771,na,na,Benign,0
BRCA2,13,32340716,na,na,Pathogenic,1
BRCA2,13,32379493,na,na,Likely benign,0
BRCA1,17,43124124,na,na,Likely benign,0
LAMA5,20,62345859,na,na,Likely benign,0
CEP104,1,3823255,na,na,Benign,0
BRCA2,13,32332678,na,na,Likely benign,0
RAD51D,17,35103555,na,na,Likely benign,0
SERPINB8,18,63979936,na,na,Likely benign,0
CHEK2,22,28703582,na,na,Likely benign,0
BARD1,2,214745747,na,na,Likely benign,0
BRCA2,13,32339841,na,na,Pathogenic,1
PALB2,16,23637837,na,na,Likely benign,0
BRCA2,13,32398374,na,na,Likely benign,0
BRIP1,17,61784436,na,na,Likely benign,0
BRCA2,13,32339794,na,na,Likely benign,0
ATM,11,108335841,na,na,Likely benign,0
PGAP1,2,196847214,na,na,Likely benign,0
PALB2,16,23634997,na,na,Pathogenic,1
FECH,18,57571471,na,na,Benign,0
ATM,11,108250891,na,na,Pathogenic,1
RAD51D,17,35119095,na,na,Likely benign,0
PALB2,16,23629212,na,na,Pathogenic,1
BRIP1,17,61784440,na,na,Likely benign,0
CHEK2,22,28699957,na,na,Likely benign,0
FAT2,5,151546167,na,na,Benign,0
BRCA1,17,43093989,na,na,Likely benign,0
BRIP1,17,61744505,na,na,Likely benign,0
PALB2,16,23629892,na,na,Likely benign,0
PALB2,16,23635889,na,na,Likely benign,0
BRIP1,17,61776384,na,na,Likely benign,0
BRIP1,17,61693489,na,na,Pathogenic,1
BRCA1,17,43125252,na,na,Likely benign,0
BRCA1,17,43067551,na,na,Benign,0
BRIP1,17,61776387,na,na,Likely benign,0
BRCA1,17,43092330,na,na,Likely benign,0
BRCA2,13,32339701,na,na,Likely benign,0
CHEK2,22,28699821,na,na,Likely benign,0
ATIC,2,215318175,na,na,Likely benign,0
CHEK2,22,28696892,na,na,Likely benign,0
BRIP1,17,61859899,na,na,Likely benign,0
BRCA2,13,32338541,na,na,Pathogenic,1
PALB2,16,23629625,na,na,Likely benign,0
NCKAP1L,12,54526752,na,na,Benign,0
BRCA2,13,32355303,na,na,Likely benign,0
BRIP1,17,61859779,na,na,Likely benign,0
BRCA2,13,32337480,na,na,Pathogenic,1
ATM,11,108227897,na,na,Likely benign,0
BRCA1,17,43071219,na,na,Likely benign,0
PALB2,16,23634845,na,na,Likely benign,0
BRCA2,13,32397052,na,na,Likely benign,0
BRCA2,13,32339500,na,na,Likely benign,0
BRCA2,13,32363503,na,na,Likely benign,0
BRCA2,13,32336938,na,na,Likely benign,0
NUP107,12,68719342,na,na,Likely benign,0
BRCA2,13,32340967,na,na,Likely benign,0
BRIP1,17,61801490,na,na,Likely benign,0
BRCA1,17,43092246,na,na,Likely benign,0
PALB2,16,23635529,na,na,Likely benign,0
BRCA2,13,32398335,na,na,Likely benign,0
BRCA1,17,43090925,na,na,Likely benign,0
RELN,7,103833536,na,na,Likely pathogenic,1
BRCA2,13,32337766,na,na,Likely benign,0
BRCA2,13,32333272,na,na,Likely benign,0
BRCA2,13,32332997,na,na,Pathogenic,1
CHEK2,22,28724957,na,na,Likely benign,0
BRCA2,13,32346876,na,na,Likely benign,0
BRCA2,13,32326574,na,na,Likely benign,0
BRCA2,13,32331043,na,na,Likely benign,0
BRCA1,17,43057154,na,na,Likely benign,0
PALB2,16,23613986,na,na,Likely benign,0
RAD51D,17,35103239,na,na,Likely benign,0
BRCA2,13,32394834,na,na,Likely benign,0
BRIP1,17,61683911,na,na,Likely benign,0
BRCA2,13,32332957,na,na,Likely benign,0
BRCA2,13,32316508,na,na,Likely benign,0
BRCA2,13,32340424,na,na,Likely benign,0
RAD51D,17,35119515,na,na,Likely benign,0
BRIP1,17,61801313,na,na,Likely benign,0
PALB2,16,23637963,na,na,Likely benign,0
BRCA2,13,32363287,na,na,Likely benign,0
BRCA1,17,43094331,na,na,Likely benign,0
BRCA2,13,32333311,na,na,Likely benign,0
BRCA2,13,32332567,na,na,Likely benign,0
RAD51D,17,35103557,na,na,Likely benign,0
BRCA2,13,32337436,na,na,Likely benign,0
BRCA2,13,32371119,na,na,Likely benign,0
PALB2,16,23621492,na,na,Likely benign,0
BRCA1,17,43099895,na,na,Likely benign,0
BRCA2,13,32396883,na,na,Likely benign,0
BRCA2,13,32379524,na,na,Likely benign,0
BRIP1,17,61684130,na,na,Likely benign,0
CDH1,16,68828192,na,na,Pathogenic,1
PALB2,16,23637832,na,na,Likely benign,0
RAD51D,17,35101046,na,na,Likely benign,0
BRCA2,13,32340344,na,na,Likely benign,0
BRCA2,13,32332927,na,na,Likely benign,0
BARD1,2,214792320,na,na,Pathogenic,1
COL9A3,20,62837067,na,na,Likely benign,0
CHEK2,22,28724968,na,na,Likely benign,0
BRCA2,13,32319101,na,na,Likely pathogenic,1
BRCA2,13,32332921,na,na,Likely benign,0
BRIP1,17,61857061,na,na,Pathogenic,1
CHEK2,22,28703495,na,na,Likely benign,0
BARD1,2,214745047,na,na,Likely benign,0
CHEK2,22,28725363,na,na,Pathogenic,1
BRCA2,13,32379526,na,na,Likely benign,0
RAD51D,17,35107127,na,na,Likely benign,0
BRCA1,17,43092390,na,na,Likely benign,0
RAD51C,17,58696772,na,na,Pathogenic,1
ATM,11,108244773,na,na,Likely benign,0
BRCA2,13,32339644,na,na,Likely benign,0
BRCA1,17,43104215,na,na,Likely benign,0
CHEK2,22,28710079,na,na,Likely benign,0
BRCA2,13,32379322,na,na,Likely benign,0
BRCA2,13,32339419,na,na,Likely benign,0
BRCA2,13,32319061,na,na,Likely benign,0
BRCA2,13,32339815,na,na,Pathogenic,1
BRCA1,17,43074401,na,na,Likely benign,0
CHEK2,22,28695126,na,na,Likely pathogenic,1
BRCA2,13,32337370,na,na,Likely benign,0
CHEK2,22,28687988,na,na,Likely pathogenic,1
BRCA1,17,43094211,na,na,Likely benign,0
BRCA2,13,32354924,na,na,Likely benign,0
BRCA2,13,32355026,na,na,Likely benign,0
BRCA2,13,32333069,na,na,Pathogenic,1
BRCA1,17,43071141,na,na,Likely benign,0
PALB2,16,23637884,na,na,Likely benign,0
ATM,11,108315816,na,na,Likely benign,0
PALB2,16,23630303,na,na,Likely benign,0
BARD1,2,214730396,na,na,Likely benign,0
BRIP1,17,61686076,na,na,Pathogenic,1
BARD1,2,214780887,na,na,Likely benign,0
BRCA1,17,43093731,na,na,Likely benign,0
BRIP1,17,61857122,na,na,Likely benign,0
BRCA2,13,32376806,na,na,Likely benign,0
BRCA1,17,43067714,na,na,Likely benign,0
MRPL44,2,223966855,na,na,Likely benign,0
BRCA1,17,43094820,na,na,Likely benign,0
CHEK2,22,28709989,na,na,Likely benign,0
BRCA2,13,32340589,na,na,Likely benign,0
BRCA2,13,32337844,na,na,Likely benign,0
BRCA2,13,32346818,na,na,Likely benign,0
BRCA1,17,43094220,na,na,Likely benign,0
BRCA1,17,43099824,na,na,Likely benign,0
BRCA2,13,32356570,na,na,Likely benign,0
RAD51D,17,35106391,na,na,Pathogenic,1
BRCA2,13,32325125,na,na,Likely benign,0
BRCA2,13,32326119,na,na,Likely benign,0
BRIP1,17,61716013,na,na,Likely benign,0
BRCA2,13,32339455,na,na,Likely benign,0
BRCA1,17,43071254,na,na,Likely benign,0
RAD51D,17,35119524,na,na,Likely benign,0
PALB2,16,23623139,na,na,Likely benign,0
BRIP1,17,61776386,na,na,Likely benign,0
BARD1,2,214809397,na,na,Likely benign,0
PALB2,16,23614101,na,na,Likely benign,0
BRCA2,13,32394696,na,na,Likely benign,0
BRCA2,13,32333014,na,na,Likely benign,0
BARD1,2,214809533,na,na,Likely benign,0
BRCA2,13,32398227,na,na,Likely benign,0
BRCA1,17,43082588,na,na,Likely benign,0
RAD51D,17,35103241,na,na,Likely benign,0
BRCA2,13,32341207,na,na,Likely benign,0
BARD1,2,214792427,na,na,Pathogenic,1
ATM,11,108343380,na,na,Likely benign,0
PALB2,16,23635454,na,na,Likely benign,0
BRCA1,17,43074319,na,na,Likely benign,0
RAD51C,17,58709849,na,na,Likely benign,0
PALB2,16,23636200,na,na,Likely benign,0
BRIP1,17,61799168,na,na,Likely benign,0
BRCA2,13,32336347,na,na,Likely benign,0
BRIP1,17,61684073,na,na,Likely benign,0
RAD51D,17,35119575,na,na,Likely benign,0
BRCA1,17,43093578,na,na,Likely benign,0
CHEK2,22,28719478,na,na,Likely benign,0
DHX37,12,124967221,na,na,Benign,0
BARD1,2,214792331,na,na,Likely benign,0
BRIP1,17,61808455,na,na,Likely benign,0
PALB2,16,23635865,na,na,Likely benign,0
BRCA2,13,32336818,na,na,Likely benign,0
BRCA2,13,32394680,na,na,Likely benign,0
BRIP1,17,61784256,na,na,Likely benign,0
RAD51D,17,35101213,na,na,Likely benign,0
BRCA1,17,43074338,na,na,Likely benign,0
ATM,11,108365062,na,na,Likely benign,0
PALB2,16,23630216,na,na,Likely benign,0
BRCA1,17,43071249,na,na,Likely benign,0
BARD1,2,214728904,na,na,Likely benign,0
BRCA2,13,32376697,na,na,Pathogenic,1
BRCA1,17,43091793,na,na,Likely benign,0
BRCA2,13,32319063,na,na,Likely benign,0
BRCA1,17,43092210,na,na,Likely benign,0
BRIP1,17,61776440,na,na,Likely benign,0
BRCA2,13,32315668,na,na,Likely pathogenic,1
CHEK2,22,28719409,na,na,Likely benign,0
EIF2AK1,7,6026830,na,na,Benign,0
BRIP1,17,61715950,na,na,Likely pathogenic,1
BARD1,2,214781403,na,na,Likely benign,0
BRIP1,17,61780826,na,na,Likely benign,0
CHEK2,22,28695712,na,na,Likely benign,0
BRCA2,13,32370388,na,na,Likely benign,0
PALB2,16,23621471,na,na,Pathogenic,1
BRCA2,13,32398594,na,na,Likely benign,0
CHEK2,22,28695881,na,na,Likely benign,0
BRCA2,13,32333095,na,na,Likely benign,0
BRCA2,13,32355254,na,na,Likely benign,0
CHEK2,22,28694021,na,na,Likely benign,0
PALB2,16,23621491,na,na,Likely benign,0
RAD51D,17,35103509,na,na,Likely benign,0
BRCA2,13,32370944,na,na,Likely benign,0
BRCA2,13,32340373,na,na,Likely benign,0
BARD1,2,214729021,na,na,Likely benign,0
PALB2,16,23607971,na,na,Likely benign,0
BRIP1,17,61684153,na,na,Likely benign,0
PALB2,16,23629186,na,na,Likely benign,0
CHEK2,22,28703519,na,na,Pathogenic,1
BARD1,2,214767660,na,na,Likely benign,0
BRCA2,13,32394720,na,na,Likely benign,0
PALB2,16,23621427,na,na,Likely benign,0
RAD51D,17,35103244,na,na,Likely benign,0
CHEK2,22,28696900,na,na,Likely pathogenic,1
RAD51D,17,35101188,na,na,Likely benign,0
BARD1,2,214780686,na,na,Likely benign,0
BRCA2,13,32332462,na,na,Likely benign,0
BRIP1,17,61859915,na,na,Likely benign,0
BRIP1,17,61684157,na,na,Likely benign,0
BRCA2,13,32319306,na,na,Likely benign,0
PALB2,16,23624113,na,na,Likely benign,0
BRCA2,13,32363534,na,na,Pathogenic,1
BRIP1,17,61793745,na,na,Likely benign,0
CHEK2,22,28710036,na,na,Likely benign,0
BRCA1,17,43045772,na,na,Likely pathogenic,1
BRCA2,13,32336855,na,na,Likely benign,0
BRCA2,13,32362585,na,na,Likely pathogenic,1
PALB2,16,23634905,na,na,Likely benign,0
BRCA1,17,43094174,na,na,Pathogenic,1
BARD1,2,214780782,na,na,Likely benign,0
BRCA2,13,32354984,na,na,Likely benign,0
BRCA2,13,32398647,na,na,Likely benign,0
BRCA1,17,43057154,na,na,Likely benign,0
BRIP1,17,61801488,na,na,Likely benign,0
BRCA1,17,43093137,na,na,Likely benign,0
BRCA2,13,32370951,na,na,Likely benign,0
TAC4,17,49844072,na,na,Likely benign,0
IL17RE,3,9913960,na,na,Likely benign,0
GCC2,2,108492583,na,na,Likely benign,0
MTCL1,18,8798158,na,na,Likely benign,0
KAT8,16,31127088,na,na,Likely benign,0
NXF3,X,103092998,na,na,Likely benign,0
NUP153,6,17626050,na,na,Likely benign,0
CCDC191,3,114042711,na,na,Likely benign,0
TRAF2,9,136920346,na,na,Likely benign,0
TMEM18,2,672826,na,na,Likely benign,0
FERMT2,14,52861025,na,na,Likely benign,0
ATM,11,108272516,na,na,Likely benign,0
BRCA2,13,32355024,na,na,Likely pathogenic,1
STAC3,12,57244872,na,na,Likely benign,0
ATM,11,108331443,na,na,Likely pathogenic,1
ATM,11,108229324,na,na,Likely pathogenic,1
BRCA2,13,32376669,na,na,Likely pathogenic,1
BRCA2,13,32338070,na,na,Pathogenic,1
ATM,11,108268611,na,na,Likely pathogenic,1
ATM,11,108304850,na,na,Pathogenic,1
PALB2,16,23635692,na,na,Pathogenic,1
BRCA2,13,32396915,na,na,Pathogenic,1
ATM,11,108293323,na,na,Pathogenic,1
PIEZO2,18,10750090,na,na,Likely pathogenic,1
BRIP1,17,61793730,na,na,Likely pathogenic,1
PHKA2,X,18943709,na,na,Likely pathogenic,1
BRCA2,13,32363326,na,na,Likely benign,0
BRCA1,17,43091931,na,na,Likely benign,0
BRCA1,17,43092777,na,na,Likely benign,0
BRCA1,17,43092834,na,na,Likely benign,0
CHEK2,22,28703503,na,na,Likely pathogenic,1
BRCA2,13,32337421,na,na,Likely benign,0
BRCA2,13,32332963,na,na,Likely benign,0
BRCA2,13,32338645,na,na,Likely benign,0
BRCA2,13,32338168,na,na,Likely benign,0
PALB2,16,23636266,na,na,Pathogenic,1
PALB2,16,23629639,na,na,Likely pathogenic,1
BRCA2,13,32398662,na,na,Likely benign,0
BRIP1,17,61780405,na,na,Likely benign,0
SYCP2,20,59865818,na,na,Likely benign,0
CDH1,16,68801891,na,na,Pathogenic,1
BRIP1,17,61861482,na,na,Likely pathogenic,1
ATM,11,108295014,na,na,Pathogenic,1
ANKRD13A,12,110033804,na,na,Likely benign,0
BRCA2,13,32332645,na,na,Likely benign,0
BRCA2,13,32338663,na,na,Likely benign,0
BRCA2,13,32338862,na,na,Likely benign,0
BRCA2,13,32340352,na,na,Likely benign,0
BRCA2,13,32398644,na,na,Likely benign,0
BRCA2,13,32340859,na,na,Likely benign,0
PALB2,16,23622970,na,na,Pathogenic,1
BARD1,2,214752446,na,na,Likely pathogenic,1
BARD1,2,214780913,na,na,Pathogenic,1
BRCA1,17,43092568,na,na,Pathogenic,1
BRCA1,17,43094111,na,na,Likely benign,0
ATM,11,108315889,na,na,Pathogenic,1
RAD51C,17,58692789,na,na,Likely pathogenic,1
ATM,11,108271234,na,na,Likely benign,0
ATM,11,108271233,na,na,Likely benign,0
ATM,11,108243938,na,na,Likely benign,0
BRCA2,13,32346707,na,na,Benign,0
PALB2,16,23634986,na,na,Pathogenic,1
BRCA2,13,32333326,na,na,Pathogenic,1
RAD51C,17,58692790,na,na,Likely pathogenic,1
BARD1,2,214769284,na,na,Pathogenic,1
BRCA1,17,43092885,na,na,Pathogenic,1
ATM,11,108287598,na,na,Likely pathogenic,1
BRIP1,17,61859908,na,na,Likely pathogenic,1
PALB2,16,23635672,na,na,Pathogenic,1
BRIP1,17,61683659,na,na,Likely benign,0
PALB2,16,23623131,na,na,Likely pathogenic,1
BRCA2,13,32341196,na,na,Likely pathogenic,1
PALB2,16,23621496,na,na,Likely benign,0
BRCA2,13,32333110,na,na,Likely benign,0
BRCA2,13,32362587,na,na,Pathogenic,1
SYT1,12,79217494,na,na,Likely benign,0
PALB2,16,23635003,na,na,Pathogenic,1
PALB2,16,23635411,na,na,Pathogenic,1
BRCA2,13,32341013,na,na,Likely pathogenic,1
BRCA1,17,43097300,na,na,Likely benign,0
ATM,11,108299837,na,na,Pathogenic,1
BRIP1,17,61861446,na,na,Likely pathogenic,1
CHEK2,22,28725369,na,na,Likely pathogenic,1
BARD1,2,214752445,na,na,Likely pathogenic,1
BRIP1,17,61744495,na,na,Pathogenic,1
PALB2,16,23635555,na,na,Pathogenic,1
BARD1,2,214745796,na,na,Pathogenic,1
CHEK2,22,28724976,na,na,Likely pathogenic,1
BARD1,2,214781338,na,na,Pathogenic,1
CHEK2,22,28725070,na,na,Likely pathogenic,1
BARD1,2,214781273,na,na,Pathogenic,1
BARD1,2,214781072,na,na,Pathogenic,1
BRIP1,17,61685978,na,na,Pathogenic,1
BARD1,2,214767655,na,na,Likely pathogenic,1
BRIP1,17,61849145,na,na,Pathogenic,1
BARD1,2,214728970,na,na,Pathogenic,1
BARD1,2,214767519,na,na,Pathogenic,1
BARD1,2,214752466,na,na,Pathogenic,1
CHEK2,22,28734472,na,na,Pathogenic,1
CHEK2,22,28703522,na,na,Pathogenic,1
CHEK2,22,28719442,na,na,Pathogenic,1
BRIP1,17,61686126,na,na,Pathogenic,1
BRIP1,17,61799281,na,na,Pathogenic,1
BARD1,2,214781177,na,na,Pathogenic,1
BARD1,2,214767655,na,na,Likely pathogenic,1
ATM,11,108251074,na,na,Likely pathogenic,1
BARD1,2,214767656,na,na,Likely pathogenic,1
BRIP1,17,61744590,na,na,Pathogenic,1
CHEK2,22,28710017,na,na,Pathogenic,1
BRIP1,17,61780394,na,na,Pathogenic,1
BRIP1,17,61784269,na,na,Likely pathogenic,1
CDH1,16,68829780,na,na,Pathogenic,1
BRIP1,17,61859795,na,na,Likely pathogenic,1
BRIP1,17,61799301,na,na,Likely pathogenic,1
BRIP1,17,61743011,na,na,Likely pathogenic,1
BRIP1,17,61793686,na,na,Pathogenic,1
BARD1,2,214792295,na,na,Likely pathogenic,1
BRIP1,17,61784367,na,na,Pathogenic,1
CHEK2,22,28724994,na,na,Pathogenic,1
BRIP1,17,61780346,na,na,Pathogenic,1
BRIP1,17,61847130,na,na,Pathogenic,1
BRIP1,17,61808685,na,na,Pathogenic,1
CHEK2,22,28696921,na,na,Pathogenic,1
BARD1,2,214745856,na,na,Likely pathogenic,1
CHEK2,22,28703509,na,na,Pathogenic,1
BRIP1,17,61847160,na,na,Pathogenic,1
CHEK2,22,28696978,na,na,Pathogenic,1
BRIP1,17,61859819,na,na,Pathogenic,1
BRIP1,17,61784425,na,na,Likely pathogenic,1
BARD1,2,214792375,na,na,Pathogenic,1
BARD1,2,214781406,na,na,Pathogenic,1
BRIP1,17,61847180,na,na,Pathogenic,1
BRIP1,17,61857190,na,na,Pathogenic,1
BRIP1,17,61686085,na,na,Pathogenic,1
BRIP1,17,61744430,na,na,Likely pathogenic,1
ATM,11,108295067,na,na,Likely benign,0
CHEK2,22,28696988,na,na,Likely pathogenic,1
BARD1,2,214781192,na,na,Pathogenic,1
CHEK2,22,28725368,na,na,Likely pathogenic,1
CHEK2,22,28687987,na,na,Likely pathogenic,1
CHEK2,22,28724975,na,na,Likely pathogenic,1
CHEK2,22,28694049,na,na,Pathogenic,1
CHEK2,22,28695198,na,na,Pathogenic,1
CHEK2,22,28695708,na,na,Likely pathogenic,1
BRIP1,17,61780296,na,na,Pathogenic,1
BRIP1,17,61849209,na,na,Pathogenic,1
BRIP1,17,61847162,na,na,Pathogenic,1
BRIP1,17,61784394,na,na,Pathogenic,1
BRIP1,17,61686142,na,na,Pathogenic,1
BARD1,2,214769241,na,na,Pathogenic,1
BARD1,2,214809469,na,na,Pathogenic,1
BRIP1,17,61743136,na,na,Likely pathogenic,1
BRIP1,17,61784268,na,na,Likely pathogenic,1
BRIP1,17,61849167,na,na,Pathogenic,1
BRIP1,17,61808758,na,na,Likely pathogenic,1
BARD1,2,214767574,na,na,Pathogenic,1
CHEK2,22,28734700,na,na,Pathogenic,1
CHEK2,22,28694051,na,na,Pathogenic,1
BRIP1,17,61859894,na,na,Pathogenic,1
ATM,11,108287599,na,na,Likely pathogenic,1
BRIP1,17,61685971,na,na,Pathogenic,1
BARD1,2,214781285,na,na,Pathogenic,1
CHEK2,22,28711908,na,na,Likely pathogenic,1
BRIP1,17,61849134,na,na,Pathogenic,1
BRIP1,17,61686167,na,na,Likely pathogenic,1
BRIP1,17,61743136,na,na,Likely pathogenic,1
CHEK2,22,28711922,na,na,Pathogenic,1
CHEK2,22,28695175,na,na,Pathogenic,1
BARD1,2,214752446,na,na,Likely pathogenic,1
BARD1,2,214809420,na,na,Pathogenic,1
PALB2,16,23637870,na,na,Pathogenic,1
CHEK2,22,28695167,na,na,Pathogenic,1
BARD1,2,214781345,na,na,Pathogenic,1
CHEK2,22,28703568,na,na,Likely pathogenic,1
CHEK2,22,28710035,na,na,Pathogenic,1
BRIP1,17,61776532,na,na,Pathogenic,1
CHEK2,22,28734481,na,na,Pathogenic,1
BRIP1,17,61847106,na,na,Pathogenic,1
PALB2,16,23623132,na,na,Likely pathogenic,1
BARD1,2,214767520,na,na,Likely benign,0
BRCA1,17,43071045,na,na,Likely benign,0
BRCA1,17,43094691,na,na,Likely benign,0
PALB2,16,23630414,na,na,Pathogenic,1
BRCA2,13,32398602,na,na,Likely benign,0
BRCA2,13,32338468,na,na,Likely benign,0
PRUNE2,9,76629258,na,na,Likely benign,0
BRCA2,13,32379347,na,na,Likely benign,0
BRCA2,13,32398653,na,na,Likely benign,0
BRCA2,13,32332648,na,na,Likely benign,0
BRCA2,13,32339125,na,na,Likely benign,0
BRCA2,13,32336593,na,na,Likely benign,0
BRCA2,13,32338189,na,na,Likely benign,0
DEPDC5,22,31876266,na,na,Likely pathogenic,1
ATM,11,108331492,na,na,Pathogenic,1
BRIP1,17,61686109,na,na,Likely benign,0
ACER3,11,76990572,na,na,Pathogenic,1
ANTXR2,4,80035971,na,na,Likely pathogenic,1
GPNMB,7,23260454,na,na,Likely pathogenic,1
CHEK2,22,28725263,na,na,Pathogenic,1
DRAXIN,1,11706436,na,na,Likely benign,0
AADACL3,1,12725783,na,na,Likely benign,0
LAMC1,1,183126268,na,na,Likely benign,0
TROAP,12,49330474,na,na,Likely benign,0
ERBB3,12,56087640,na,na,Likely benign,0
EXOC3L1,16,67186596,na,na,Likely benign,0
RRP12,10,97381775,na,na,Likely benign,0
TTC12,11,113365066,na,na,Likely benign,0
PSME1,14,24137740,na,na,Likely benign,0
ADCY4,14,24329061,na,na,Likely benign,0
RNF151,16,1967427,na,na,Likely benign,0
C16orf96,16,4594481,na,na,Likely benign,0
SLFN5,17,35264490,na,na,Likely benign,0
CSMD2,1,33602536,na,na,Likely benign,0
ANKRD30A,10,37165094,na,na,Likely benign,0
TET1,10,68686353,na,na,Likely benign,0
UNC93B1,11,67999383,na,na,Likely benign,0
KMT5B,11,68171035,na,na,Likely benign,0
ARAP1,11,72714318,na,na,Likely benign,0
FARP1,13,98377872,na,na,Likely benign,0
TMED3,15,79311418,na,na,Likely benign,0
SLC2A4,17,7285140,na,na,Likely benign,0
BABAM2,2,28310080,na,na,Likely benign,0
OBSCN,1,228273538,na,na,Likely benign,0
SPTY2D1,11,18634194,na,na,Likely benign,0
NAV2,11,20062359,na,na,Likely benign,0
TJP1,15,29720706,na,na,Likely benign,0
VPS18,15,40900342,na,na,Likely benign,0
SPTBN5,15,41853388,na,na,Benign,0
CCDC178,18,33370050,na,na,Likely benign,0
CLDND2,19,51367458,na,na,Benign,0
ZNF350,19,51965274,na,na,Likely benign,0
ZNF142,2,218643354,na,na,Likely benign,0
PSMD1,2,231161336,na,na,Likely benign,0
ESPNL,2,238132186,na,na,Likely benign,0
SCN7A,2,166409937,na,na,Benign,0
CYP2D6,22,42127852,na,na,Likely benign,0
NUP210,3,13343286,na,na,Likely benign,0
BANK1,4,101895403,na,na,Likely benign,0
SAMD12,8,118439834,na,na,Likely benign,0
BOD1L1,4,13600605,na,na,Likely benign,0
N4BP2,4,40121966,na,na,Likely benign,0
MICA,6,31410798,na,na,Likely benign,0
ABHD16A,6,31693102,na,na,Likely benign,0
TRERF1,6,42236277,na,na,Likely benign,0
CDHR3,7,106016025,na,na,Likely benign,0
PTN,7,137251230,na,na,Likely benign,0
TMEM139,7,143286202,na,na,Likely benign,0
PABPC1L,20,44918956,na,na,Likely benign,0
ZNF217,20,53577003,na,na,Likely benign,0
ITSN1,21,33797505,na,na,Likely benign,0
LRRC58,3,120335948,na,na,Likely benign,0
NEK11,3,131133948,na,na,Likely benign,0
MUC4,3,195782231,na,na,Likely benign,0
CD74,5,150402253,na,na,Likely benign,0
TBC1D9B,5,179871526,na,na,Benign,0
MRPS17,7,55954903,na,na,Likely benign,0
RFC2,7,74249121,na,na,Benign,0
SMURF1,7,99047708,na,na,Likely benign,0
NUP188,9,128999801,na,na,Likely benign,0
ITGA9,3,37629188,na,na,Benign,0
GLT8D1,3,52697884,na,na,Likely benign,0
SLF1,5,94649596,na,na,Likely benign,0
IGF2R,6,160061617,na,na,Likely benign,0
RIC1,9,5757337,na,na,Likely benign,0
TTC39B,9,15214239,na,na,Likely benign,0
SMU1,9,33068872,na,na,Likely benign,0
CDKN2B,9,22003224,na,na,Likely pathogenic,1
RAD51C,17,58720745,na,na,Likely pathogenic,1
BARD1,2,214780607,na,na,Likely pathogenic,1
BARD1,2,214728775,na,na,Likely pathogenic,1
BBS1,11,66521377,na,na,Likely pathogenic,1
BRCA1,17,43074495,na,na,Likely pathogenic,1
BRCA1,17,43092188,na,na,Likely pathogenic,1
ATM,11,108244805,na,na,Likely pathogenic,1
ATM,11,108294927,na,na,Pathogenic,1
ATM,11,108282742,na,na,Likely pathogenic,1
ATM,11,108332887,na,na,Likely pathogenic,1
ATM,11,108287712,na,na,Pathogenic,1
ATM,11,108326199,na,na,Likely pathogenic,1
ATM,11,108253981,na,na,Pathogenic,1
ATM,11,108332845,na,na,Likely pathogenic,1
ATM,11,108347278,na,na,Pathogenic,1
ATM,11,108244970,na,na,Likely pathogenic,1
PALB2,16,23637954,na,na,Likely pathogenic,1
BRCA2,13,32339043,na,na,Likely pathogenic,1
BRCA2,13,32396897,na,na,Likely pathogenic,1
BRCA2,13,32336263,na,na,Likely pathogenic,1
BRCA2,13,32332523,na,na,Likely pathogenic,1
BRIP1,17,61780905,na,na,Likely pathogenic,1
ALKBH8,11,107510892,na,na,Likely benign,0
VPS35L,16,19629820,na,na,Likely benign,0
ATM,11,108330255,na,na,Pathogenic,1
BARD1,2,214781437,na,na,Pathogenic,1
PALB2,16,23626398,na,na,Likely pathogenic,1
PALB2,16,23626234,na,na,Likely pathogenic,1
PALB2,16,23607862,na,na,Likely pathogenic,1
PALB2,16,23614093,na,na,Likely pathogenic,1
PALB2,16,23641155,na,na,Likely pathogenic,1
PALB2,16,23621362,na,na,Likely pathogenic,1
PALB2,16,23634954,na,na,Pathogenic,1
PALB2,16,23630086,na,na,Pathogenic,1
PALB2,16,23621465,na,na,Pathogenic,1
PALB2,16,23636134,na,na,Pathogenic,1
PALB2,16,23636233,na,na,Pathogenic,1
PALB2,16,23638123,na,na,Pathogenic,1
PALB2,16,23629710,na,na,Pathogenic,1
PALB2,16,23626249,na,na,Pathogenic,1
PALB2,16,23636076,na,na,Pathogenic,1
PALB2,16,23635132,na,na,Pathogenic,1
PALB2,16,23607976,na,na,Pathogenic,1
PALB2,16,23634964,na,na,Pathogenic,1
PALB2,16,23636278,na,na,Pathogenic,1
PALB2,16,23630262,na,na,Pathogenic,1
BARD1,2,214752451,na,na,Pathogenic,1
PALB2,16,23635582,na,na,Pathogenic,1
PALB2,16,23630206,na,na,Pathogenic,1
PALB2,16,23641125,na,na,Pathogenic,1
BRCA1,17,43076642,na,na,Likely benign,0
PALB2,16,23614066,na,na,Pathogenic,1
PALB2,16,23629857,na,na,Pathogenic,1
PALB2,16,23626326,na,na,Pathogenic,1
PALB2,16,23614086,na,na,Pathogenic,1
PALB2,16,23635544,na,na,Pathogenic,1
PALB2,16,23607973,na,na,Pathogenic,1
PALB2,16,23626380,na,na,Pathogenic,1
PALB2,16,23635435,na,na,Pathogenic,1
PALB2,16,23629710,na,na,Pathogenic,1
PALB2,16,23614086,na,na,Pathogenic,1
PALB2,16,23629980,na,na,Pathogenic,1
PALB2,16,23603617,na,na,Pathogenic,1
PALB2,16,23626337,na,na,Pathogenic,1
PALB2,16,23630313,na,na,Pathogenic,1
BRCA2,13,32326249,na,na,Pathogenic,1
BRCA2,13,32356484,na,na,Pathogenic,1
ATM,11,108252816,na,na,Likely pathogenic,1
BRCA2,13,32338874,na,na,Pathogenic,1
BARD1,2,214792403,na,na,Pathogenic,1
TP53,17,7670669,na,na,Likely benign,0
ATM,11,108302851,na,na,Likely pathogenic,1
BRIP1,17,61683518,na,na,Likely benign,0
BRCA2,13,32338519,na,na,Likely benign,0
BRCA2,13,32398739,na,na,Likely benign,0
BRCA1,17,43094883,na,na,Likely benign,0
BRCA1,17,43094157,na,na,Likely benign,0
BRCA1,17,43094070,na,na,Likely benign,0
BRCA1,17,43093294,na,na,Likely benign,0
BRCA1,17,43092590,na,na,Likely benign,0
BRCA2,13,32337874,na,na,Likely benign,0
BRCA2,13,32339181,na,na,Likely benign,0
BRCA2,13,32339898,na,na,Likely benign,0
BRCA2,13,32340060,na,na,Likely benign,0
BRCA2,13,32340086,na,na,Likely benign,0
PALB2,16,23638116,na,na,Pathogenic,1
PALB2,16,23607887,na,na,Pathogenic,1
OS9,12,57716517,na,na,Likely benign,0
SOCS1,16,11255546,na,na,Benign,0
TRAF3,14,102891266,na,na,Benign,0
NEIL3,4,177353540,na,na,Benign,0
BRCA2,13,32355141,na,na,Pathogenic,1
BARD1,2,214730468,na,na,Likely benign,0
BRCA2,13,32326138,na,na,Likely benign,0
MSH6,2,47798619,na,na,Likely benign,0
ATM,11,108329128,na,na,Likely benign,0
BRCA2,13,32338526,na,na,Pathogenic,1
BRCA2,13,32339755,na,na,Pathogenic,1
BRCA2,13,32344720,na,na,Likely benign,0
BRCA2,13,32346784,na,na,Likely benign,0
BRCA2,13,32354986,na,na,Pathogenic,1
BRCA2,13,32355309,na,na,Likely benign,0
BRCA2,13,32370331,na,na,Likely benign,0
BRCA2,13,32376669,na,na,Likely pathogenic,1
BRCA2,13,32379980,na,na,Likely benign,0
BRCA2,13,32397082,na,na,Likely benign,0
BRCA2,13,32326629,na,na,Likely benign,0
BRCA1,17,43051031,na,na,Likely benign,0
BRCA1,17,43063413,na,na,Likely benign,0
BRCA2,13,32329424,na,na,Likely benign,0
BRCA2,13,32355260,na,na,Likely benign,0
CCNO,5,55232561,na,na,Likely benign,0
BRCA1,17,43074529,na,na,Likely benign,0
BRCA2,13,32332930,na,na,Likely benign,0
BRCA2,13,32340682,na,na,Likely benign,0
PALB2,16,23621345,na,na,Likely benign,0
BARD1,2,214780551,na,na,Likely benign,0
BRCA2,13,32331044,na,na,Likely benign,0
BRCA2,13,32326552,na,na,Likely benign,0
PALB2,16,23624092,na,na,Likely benign,0
BRCA1,17,43045815,na,na,Likely benign,0
PALB2,16,23635883,na,na,Likely benign,0
BARD1,2,214769322,na,na,Likely benign,0
CHEK2,22,28689228,na,na,Likely benign,0
BRCA2,13,32333404,na,na,Likely benign,0
BRCA2,13,32337292,na,na,Likely benign,0
CHEK2,22,28725383,na,na,Likely benign,0
BRCA1,17,43094028,na,na,Likely benign,0
BRCA2,13,32346909,na,na,Likely benign,0
BRCA2,13,32398279,na,na,Pathogenic,1
PALB2,16,23608030,na,na,Likely benign,0
BRCA2,13,32398550,na,na,Likely benign,0
BARD1,2,214767520,na,na,Likely benign,0
BRCA1,17,43092249,na,na,Likely benign,0
BRCA1,17,43049677,na,na,Likely benign,0
BRCA1,17,43071251,na,na,Likely benign,0
PALB2,16,23603688,na,na,Likely benign,0
ATM,11,108304777,na,na,Pathogenic,1
BRCA2,13,32346906,na,na,Likely benign,0
RAD51C,17,58703251,na,na,Pathogenic,1
BRCA2,13,32371021,na,na,Likely benign,0
PALB2,16,23622955,na,na,Likely benign,0
BRCA2,13,32379397,na,na,Likely benign,0
BRCA2,13,32341213,na,na,Likely benign,0
BRCA2,13,32398324,na,na,Likely benign,0
ATM,11,108315913,na,na,Likely pathogenic,1
BRCA2,13,32340898,na,na,Likely benign,0
ATM,11,108299697,na,na,Likely benign,0
PALB2,16,23629820,na,na,Likely benign,0
BRCA2,13,32337480,na,na,Pathogenic,1
BRCA2,13,32339531,na,na,Pathogenic,1
BRCA2,13,32376788,na,na,Likely benign,0
BRCA2,13,32344664,na,na,Likely benign,0
CHEK2,22,28695109,na,na,Likely benign,0
BRCA2,13,32338920,na,na,Pathogenic,1
BRCA1,17,43092738,na,na,Likely benign,0
BRCA1,17,43094481,na,na,Likely benign,0
BRCA2,13,32336464,na,na,Likely benign,0
BRCA2,13,32332477,na,na,Likely benign,0
BARD1,2,214809399,na,na,Likely benign,0
ATM,11,108304852,na,na,Pathogenic,1
BARD1,2,214730396,na,na,Likely benign,0
RAD51D,17,35106437,na,na,Likely benign,0
ATM,11,108332753,na,na,Likely benign,0
BRCA1,17,43094226,na,na,Likely benign,0
CHEK2,22,28695251,na,na,Likely benign,0
ATM,11,108302842,na,na,Likely benign,0
BARD1,2,214797132,na,na,Likely benign,0
BARD1,2,214769219,na,na,Likely benign,0
BRCA2,13,32356459,na,na,Likely benign,0
PALB2,16,23603597,na,na,Likely benign,0
CHEK2,22,28710062,na,na,Likely benign,0
ATM,11,108256197,na,na,Likely benign,0
BRCA2,13,32379409,na,na,Likely benign,0
BRCA2,13,32340607,na,na,Likely benign,0
ATM,11,108299697,na,na,Likely benign,0
RAD51D,17,35106970,na,na,Likely benign,0
BRCA1,17,43097299,na,na,Likely benign,0
BRCA2,13,32338219,na,na,Likely benign,0
RAD51C,17,58709839,na,na,Likely benign,0
CHEK2,22,28724965,na,na,Likely benign,0
MYO5A,15,52351487,na,na,Likely benign,0
CHEK2,22,28695875,na,na,Likely pathogenic,1
ATM,11,108343202,na,na,Likely benign,0
BRCA2,13,32379782,na,na,Likely benign,0
BRCA2,13,32329459,na,na,Likely benign,0
SRD5A2,2,31533741,na,na,Likely benign,0
PALB2,16,23636104,na,na,Pathogenic,1
BRCA2,13,32362505,na,na,Likely benign,0
BRCA1,17,43091553,na,na,Likely benign,0
BRCA2,13,32379394,na,na,Likely benign,0
BARD1,2,214780776,na,na,Likely benign,0
BRCA1,17,43071078,na,na,Likely benign,0
BRCA2,13,32325146,na,na,Likely benign,0
CHEK2,22,28687993,na,na,Likely benign,0
CHEK2,22,28695256,na,na,Likely benign,0
RAD51D,17,35119569,na,na,Likely benign,0
BRCA1,17,43124006,na,na,Likely benign,0
BARD1,2,214797133,na,na,Likely benign,0
BRCA1,17,43094238,na,na,Likely benign,0
BRCA2,13,32337223,na,na,Likely benign,0
BRCA2,13,32333406,na,na,Likely benign,0
RAD51D,17,35118636,na,na,Likely benign,0
BRCA2,13,32355248,na,na,Likely benign,0
BRCA2,13,32340640,na,na,Likely benign,0
PKD1L1,7,47902435,na,na,Likely benign,0
PALB2,16,23635826,na,na,Likely benign,0
RAD51D,17,35103336,na,na,Likely benign,0
BARD1,2,214809498,na,na,Likely benign,0
PALB2,16,23603685,na,na,Likely benign,0
BRCA2,13,32338957,na,na,Likely benign,0
ATM,11,108365311,na,na,Likely benign,0
BARD1,2,214781620,na,na,Likely benign,0
ATM,11,108252813,na,na,Likely benign,0
PYGL,14,50915987,na,na,Benign,0
RAD51D,17,35103287,na,na,Likely benign,0
BRCA1,17,43071123,na,na,Likely benign,0
BRCA2,13,32337919,na,na,Likely benign,0
BARD1,2,214728772,na,na,Likely benign,0
CHEK2,22,28725384,na,na,Likely benign,0
ATM,11,108304655,na,na,Likely benign,0
BRCA2,13,32379359,na,na,Likely benign,0
CHEK2,22,28699818,na,na,Likely benign,0
BRCA1,17,43093497,na,na,Likely benign,0
BRCA2,13,32379865,na,na,Likely benign,0
CHEK2,22,28689138,na,na,Likely benign,0
ATM,11,108293295,na,na,Likely benign,0
LRPPRC,2,43934895,na,na,Likely benign,0
RAD51D,17,35119096,na,na,Likely benign,0
MORC2,22,30933530,na,na,Likely benign,0
BRCA1,17,43076470,na,na,Likely benign,0
BRCA1,17,43094232,na,na,Likely benign,0
BRCA1,17,43091967,na,na,Likely benign,0
PALB2,16,23613997,na,na,Likely benign,0
PALB2,16,23603689,na,na,Likely benign,0
RAD51D,17,35103558,na,na,Likely benign,0
ATM,11,108330197,na,na,Likely benign,0
BARD1,2,214745716,na,na,Likely benign,0
ATM,11,108329009,na,na,Likely benign,0
CHEK2,22,28695766,na,na,Likely benign,0
ATM,11,108343212,na,na,Likely benign,0
PALB2,16,23603561,na,na,Likely benign,0
NPC1,18,23532297,na,na,Likely benign,0
CHEK2,22,28694021,na,na,Likely benign,0
BARD1,2,214728807,na,na,Likely pathogenic,1
BRCA2,13,32336992,na,na,Likely benign,0
RAD51C,17,58692798,na,na,Likely benign,0
BRCA2,13,32339251,na,na,Likely benign,0
BRCA1,17,43092801,na,na,Likely benign,0
BARD1,2,214769220,na,na,Likely benign,0
DYNC2H1,11,103152127,na,na,Likely benign,0
CHEK2,22,28689234,na,na,Likely benign,0
BRCA2,13,32340703,na,na,Likely benign,0
PALB2,16,23635034,na,na,Likely benign,0
ATM,11,108315920,na,na,Likely benign,0
SLC13A5,17,6693178,na,na,Likely benign,0
TRIM28,19,58549732,na,na,Benign,0
BRCA2,13,32326168,na,na,Likely benign,0
BRCA2,13,32398659,na,na,Likely benign,0
CHEK2,22,28719491,na,na,Likely benign,0
PALB2,16,23635133,na,na,Likely benign,0
BRCA1,17,43091907,na,na,Likely benign,0
ATM,11,108288966,na,na,Likely benign,0
BRCA1,17,43067597,na,na,Likely benign,0
BRCA2,13,32341214,na,na,Likely benign,0
BRCA1,17,43076622,na,na,Likely benign,0
BRCA2,13,32357947,na,na,Likely benign,0
JMJD1C,10,63200694,na,na,Likely benign,0
BRCA1,17,43099854,na,na,Likely benign,0
BRCA1,17,43104276,na,na,Likely benign,0
PALB2,16,23629697,na,na,Likely benign,0
ATP8B1,18,57694581,na,na,Likely pathogenic,1
BRCA2,13,32337460,na,na,Likely benign,0
BRCA2,13,32326125,na,na,Likely benign,0
BRCA2,13,32315669,na,na,Likely pathogenic,1
ATM,11,108347262,na,na,Likely benign,0
ATM,11,108319936,na,na,Likely benign,0
BARD1,2,214745863,na,na,Likely benign,0
BRCA1,17,43094867,na,na,Likely benign,0
BRCA1,17,43082390,na,na,Likely benign,0
BRCA2,13,32362544,na,na,Likely benign,0
BRCA1,17,43104853,na,na,Likely benign,0
ATM,11,108345723,na,na,Likely benign,0
BRCA2,13,32326169,na,na,Likely benign,0
PALB2,16,23634843,na,na,Likely benign,0
BRCA2,13,32370473,na,na,Likely benign,0
BRCA2,13,32379781,na,na,Likely benign,0
BRCA2,13,32394759,na,na,Likely benign,0
BARD1,2,214729016,na,na,Likely benign,0
BRCA2,13,32338393,na,na,Likely benign,0
BRCA2,13,32319243,na,na,Likely benign,0
RAD51D,17,35118632,na,na,Likely benign,0
PALB2,16,23636003,na,na,Likely benign,0
RAD51D,17,35103341,na,na,Likely benign,0
ATM,11,108267287,na,na,Pathogenic,1
BRCA2,13,32341206,na,na,Likely benign,0
PALB2,16,23641096,na,na,Likely benign,0
BARD1,2,214752494,na,na,Likely benign,0
PALB2,16,23621354,na,na,Likely benign,0
BRCA2,13,32362706,na,na,Likely benign,0
BRCA2,13,32333288,na,na,Pathogenic,1
BARD1,2,214729022,na,na,Likely benign,0
BRCA1,17,43074422,na,na,Likely benign,0
BRCA2,13,32333239,na,na,Likely benign,0
PCK2,14,24100134,na,na,Benign,0
BRCA1,17,43092840,na,na,Likely benign,0
CHEK2,22,28689150,na,na,Likely benign,0
PALB2,16,23629937,na,na,Likely benign,0
CHEK2,22,28719418,na,na,Pathogenic,1
CHEK2,22,28712030,na,na,Likely benign,0
BRCA2,13,32376811,na,na,Likely benign,0
BRCA1,17,43091961,na,na,Likely benign,0
BRCA2,13,32326479,na,na,Likely benign,0
BRCA1,17,43074344,na,na,Likely benign,0
BARD1,2,214797059,na,na,Likely pathogenic,1
ATM,11,108345764,na,na,Pathogenic,1
RAD51D,17,35101309,na,na,Likely benign,0
PALB2,16,23629658,na,na,Likely benign,0
PALB2,16,23629700,na,na,Likely benign,0
CHEK2,22,28734435,na,na,Pathogenic,1
BARD1,2,214730438,na,na,Likely benign,0
BRCA2,13,32339888,na,na,Likely benign,0
BRCA2,13,32339416,na,na,Likely benign,0
RAD51D,17,35118492,na,na,Likely benign,0
BRCA1,17,43094354,na,na,Likely benign,0
BRCA2,13,32379999,na,na,Likely benign,0
BRCA1,17,43082549,na,na,Likely benign,0
BARD1,2,214809510,na,na,Likely benign,0
RAD51D,17,35119557,na,na,Likely benign,0
CHEK2,22,28699822,na,na,Likely benign,0
BRCA1,17,43094832,na,na,Likely benign,0
RAD51D,17,35107454,na,na,Likely benign,0
BRCA1,17,43067710,na,na,Likely benign,0
BRCA2,13,32332252,na,na,Likely benign,0
ATM,11,108282700,na,na,Likely benign,0
CHEK2,22,28699859,na,na,Pathogenic,1
BRCA1,17,43092033,na,na,Likely benign,0
BRCA2,13,32337388,na,na,Likely benign,0
BARD1,2,214792277,na,na,Likely benign,0
HACD1,10,17590450,na,na,Likely benign,0
BARD1,2,214745834,na,na,Likely benign,0
BRCA2,13,32355094,na,na,Pathogenic,1
BARD1,2,214728700,na,na,Likely benign,0
BARD1,2,214745796,na,na,Pathogenic,1
RAD51D,17,35103545,na,na,Pathogenic,1
BARD1,2,214792376,na,na,Likely benign,0
PALB2,16,23630066,na,na,Likely benign,0
BRCA2,13,32394756,na,na,Likely benign,0
CHEK2,22,28699955,na,na,Likely benign,0
ATM,11,108284208,na,na,Likely benign,0
BARD1,2,214767547,na,na,Likely benign,0
PALB2,16,23630135,na,na,Likely benign,0
PALB2,16,23635388,na,na,Likely benign,0
RAD51D,17,35103333,na,na,Likely benign,0
BRCA1,17,43092855,na,na,Likely benign,0
PALB2,16,23641094,na,na,Likely benign,0
BRCA1,17,43095826,na,na,Likely benign,0
BRCA2,13,32337841,na,na,Likely benign,0
ATM,11,108271244,na,na,Likely benign,0
BARD1,2,214767580,na,na,Likely benign,0
BRCA2,13,32332690,na,na,Likely benign,0
ARSL,X,2943126,na,na,Likely benign,0
CHEK2,22,28695112,na,na,Likely benign,0
BRCA2,13,32333397,na,na,Likely benign,0
ATM,11,108326040,na,na,Likely benign,0
PALB2,16,23622953,na,na,Likely benign,0
BRCA2,13,32398362,na,na,Likely benign,0
RAD51D,17,35101182,na,na,Likely benign,0
CHEK2,22,28698251,na,na,Pathogenic,1
CHEK2,22,28712005,na,na,Likely benign,0
BRCA1,17,43124005,na,na,Likely benign,0
PALB2,16,23630484,na,na,Likely benign,0
BARD1,2,214780986,na,na,Likely benign,0
PALB2,16,23635529,na,na,Likely benign,0
CHEK2,22,28703577,na,na,Likely benign,0
BRCA1,17,43094796,na,na,Likely benign,0
BRCA1,17,43093986,na,na,Likely benign,0
BARD1,2,214745705,na,na,Likely benign,0
PALB2,16,23635745,na,na,Likely benign,0
BRCA2,13,32333230,na,na,Likely benign,0
PALB2,16,23630204,na,na,Likely benign,0
BARD1,2,214767667,na,na,Pathogenic,1
PALB2,16,23624110,na,na,Likely benign,0
PALB2,16,23621356,na,na,Likely benign,0
PALB2,16,23630348,na,na,Likely benign,0
ATM,11,108284212,na,na,Likely benign,0
ATM,11,108302974,na,na,Pathogenic,1
ATM,11,108317496,na,na,Pathogenic,1
ATM,11,108345733,na,na,Likely benign,0
BARD1,2,214752492,na,na,Likely benign,0
BRCA1,17,43045574,na,na,Likely benign,0
BRCA1,17,43071126,na,na,Likely benign,0
BRCA1,17,43092183,na,na,Likely benign,0
BRCA1,17,43092630,na,na,Likely benign,0
BRCA2,13,32337692,na,na,Pathogenic,1
BRCA2,13,32338048,na,na,Likely benign,0
BRCA2,13,32355281,na,na,Likely benign,0
CHEK2,22,28695254,na,na,Likely benign,0
CHEK2,22,28734401,na,na,Likely pathogenic,1
BRCA2,13,32341120,na,na,Likely benign,0
RAD51D,17,35101185,na,na,Likely benign,0
BARD1,2,214780544,na,na,Likely benign,0
PALB2,16,23630453,na,na,Likely benign,0
ATM,11,108343210,na,na,Likely benign,0
ATM,11,108332757,na,na,Likely benign,0
RAD51D,17,35107369,na,na,Likely benign,0
BRCA1,17,43074528,na,na,Likely benign,0
BRCA2,13,32344670,na,na,Likely benign,0
BRCA1,17,43092939,na,na,Likely benign,0
BRCA2,13,32339290,na,na,Likely benign,0
BRCA2,13,32337418,na,na,Likely benign,0
BRCA2,13,32336932,na,na,Likely benign,0
RAD51D,17,35103515,na,na,Likely benign,0
BRCA2,13,32354996,na,na,Likely benign,0
BRCA2,13,32379373,na,na,Likely benign,0
PALB2,16,23622955,na,na,Likely benign,0
ATM,11,108310159,na,na,Pathogenic,1
BRCA2,13,32333332,na,na,Likely benign,0
BRCA2,13,32339071,na,na,Likely benign,0
BARD1,2,214809489,na,na,Likely benign,0
ATM,11,108244772,na,na,Likely benign,0
BARD1,2,214752440,na,na,Likely benign,0
RAD51C,17,58720732,na,na,Likely benign,0
TBCD,17,82797804,na,na,Pathogenic,1
ATM,11,108334949,na,na,Likely benign,0
BRCA2,13,32346828,na,na,Likely benign,0
IFT80,3,160307789,na,na,Likely benign,0
ATM,11,108330210,na,na,Likely benign,0
RAD51D,17,35103563,na,na,Likely benign,0
BRCA1,17,43104212,na,na,Likely benign,0
BRCA2,13,32332795,na,na,Likely benign,0
RAD51D,17,35106369,na,na,Likely benign,0
ATM,11,108288963,na,na,Likely benign,0
BARD1,2,214730398,na,na,Likely benign,0
ATM,11,108332751,na,na,Likely benign,0
ATM,11,108243946,na,na,Likely benign,0
COL27A1,9,114196014,na,na,Likely pathogenic,1
BRCA2,13,32339110,na,na,Likely benign,0
TRIM28,19,58548842,na,na,Benign,0
PALB2,16,23636294,na,na,Likely benign,0
BRCA2,13,32336458,na,na,Likely benign,0
PALB2,16,23635960,na,na,Likely benign,0
CHEK2,22,28697005,na,na,Likely benign,0
BRCA1,17,43104267,na,na,Likely benign,0
PALB2,16,23607950,na,na,Likely benign,0
CHEK2,22,28694041,na,na,Likely benign,0
CHEK2,22,28699850,na,na,Likely benign,0
BRCA1,17,43093713,na,na,Likely benign,0
BRCA1,17,43094562,na,na,Likely benign,0
ATM,11,108251819,na,na,Likely benign,0
BRCA2,13,32333341,na,na,Likely benign,0
BRCA1,17,43090977,na,na,Likely benign,0
BRCA1,17,43094268,na,na,Likely benign,0
BRCA1,17,43093349,na,na,Pathogenic,1
BRCA1,17,43067596,na,na,Likely benign,0
BRCA1,17,43093797,na,na,Likely benign,0
PALB2,16,23637835,na,na,Likely benign,0
BRCA1,17,43070916,na,na,Likely benign,0
BRCA2,13,32331050,na,na,Likely benign,0
PALB2,16,23637843,na,na,Likely benign,0
BRCA2,13,32336566,na,na,Likely benign,0
CHEK2,22,28719431,na,na,Pathogenic,1
RAD50,5,132557455,na,na,Likely pathogenic,1
BRCA2,13,32339797,na,na,Likely benign,0
PALB2,16,23623143,na,na,Likely benign,0
BRCA1,17,43092639,na,na,Likely benign,0
BRCA1,17,43092384,na,na,Likely benign,0
BARD1,2,214767511,na,na,Likely benign,0
BRCA2,13,32338333,na,na,Likely benign,0
BRCA2,13,32376758,na,na,Likely benign,0
BRCA1,17,43082594,na,na,Likely benign,0
BRCA2,13,32379922,na,na,Likely benign,0
BARD1,2,214769224,na,na,Likely benign,0
BRCA1,17,43092306,na,na,Likely benign,0
PALB2,16,23607995,na,na,Likely benign,0
CHEK2,22,28696919,na,na,Likely benign,0
PALB2,16,23629754,na,na,Pathogenic,1
BRCA1,17,43049213,na,na,Likely benign,0
BRCA2,13,32340196,na,na,Likely benign,0
PALB2,16,23638128,na,na,Pathogenic,1
BRCA2,13,32380139,na,na,Pathogenic,1
BRCA2,13,32332615,na,na,Likely benign,0
PALB2,16,23629691,na,na,Likely benign,0
BRCA2,13,32332321,na,na,Likely benign,0
ATM,11,108347262,na,na,Likely benign,0
CHEK2,22,28687999,na,na,Likely benign,0
BARD1,2,214730396,na,na,Likely benign,0
BRCA1,17,43094880,na,na,Likely benign,0
BARD1,2,214792451,na,na,Likely benign,0
ATM,11,108353759,na,na,Likely benign,0
BRCA2,13,32337121,na,na,Likely benign,0
BRCA2,13,32398461,na,na,Likely benign,0
CHEK2,22,28734539,na,na,Likely benign,0
PALB2,16,23629293,na,na,Likely benign,0
BRCA2,13,32394775,na,na,Pathogenic,1
PALB2,16,23635355,na,na,Likely benign,0
BRCA2,13,32370548,na,na,Likely benign,0
BRCA2,13,32338222,na,na,Likely benign,0
BRCA2,13,32326528,na,na,Likely benign,0
PALB2,16,23608032,na,na,Likely benign,0
BRCA2,13,32340217,na,na,Likely benign,0
BRCA2,13,32319096,na,na,Likely benign,0
BRCA2,13,32341021,na,na,Pathogenic,1
RAD51D,17,35106501,na,na,Likely benign,0
BARD1,2,214767565,na,na,Likely benign,0
CHEK2,22,28712031,na,na,Likely benign,0
BRCA2,13,32379312,na,na,Likely benign,0
BRCA1,17,43093479,na,na,Likely benign,0
CHEK2,22,28696928,na,na,Likely benign,0
BRCA2,13,32355113,na,na,Likely benign,0
BRCA2,13,32340184,na,na,Likely benign,0
BRCA1,17,43071048,na,na,Likely benign,0
BRCA2,13,32340376,na,na,Likely benign,0
BRCA1,17,43092624,na,na,Likely benign,0
BRCA2,13,32363540,na,na,Likely benign,0
BRCA2,13,32355158,na,na,Likely benign,0
BRCA1,17,43049214,na,na,Likely benign,0
BRCA1,17,43092888,na,na,Likely benign,0
BRCA1,17,43094070,na,na,Likely benign,0
BRCA2,13,32363169,na,na,Likely benign,0
RAD51D,17,35103269,na,na,Likely benign,0
BRCA2,13,32354915,na,na,Likely benign,0
BRCA1,17,43091422,na,na,Likely benign,0
CHEK2,22,28695135,na,na,Pathogenic,1
BRCA2,13,32333118,na,na,Pathogenic,1
BRCA2,13,32357738,na,na,Likely benign,0
BARD1,2,214780758,na,na,Likely benign,0
BRCA1,17,43071123,na,na,Likely benign,0
BRCA2,13,32355047,na,na,Likely benign,0
BRCA1,17,43093219,na,na,Pathogenic,1
BRCA1,17,43091416,na,na,Likely benign,0
BARD1,2,214792286,na,na,Likely benign,0
BRCA1,17,43082435,na,na,Likely benign,0
BRCA2,13,32394944,na,na,Likely benign,0
RAD51D,17,35101055,na,na,Likely benign,0
BRCA2,13,32363541,na,na,Likely benign,0
BRCA1,17,43099766,na,na,Likely benign,0
BRCA2,13,32336482,na,na,Likely benign,0
BRCA2,13,32356522,na,na,Likely benign,0
BRCA1,17,43104277,na,na,Likely benign,0
BRCA1,17,43099872,na,na,Likely benign,0
RAD51D,17,35107137,na,na,Likely benign,0
BARD1,2,214781333,na,na,Pathogenic,1
BCKDHA,19,41411011,na,na,Likely pathogenic,1
CHEK2,22,28711912,na,na,Likely benign,0
PALB2,16,23626371,na,na,Likely benign,0
BRCA2,13,32340814,na,na,Likely benign,0
PALB2,16,23626410,na,na,Likely benign,0
BRCA1,17,43093890,na,na,Likely benign,0
RAD51D,17,35101376,na,na,Likely benign,0
BRCA2,13,32355209,na,na,Likely benign,0
BRCA2,13,32339752,na,na,Likely benign,0
RAD51D,17,35119176,na,na,Likely benign,0
BRCA2,13,32337195,na,na,Pathogenic,1
CHEK2,22,28696995,na,na,Likely benign,0
CHEK2,22,28694104,na,na,Likely benign,0
CHEK2,22,28694113,na,na,Likely benign,0
BRCA1,17,43093813,na,na,Pathogenic,1
RAD51D,17,35103494,na,na,Likely benign,0
BRCA2,13,32363163,na,na,Likely benign,0
BRCA2,13,32398716,na,na,Likely benign,0
IKBKB,8,42320715,na,na,Likely benign,0
CHEK2,22,28734708,na,na,Pathogenic,1
BRCA2,13,32319330,na,na,Pathogenic,1
RAD51D,17,35118635,na,na,Likely benign,0
CHEK2,22,28724963,na,na,Likely benign,0
RAD51D,17,35103512,na,na,Likely benign,0
BRCA1,17,43093251,na,na,Likely benign,0
BARD1,2,214767665,na,na,Likely benign,0
PALB2,16,23636216,na,na,Likely benign,0
BRCA1,17,43094814,na,na,Likely benign,0
BRCA2,13,32333305,na,na,Likely benign,0
BRCA2,13,32340103,na,na,Likely benign,0
RAD51D,17,35119572,na,na,Likely benign,0
BRCA2,13,32319243,na,na,Likely benign,0
BRCA1,17,43094091,na,na,Likely benign,0
RAD51D,17,35107139,na,na,Likely benign,0
ATM,11,108293450,na,na,Pathogenic,1
BRCA2,13,32340271,na,na,Likely benign,0
BRCA2,13,32332442,na,na,Pathogenic,1
ATM,11,108329005,na,na,Likely benign,0
BRCA2,13,32355167,na,na,Likely benign,0
BRCA2,13,32397041,na,na,Likely benign,0
BRCA1,17,43076571,na,na,Likely benign,0
ATM,11,108329245,na,na,Likely benign,0
CHEK2,22,28734542,na,na,Likely benign,0
PALB2,16,23636183,na,na,Likely benign,0
CHEK2,22,28687912,na,na,Likely benign,0
CHEK2,22,28725144,na,na,Likely benign,0
ATM,11,108248917,na,na,Likely benign,0
RAD51D,17,35106498,na,na,Likely benign,0
BRCA2,13,32356420,na,na,Likely benign,0
BRCA1,17,43091475,na,na,Likely benign,0
BRCA2,13,32376776,na,na,Likely benign,0
PALB2,16,23636219,na,na,Likely benign,0
CHEK2,22,28699828,na,na,Likely benign,0
BRCA2,13,32398151,na,na,Likely benign,0
BRCA2,13,32340928,na,na,Likely benign,0
BRCA2,13,32333275,na,na,Likely benign,0
BARD1,2,214781511,na,na,Likely pathogenic,1
BRCA2,13,32376789,na,na,Pathogenic,1
BARD1,2,214781322,na,na,Likely benign,0
RAD51D,17,35101384,na,na,Likely benign,0
RAD51D,17,35100959,na,na,Likely benign,0
CHEK2,22,28694133,na,na,Likely benign,0
BRCA2,13,32339170,na,na,Likely benign,0
BRCA2,13,32398657,na,na,Likely benign,0
PALB2,16,23637968,na,na,Likely benign,0
BARD1,2,214728718,na,na,Likely benign,0
BRCA2,13,32394952,na,na,Likely benign,0
BRCA1,17,43092891,na,na,Likely benign,0
BRCA2,13,32340988,na,na,Likely benign,0
PALB2,16,23623127,na,na,Likely benign,0
CHEK2,22,28725231,na,na,Likely benign,0
RAD51D,17,35101240,na,na,Likely benign,0
BARD1,2,214792310,na,na,Likely benign,0
CHEK2,22,28734385,na,na,Likely benign,0
BARD1,2,214781214,na,na,Likely benign,0
BRCA2,13,32354928,na,na,Pathogenic,1
CHEK2,22,28689227,na,na,Likely benign,0
PALB2,16,23635163,na,na,Likely benign,0
BRCA1,17,43092879,na,na,Likely benign,0
BRCA2,13,32338073,na,na,Likely benign,0
BRCA2,13,32355304,na,na,Likely benign,0
CHEK2,22,28719377,na,na,Likely benign,0
BRCA2,13,32363551,na,na,Likely benign,0
BRCA2,13,32319093,na,na,Likely benign,0
CHEK2,22,28689128,na,na,Likely benign,0
PALB2,16,23629811,na,na,Likely benign,0
ATM,11,108282750,na,na,Pathogenic,1
BRCA2,13,32356567,na,na,Likely benign,0
BARD1,2,214797047,na,na,Likely benign,0
PALB2,16,23638139,na,na,Likely benign,0
ATM,11,108335836,na,na,Likely benign,0
BARD1,2,214728703,na,na,Likely benign,0
BRCA2,13,32338819,na,na,Likely benign,0
BRCA2,13,32340185,na,na,Pathogenic,1
CHEK2,22,28695133,na,na,Pathogenic,1
PALB2,16,23629208,na,na,Pathogenic,1
PALB2,16,23622973,na,na,Pathogenic,1
BRCA1,17,43097230,na,na,Likely benign,0
ATM,11,108325479,na,na,Pathogenic,1
BRCA2,13,32363314,na,na,Likely benign,0
CHEK2,22,28709999,na,na,Likely benign,0
BRCA2,13,32398690,na,na,Likely benign,0
BRCA1,17,43093551,na,na,Likely benign,0
RAD51D,17,35103344,na,na,Likely benign,0
PALB2,16,23624085,na,na,Likely benign,0
RAD51D,17,35103252,na,na,Likely pathogenic,1
BRCA2,13,32326297,na,na,Likely benign,0
CHEK2,22,28711980,na,na,Pathogenic,1
PALB2,16,23629189,na,na,Likely benign,0
BARD1,2,214781310,na,na,Likely benign,0
ATM,11,108316004,na,na,Likely benign,0
CHEK2,22,28709991,na,na,Likely benign,0
BRCA2,13,32336749,na,na,Likely benign,0
EZH2,7,148846602,na,na,Likely benign,0
BRCA2,13,32336980,na,na,Likely benign,0
BRCA2,13,32339944,na,na,Likely benign,0
BARD1,2,214767670,na,na,Likely benign,0
RAD51D,17,35119164,na,na,Likely benign,0
ATM,11,108244768,na,na,Likely benign,0
BRCA2,13,32337091,na,na,Likely benign,0
BRCA2,13,32357780,na,na,Likely benign,0
BRCA1,17,43091771,na,na,Pathogenic,1
ATM,11,108332748,na,na,Likely benign,0
BRCA2,13,32339875,na,na,Likely benign,0
ATM,11,108326139,na,na,Pathogenic,1
RAD51D,17,35106490,na,na,Likely benign,0
BRCA1,17,43092321,na,na,Likely benign,0
RAD51C,17,58695197,na,na,Likely benign,0
F12,5,177403626,na,na,Likely benign,0
ATM,11,108268395,na,na,Likely benign,0
CKAP2L,2,112739055,na,na,Benign,0
CHEK2,22,28703578,na,na,Likely benign,0
RAD51D,17,35103335,na,na,Likely benign,0
RAD51D,17,35106433,na,na,Pathogenic,1
PALB2,16,23636084,na,na,Likely benign,0
BRCA2,13,32332675,na,na,Likely benign,0
KIF12,9,114095024,na,na,Likely benign,0
PALB2,16,23614028,na,na,Likely benign,0
BARD1,2,214792287,na,na,Likely benign,0
ATM,11,108329246,na,na,Likely benign,0
RPSA,3,39412024,na,na,Likely benign,0
CHEK2,22,28719388,na,na,Likely benign,0
BRCA2,13,32355236,na,na,Likely benign,0
INPPL1,11,72230789,na,na,Likely benign,0
ATM,11,108302841,na,na,Likely benign,0
ATM,11,108310323,na,na,Likely benign,0
ATM,11,108251824,na,na,Likely benign,0
MSH6,2,47795884,na,na,Likely benign,0
BARD1,2,214729026,na,na,Likely benign,0
BRCA1,17,43093263,na,na,Likely benign,0
BRCA2,13,32397055,na,na,Likely benign,0
BARD1,2,214745131,na,na,Likely benign,0
BRCA1,17,43091648,na,na,Likely benign,0
BRCA2,13,32339218,na,na,Likely benign,0
PALB2,16,23637838,na,na,Likely benign,0
BRCA2,13,32354975,na,na,Likely benign,0
PALB2,16,23636353,na,na,Likely benign,0
BRCA1,17,43094136,na,na,Likely benign,0
AGPS,2,177499601,na,na,Likely benign,0
RAD51D,17,35103439,na,na,Likely benign,0
BRCA1,17,43092363,na,na,Likely benign,0
RAD51D,17,35119098,na,na,Likely benign,0
BRCA2,13,32341000,na,na,Pathogenic,1
BRCA2,13,32396878,na,na,Likely benign,0
RAD51D,17,35107355,na,na,Likely benign,0
BRCA1,17,43099889,na,na,Likely benign,0
ATM,11,108319935,na,na,Likely benign,0
RAD51D,17,35107137,na,na,Likely benign,0
ATM,11,108315996,na,na,Likely benign,0
LIMS2,2,127673665,na,na,Likely benign,0
ATM,11,108315999,na,na,Likely benign,0
BRCA1,17,43094016,na,na,Likely benign,0
BRCA2,13,32338383,na,na,Likely benign,0
BRCA2,13,32340389,na,na,Likely benign,0
BRCA1,17,43045639,na,na,Likely benign,0
ANK1,8,41665028,na,na,Benign,0
RAD51D,17,35116891,na,na,Likely benign,0
BRIP1,17,61683767,na,na,Likely benign,0
BRIP1,17,61684051,na,na,Likely pathogenic,1
BRIP1,17,61780829,na,na,Likely benign,0
BRIP1,17,61784258,na,na,Likely benign,0
BRIP1,17,61715936,na,na,Likely benign,0
TPM3,1,154173212,na,na,Likely benign,0
BRIP1,17,61801490,na,na,Likely benign,0
BRIP1,17,61685825,na,na,Likely benign,0
BRIP1,17,61793589,na,na,Likely benign,0
BRIP1,17,61801240,na,na,Likely benign,0
BRIP1,17,61744419,na,na,Likely benign,0
BRIP1,17,61781024,na,na,Likely benign,0
BRIP1,17,61683860,na,na,Likely benign,0
BRIP1,17,61859923,na,na,Likely benign,0
BRIP1,17,61784441,na,na,Likely benign,0
BRIP1,17,61857247,na,na,Likely benign,0
BRIP1,17,61715932,na,na,Likely benign,0
BRIP1,17,61793589,na,na,Likely benign,0
BRIP1,17,61801337,na,na,Likely benign,0
BRIP1,17,61715959,na,na,Likely benign,0
BRIP1,17,61780402,na,na,Likely pathogenic,1
BRIP1,17,61857049,na,na,Likely benign,0
BRIP1,17,61693415,na,na,Likely benign,0
BRIP1,17,61780972,na,na,Likely benign,0
BRIP1,17,61801240,na,na,Likely benign,0
BRIP1,17,61808763,na,na,Likely benign,0
BRIP1,17,61857241,na,na,Likely benign,0
BRIP1,17,61744412,na,na,Likely benign,0
BRIP1,17,61808762,na,na,Likely benign,0
BRIP1,17,61780260,na,na,Likely pathogenic,1
BRIP1,17,61715940,na,na,Likely benign,0
BRIP1,17,61776388,na,na,Likely benign,0
BRIP1,17,61693529,na,na,Likely benign,0
BRIP1,17,61744602,na,na,Likely benign,0
BRIP1,17,61801436,na,na,Likely benign,0
BRIP1,17,61780247,na,na,Likely benign,0
BRIP1,17,61784439,na,na,Likely benign,0
BRIP1,17,61857131,na,na,Likely benign,0
BRIP1,17,61849131,na,na,Pathogenic,1
BRIP1,17,61716004,na,na,Likely benign,0
BRIP1,17,61784436,na,na,Likely benign,0
BRIP1,17,61780418,na,na,Likely benign,0
BRIP1,17,61716074,na,na,Likely benign,0
BRIP1,17,61784443,na,na,Likely benign,0
BRIP1,17,61780345,na,na,Likely benign,0
BRIP1,17,61801242,na,na,Likely benign,0
BRIP1,17,61784261,na,na,Likely benign,0
BRIP1,17,61683509,na,na,Likely benign,0
BRIP1,17,61857239,na,na,Likely benign,0
BRIP1,17,61793590,na,na,Likely benign,0
BRIP1,17,61686179,na,na,Likely benign,0
BRIP1,17,61859783,na,na,Likely benign,0
BRIP1,17,61847223,na,na,Likely benign,0
BRIP1,17,61808476,na,na,Likely benign,0
BRIP1,17,61744579,na,na,Likely benign,0
BRIP1,17,61799082,na,na,Likely benign,0
BRIP1,17,61801492,na,na,Likely benign,0
BRIP1,17,61715937,na,na,Likely benign,0
BRIP1,17,61801451,na,na,Likely benign,0
BRIP1,17,61780832,na,na,Likely benign,0
BRIP1,17,61857240,na,na,Likely benign,0
BRIP1,17,61849189,na,na,Likely benign,0
BRIP1,17,61743031,na,na,Likely benign,0
BRIP1,17,61857048,na,na,Likely benign,0
BRIP1,17,61784424,na,na,Pathogenic,1
BRIP1,17,61693521,na,na,Likely benign,0
BRIP1,17,61780825,na,na,Likely benign,0
BRIP1,17,61683491,na,na,Likely benign,0
BRIP1,17,61716069,na,na,Likely benign,0
FLNA,X,154362468,na,na,Benign,0
BRIP1,17,61859776,na,na,Likely benign,0
BRIP1,17,61799307,na,na,Likely benign,0
BRIP1,17,61861438,na,na,Likely benign,0
BRIP1,17,61780254,na,na,Likely benign,0
BRIP1,17,61784438,na,na,Likely benign,0
BRIP1,17,61686183,na,na,Likely benign,0
BRIP1,17,61683347,na,na,Likely benign,0
BRIP1,17,61793583,na,na,Likely benign,0
BRIP1,17,61776530,na,na,Likely benign,0
BRIP1,17,61693414,na,na,Likely benign,0
BRIP1,17,61857104,na,na,Likely benign,0
BRIP1,17,61857173,na,na,Likely benign,0
BRIP1,17,61849127,na,na,Likely pathogenic,1
BRIP1,17,61686041,na,na,Likely benign,0
BRIP1,17,61799089,na,na,Likely benign,0
BRIP1,17,61857125,na,na,Likely benign,0
BRIP1,17,61684146,na,na,Likely benign,0
BRIP1,17,61849269,na,na,Likely benign,0
BRIP1,17,61847137,na,na,Likely benign,0
BRIP1,17,61776581,na,na,Likely benign,0
BRIP1,17,61847086,na,na,Likely benign,0
BRIP1,17,61744526,na,na,Likely benign,0
BRIP1,17,61808772,na,na,Likely benign,0
BRIP1,17,61793666,na,na,Pathogenic,1
BRIP1,17,61683751,na,na,Likely benign,0
BRIP1,17,61686181,na,na,Likely benign,0
BRIP1,17,61857249,na,na,Likely benign,0
BRIP1,17,61849110,na,na,Likely benign,0
BRIP1,17,61793748,na,na,Likely benign,0
BRIP1,17,61799216,na,na,Likely benign,0
BRIP1,17,61683296,na,na,Likely benign,0
BRIP1,17,61715938,na,na,Likely benign,0
BRIP1,17,61847212,na,na,Likely benign,0
BRIP1,17,61684158,na,na,Likely benign,0
BRIP1,17,61743000,na,na,Likely benign,0
BRIP1,17,61793660,na,na,Likely benign,0
BRIP1,17,61780372,na,na,Likely benign,0
BRIP1,17,61799311,na,na,Likely benign,0
BRIP1,17,61808453,na,na,Likely benign,0
BRIP1,17,61780951,na,na,Likely benign,0
BRIP1,17,61685867,na,na,Likely benign,0
BRIP1,17,61684067,na,na,Likely benign,0
BRIP1,17,61857110,na,na,Likely benign,0
BRIP1,17,61744605,na,na,Likely benign,0
BRIP1,17,61780253,na,na,Likely benign,0
BRIP1,17,61784253,na,na,Likely benign,0
BRIP1,17,61801265,na,na,Likely benign,0
BRIP1,17,61742995,na,na,Likely benign,0
BRIP1,17,61744587,na,na,Pathogenic,1
BRIP1,17,61799313,na,na,Likely benign,0
BRIP1,17,61684155,na,na,Likely benign,0
BRIP1,17,61683329,na,na,Likely benign,0
BRIP1,17,61780921,na,na,Likely benign,0
BRIP1,17,61686041,na,na,Likely benign,0
BRIP1,17,61799204,na,na,Likely benign,0
BRIP1,17,61847230,na,na,Likely benign,0
BRIP1,17,61780838,na,na,Likely pathogenic,1
BRIP1,17,61793731,na,na,Likely pathogenic,1
DYNC2H1,11,103152198,na,na,Benign,0
CHEK2,22,28725229,na,na,Likely benign,0
PALB2,16,23638146,na,na,Likely benign,0
BARD1,2,214728838,na,na,Likely benign,0
ABCB4,7,87424017,na,na,Likely benign,0
ATM,11,108335827,na,na,Likely benign,0
RNF213,17,80273221,na,na,Benign,0
BRCA2,13,32339056,na,na,Likely benign,0
PALB2,16,23629290,na,na,Likely benign,0
BARD1,2,214780647,na,na,Likely benign,0
BRCA2,13,32340106,na,na,Likely benign,0
ATM,11,108272710,na,na,Likely benign,0
PRPF4,9,113282641,na,na,Likely benign,0
BRCA1,17,43092518,na,na,Pathogenic,1
BRCA1,17,43047722,na,na,Likely benign,0
RAD51C,17,58724024,na,na,Likely benign,0
APTX,9,32986049,na,na,Likely benign,0
EPG5,18,45904134,na,na,Likely benign,0
RAD51D,17,35106370,na,na,Likely benign,0
PALB2,16,23607856,na,na,Likely benign,0
BARD1,2,214745047,na,na,Likely benign,0
PALB2,16,23636153,na,na,Likely benign,0
ATM,11,108333868,na,na,Likely benign,0
CHEK2,22,28719487,na,na,Likely pathogenic,1
ATM,11,108248914,na,na,Likely benign,0
VPS13C,15,61919439,na,na,Likely benign,0
TARS2,1,150504617,na,na,Likely benign,0
BRCA2,13,32337571,na,na,Likely benign,0
BARD1,2,214781397,na,na,Likely benign,0
BRCA2,13,32336986,na,na,Likely benign,0
BRCA2,13,32336615,na,na,Pathogenic,1
BRCA2,13,32337235,na,na,Likely benign,0
BARD1,2,214769222,na,na,Likely benign,0
BRCA2,13,32340094,na,na,Likely benign,0
BRCA2,13,32319071,na,na,Likely benign,0
BRCA2,13,32338237,na,na,Likely benign,0
CHEK2,22,28710004,na,na,Likely pathogenic,1
ATM,11,108272706,na,na,Likely benign,0
BCOR,X,40071172,na,na,Benign,0
PALB2,16,23614095,na,na,Likely benign,0
LONP1,19,5713121,na,na,Likely benign,0
BRCA1,17,43045814,na,na,Likely benign,0
ATM,11,108294913,na,na,Likely benign,0
OAS1,12,112916628,na,na,Likely benign,0
BRCA2,13,32340985,na,na,Likely benign,0
NUP93,16,56833216,na,na,Likely benign,0
BARD1,2,214769327,na,na,Likely benign,0
BRCA1,17,43093740,na,na,Likely benign,0
CHEK2,22,28712030,na,na,Likely benign,0
RAD51D,17,35119188,na,na,Likely benign,0
BRCA2,13,32329423,na,na,Likely benign,0
BARD1,2,214745059,na,na,Likely benign,0
B2M,15,44716314,na,na,Likely benign,0
BARD1,2,214769225,na,na,Likely benign,0
BRCA2,13,32356616,na,na,Likely benign,0
GLE1,9,128523862,na,na,Benign,0
BRCA2,13,32398143,na,na,Likely benign,0
HLA-DRB1,6,32580745,na,na,Likely benign,0
HDGFL2,19,4499600,na,na,Likely benign,0
B4GALNT3,12,558560,na,na,Likely benign,0
RELT,11,73394683,na,na,Likely benign,0
CBFA2T2,20,33640509,na,na,Likely benign,0
TEX14,17,58573299,na,na,Likely benign,0
CPZ,4,8612086,na,na,Likely benign,0
IRAG1,11,10632044,na,na,Likely benign,0
NOMO1,16,14882596,na,na,Likely benign,0
TRPM7,15,50570100,na,na,Benign,0
TTC12,11,113352209,na,na,Likely benign,0
KIAA0825,5,94391539,na,na,Benign,0
ZBTB25,14,64487985,na,na,Likely benign,0
DHX34,19,47380832,na,na,Likely benign,0
SEMA5A,5,9044470,na,na,Likely benign,0
DUOX1,15,45134142,na,na,Likely benign,0
GIGYF1,7,100686674,na,na,Likely benign,0
MCTP2,15,94298381,na,na,Likely benign,0
SIN3B,19,16871329,na,na,Likely benign,0
CAPN15,16,551653,na,na,Likely benign,0
EFCAB13,17,47361422,na,na,Benign,0
COLGALT1,19,17581172,na,na,Likely benign,0
PARP1,1,226392320,na,na,Benign,0
WIPI2,7,5214596,na,na,Benign,0
PTPN12,7,77571075,na,na,Benign,0
PPP2R1B,11,111742059,na,na,Likely benign,0
TASP1,20,13587326,na,na,Benign,0
RXRB,6,33197947,na,na,Benign,0
ACP4,19,50790698,na,na,Benign,0
HLA-DRB1,6,32589642,na,na,Likely benign,0
KIF26B,1,245688002,na,na,Benign,0
MUC16,19,8939050,na,na,Benign,0
OBSCN,1,228264125,na,na,Benign,0
MFHAS1,8,8890522,na,na,Likely benign,0
HDLBP,2,241253433,na,na,Benign,0
YTHDC2,5,113591989,na,na,Benign,0
LEO1,15,51962485,na,na,Benign,0
MAP1B,5,72196284,na,na,Likely benign,0
KLF4,9,107487199,na,na,Benign,0
BTAF1,10,92024967,na,na,Likely benign,0
SREBF2,22,41868792,na,na,Likely benign,0
NLRP2,19,54982479,na,na,Benign,0
KDM5A,12,352218,na,na,Likely benign,0
OBSCN,1,228307476,na,na,Benign,0
DCDC1,11,30952568,na,na,Benign,0
NUP107,12,68690594,na,na,Likely benign,0
ARFGEF1,8,67276038,na,na,Likely benign,0
DNAH17,17,78439085,na,na,Likely benign,0
ARHGAP29,1,94201866,na,na,Likely benign,0
NUMA1,11,72017776,na,na,Likely benign,0
GOLGA4,3,37355187,na,na,Likely benign,0
FOCAD,9,20986284,na,na,Likely benign,0
CYB561,17,63435088,na,na,Likely benign,0
ZNFX1,20,49251527,na,na,Likely benign,0
FAAH2,X,57448589,na,na,Likely benign,0
CHEK2,22,28725233,na,na,Likely benign,0
CHD1L,1,147276102,na,na,Likely benign,0
LRP1,12,57193177,na,na,Likely benign,0
ADCK2,7,140674264,na,na,Likely benign,0
E2F1,20,33677525,na,na,Benign,0
MYO7B,2,127620434,na,na,Benign,0
FZD6,8,103300153,na,na,Likely benign,0
RAD1,5,34908957,na,na,Benign,0
PCOLCE,7,100607638,na,na,Benign,0
NCOR2,12,124372033,na,na,Likely benign,0
ZPBP,7,50031319,na,na,Likely benign,0
ZC3H4,19,47090192,na,na,Benign,0
GATB,4,151716077,na,na,Likely benign,0
CPZ,4,8612035,na,na,Benign,0
GTF3C3,2,196793029,na,na,Likely benign,0
FBXO2,1,11650003,na,na,Likely benign,0
RECQL5,17,75630845,na,na,Benign,0
NEMF,14,49829050,na,na,Likely benign,0
CLPTM1L,5,1322919,na,na,Likely benign,0
COL15A1,9,99054576,na,na,Likely benign,0
MCM6,2,135870341,na,na,Likely benign,0
MVB12B,9,126395571,na,na,Likely benign,0
CGNL1,15,57528663,na,na,Benign,0
ST7,7,117229759,na,na,Likely benign,0
MUC16,19,8897156,na,na,Likely benign,0
CHD3,17,7899340,na,na,Likely benign,0
SF3B1,2,197402138,na,na,Likely benign,0
DDX10,11,108723461,na,na,Likely benign,0
NINL,20,25491469,na,na,Benign,0
DROSHA,5,31495372,na,na,Likely benign,0
UBR4,1,19076906,na,na,Benign,0
LAMC1,1,183121922,na,na,Likely benign,0
UACA,15,70671053,na,na,Benign,0
SMARCC1,3,47736122,na,na,Benign,0
DNAH14,1,224967584,na,na,Likely benign,0
BRIP1,17,61716007,na,na,Likely benign,0
CUX1,7,102197055,na,na,Likely benign,0
PRRC2A,6,31636267,na,na,Benign,0
NCOR1,17,16070530,na,na,Benign,0
RECQL5,17,75630844,na,na,Benign,0
MIF,22,23895034,na,na,Benign,0
FRG1,4,189957506,na,na,Benign,0
LNPK,2,175992428,na,na,Benign,0
TRIM28,19,58548597,na,na,Benign,0
MARCHF10,17,62705590,na,na,Benign,0
PTPRM,18,8244184,na,na,Likely benign,0
SEMA3F,3,50184583,na,na,Likely benign,0
CYP51A1,7,92134321,na,na,Likely benign,0
INPP5K,17,1507099,na,na,Benign,0
SPEF2,5,35763700,na,na,Likely benign,0
TNK1,17,7387376,na,na,Benign,0
BRIP1,17,61780853,na,na,Pathogenic,1
BPTF,17,67893375,na,na,Likely benign,0
BRCA1,17,43082450,na,na,Likely benign,0
BRCA1,17,43091694,na,na,Likely benign,0
BRCA1,17,43104967,na,na,Likely benign,0
BRCA2,13,32340742,na,na,Likely benign,0
BRCA1,17,43093905,na,na,Likely benign,0
BRCA2,13,32338558,na,na,Likely benign,0
BRCA2,13,32332828,na,na,Likely benign,0
BRCA1,17,43091610,na,na,Likely benign,0
BRCA2,13,32337076,na,na,Likely benign,0
BRCA2,13,32332546,na,na,Likely benign,0
BRCA2,13,32354942,na,na,Pathogenic,1
BRCA1,17,43091571,na,na,Likely benign,0
BRCA2,13,32397032,na,na,Likely benign,0
BRCA2,13,32336354,na,na,Likely benign,0
BRCA2,13,32338081,na,na,Likely benign,0
BRCA2,13,32338699,na,na,Likely benign,0
BRCA2,13,32339947,na,na,Likely benign,0
BRCA2,13,32340733,na,na,Likely benign,0
BRCA2,13,32357728,na,na,Likely benign,0
BRCA2,13,32331023,na,na,Likely benign,0
BRCA1,17,43093950,na,na,Likely benign,0
BRCA2,13,32370410,na,na,Likely benign,0
BRCA2,13,32394710,na,na,Likely pathogenic,1
BRCA1,17,43092905,na,na,Likely pathogenic,1
BRCA2,13,32379395,na,na,Likely pathogenic,1
TSC1,9,132897612,na,na,Pathogenic,1
BAZ2B,2,159405054,na,na,Likely benign,0
ADAM8,10,133267368,na,na,Likely benign,0
ATM,11,108347324,na,na,Pathogenic,1
ATM,11,108365508,na,na,Likely pathogenic,1
ATM,11,108282881,na,na,Likely pathogenic,1
ATM,11,108250717,na,na,Pathogenic,1
ATM,11,108321421,na,na,Likely pathogenic,1
RAD51C,17,58703254,na,na,Pathogenic,1
ATM,11,108282881,na,na,Likely pathogenic,1
ATM,11,108287610,na,na,Pathogenic,1
ATM,11,108289081,na,na,Pathogenic,1
ATM,11,108292645,na,na,Pathogenic,1
ATM,11,108310317,na,na,Likely pathogenic,1
ATM,11,108316062,na,na,Pathogenic,1
ATM,11,108284279,na,na,Pathogenic,1
ATM,11,108331559,na,na,Likely pathogenic,1
ATM,11,108301720,na,na,Pathogenic,1
ATM,11,108272854,na,na,Likely pathogenic,1
ATM,11,108345796,na,na,Pathogenic,1
ATM,11,108287717,na,na,Likely pathogenic,1
ATM,11,108343285,na,na,Pathogenic,1
ATM,11,108325545,na,na,Likely pathogenic,1
ATM,11,108302877,na,na,Pathogenic,1
BRIP1,17,61801417,na,na,Pathogenic,1
ATM,11,108229240,na,na,Pathogenic,1
ATM,11,108307929,na,na,Pathogenic,1
ATM,11,108325545,na,na,Likely pathogenic,1
BARD1,2,214781045,na,na,Pathogenic,1
ATM,11,108326150,na,na,Pathogenic,1
ATM,11,108268408,na,na,Likely pathogenic,1
ATM,11,108248969,na,na,Pathogenic,1
RAD51C,17,58695074,na,na,Pathogenic,1
ATM,11,108325351,na,na,Pathogenic,1
ATM,11,108268408,na,na,Likely pathogenic,1
ATM,11,108329020,na,na,Likely pathogenic,1
RAD51C,17,58709986,na,na,Pathogenic,1
RAD51C,17,58720753,na,na,Pathogenic,1
ATM,11,108347366,na,na,Likely pathogenic,1
RAD51D,17,35118548,na,na,Pathogenic,1
ATM,11,108251054,na,na,Pathogenic,1
ATM,11,108326124,na,na,Pathogenic,1
BARD1,2,214752447,na,na,Likely benign,0
ATM,11,108249019,na,na,Pathogenic,1
ATM,11,108284317,na,na,Pathogenic,1
ATM,11,108299886,na,na,Pathogenic,1
ATM,11,108289055,na,na,Pathogenic,1
ATM,11,108235803,na,na,Pathogenic,1
RAD51C,17,58696692,na,na,Likely pathogenic,1
RAD51D,17,35107066,na,na,Pathogenic,1
ATM,11,108227625,na,na,Pathogenic,1
ATM,11,108329019,na,na,Likely pathogenic,1
ATM,11,108250839,na,na,Pathogenic,1
RAD51D,17,35119531,na,na,Likely pathogenic,1
ATM,11,108256299,na,na,Pathogenic,1
RAD51D,17,35118620,na,na,Likely pathogenic,1
ATM,11,108272720,na,na,Likely pathogenic,1
ATM,11,108329100,na,na,Pathogenic,1
ATM,11,108229308,na,na,Pathogenic,1
ATM,11,108287599,na,na,Likely pathogenic,1
ATM,11,108317522,na,na,Likely pathogenic,1
ATM,11,108333969,na,na,Likely pathogenic,1
ATM,11,108272531,na,na,Likely pathogenic,1
BARD1,2,214745773,na,na,Pathogenic,1
RAD51C,17,58695023,na,na,Pathogenic,1
BRCA2,13,32330997,na,na,Pathogenic,1
ATM,11,108247041,na,na,Pathogenic,1
ATM,11,108268425,na,na,Pathogenic,1
ATM,11,108271250,na,na,Likely pathogenic,1
ATM,11,108252816,na,na,Likely pathogenic,1
ATM,11,108227627,na,na,Pathogenic,1
ATM,11,108247050,na,na,Pathogenic,1
ATM,11,108304811,na,na,Pathogenic,1
RAD51C,17,58695027,na,na,Pathogenic,1
ATM,11,108257590,na,na,Pathogenic,1
BRIP1,17,61685842,na,na,Pathogenic,1
ATM,11,108271301,na,na,Pathogenic,1
ATM,11,108254032,na,na,Pathogenic,1
ATM,11,108244070,na,na,Pathogenic,1
ATM,11,108294946,na,na,Pathogenic,1
ATM,11,108302880,na,na,Pathogenic,1
ATM,11,108249071,na,na,Pathogenic,1
ATM,11,108294973,na,na,Pathogenic,1
ATM,11,108303030,na,na,Likely pathogenic,1
ATM,11,108251995,na,na,Pathogenic,1
ATM,11,108317522,na,na,Likely pathogenic,1
ATM,11,108330224,na,na,Pathogenic,1
ATM,11,108250701,na,na,Pathogenic,1
RAD51C,17,58709858,na,na,Likely pathogenic,1
ATM,11,108284233,na,na,Pathogenic,1
ATM,11,108282881,na,na,Likely pathogenic,1
ATM,11,108310317,na,na,Likely pathogenic,1
ATM,11,108354876,na,na,Likely pathogenic,1
CHEK2,22,28695867,na,na,Likely pathogenic,1
ATM,11,108330200,na,na,Likely pathogenic,1
ATM,11,108319958,na,na,Pathogenic,1
RETSAT,2,85344666,na,na,Likely benign,0
VPS8,3,184982586,na,na,Likely benign,0
TLCD5,11,120330054,na,na,Likely benign,0
YTHDF1,20,63203728,na,na,Likely benign,0
BRCA2,13,32333332,na,na,Likely benign,0
RAD51C,17,58695126,na,na,Likely pathogenic,1
BRCA2,13,32398225,na,na,Pathogenic,1
BRCA1,17,43074440,na,na,Likely benign,0
BRCA2,13,32338039,na,na,Likely benign,0
PALB2,16,23626377,na,na,Likely benign,0
BRCA2,13,32341169,na,na,Pathogenic,1
BRIP1,17,61776449,na,na,Likely benign,0
ATM,11,108267214,na,na,Pathogenic,1
PLEKHH1,14,67575848,na,na,Likely benign,0
SLC24A3,20,19673632,na,na,Likely benign,0
RAD51C,17,58695233,na,na,Likely benign,0
BRCA2,13,32355018,na,na,Pathogenic,1
BRCA2,13,32336484,na,na,Pathogenic,1
ATM,11,108246986,na,na,Likely pathogenic,1
ATM,11,108244922,na,na,Likely pathogenic,1
ATM,11,108335942,na,na,Likely pathogenic,1
CDH1,16,68829799,na,na,Likely pathogenic,1
ATM,11,108256324,na,na,Pathogenic,1
ATM,11,108326183,na,na,Benign,0
ATM,11,108252829,na,na,Benign,0
ATM,11,108292603,na,na,Likely benign,0
ATM,11,108312404,na,na,Likely benign,0
ATM,11,108252922,na,na,Likely benign,0
ATM,11,108289640,na,na,Benign,0
ATM,11,108289068,na,na,Benign,0
ATM,11,108284480,na,na,Likely benign,0
ATM,11,108329191,na,na,Benign,0
ATM,11,108301629,na,na,Likely benign,0
ATM,11,108301638,na,na,Likely benign,0
ATM,11,108253922,na,na,Benign,0
ATM,11,108353753,na,na,Likely benign,0
ATM,11,108254046,na,na,Likely benign,0
ATM,11,108325296,na,na,Likely benign,0
ATM,11,108325517,na,na,Benign,0
ATM,11,108256200,na,na,Likely benign,0
ATM,11,108307890,na,na,Likely benign,0
ATM,11,108316007,na,na,Likely benign,0
ATM,11,108250818,na,na,Benign,0
ATM,11,108317415,na,na,Benign,0
ATM,11,108287623,na,na,Benign,0
ATM,11,108294917,na,na,Likely benign,0
ATM,11,108331432,na,na,Likely benign,0
ATM,11,108316104,na,na,Benign,0
ATM,11,108321284,na,na,Likely benign,0
ATM,11,108302963,na,na,Benign,0
ATM,11,108327650,na,na,Benign,0
ATM,11,108302894,na,na,Benign,0
ATM,11,108345914,na,na,Likely benign,0
ATM,11,108327631,na,na,Likely benign,0
ATM,11,108331512,na,na,Benign,0
ATM,11,108334961,na,na,Likely benign,0
ATM,11,108331433,na,na,Likely benign,0
ATM,11,108353785,na,na,Benign,0
ATM,11,108248914,na,na,Likely benign,0
ATM,11,108312406,na,na,Likely benign,0
ATM,11,108316074,na,na,Benign,0
ATM,11,108325391,na,na,Benign,0
ATM,11,108251852,na,na,Benign,0
ATM,11,108335001,na,na,Benign,0
ATM,11,108343281,na,na,Benign,0
ATM,11,108267203,na,na,Benign,0
ATM,11,108267278,na,na,Benign,0
ATM,11,108271078,na,na,Benign,0
ATM,11,108235664,na,na,Likely benign,0
ATM,11,108327630,na,na,Likely benign,0
ATM,11,108343214,na,na,Likely benign,0
ATM,11,108252920,na,na,Likely benign,0
ATM,11,108334955,na,na,Likely benign,0
ATM,11,108288995,na,na,Benign,0
ATM,11,108326047,na,na,Likely benign,0
ATM,11,108267275,na,na,Benign,0
ATM,11,108327630,na,na,Likely benign,0
ATM,11,108331566,na,na,Likely benign,0
ATM,11,108259072,na,na,Benign,0
ATM,11,108289004,na,na,Benign,0
ATM,11,108354883,na,na,Likely benign,0
ATM,11,108331545,na,na,Benign,0
ATM,11,108310280,na,na,Benign,0
ATM,11,108299893,na,na,Likely benign,0
ATM,11,108353750,na,na,Likely benign,0
ATM,11,108244032,na,na,Benign,0
ATM,11,108289809,na,na,Likely benign,0
ATM,11,108289080,na,na,Benign,0
ATM,11,108335889,na,na,Benign,0
ATM,11,108325451,na,na,Benign,0
ATM,11,108365499,na,na,Benign,0
ATM,11,108307877,na,na,Likely benign,0
ATM,11,108325295,na,na,Likely benign,0
ATM,11,108353749,na,na,Likely benign,0
ATM,11,108250684,na,na,Likely benign,0
ATM,11,108256247,na,na,Benign,0
ATM,11,108304725,na,na,Benign,0
ATM,11,108304662,na,na,Likely benign,0
ATM,11,108332824,na,na,Benign,0
ATM,11,108253805,na,na,Likely benign,0
ATM,11,108268531,na,na,Benign,0
ATM,11,108251822,na,na,Likely benign,0
ATM,11,108312405,na,na,Likely benign,0
ATM,11,108307901,na,na,Benign,0
ATM,11,108297267,na,na,Likely benign,0
ATM,11,108335940,na,na,Benign,0
ATM,11,108365340,na,na,Benign,0
ATM,11,108245031,na,na,Likely benign,0
ATM,11,108321337,na,na,Benign,0
ATM,11,108248983,na,na,Benign,0
ATM,11,108287617,na,na,Benign,0
ATM,11,108246968,na,na,Benign,0
ATM,11,108248925,na,na,Likely benign,0
ATM,11,108267272,na,na,Benign,0
ATM,11,108325290,na,na,Likely benign,0
ATM,11,108293351,na,na,Benign,0
ATM,11,108271129,na,na,Benign,0
ATM,11,108333887,na,na,Benign,0
ATM,11,108333866,na,na,Likely benign,0
ATM,11,108259000,na,na,Benign,0
ATM,11,108345916,na,na,Likely benign,0
ATM,11,108365460,na,na,Benign,0
ATM,11,108284481,na,na,Likely benign,0
ATM,11,108251861,na,na,Benign,0
ATM,11,108327659,na,na,Benign,0
ATM,11,108282704,na,na,Likely benign,0
ATM,11,108325433,na,na,Benign,0
ATM,11,108282769,na,na,Benign,0
ATM,11,108299702,na,na,Likely benign,0
ATM,11,108335826,na,na,Likely benign,0
ATM,11,108293482,na,na,Likely benign,0
ATM,11,108281156,na,na,Benign,0
ATM,11,108268424,na,na,Benign,0
ATM,11,108331506,na,na,Benign,0
ATM,11,108293393,na,na,Benign,0
ATM,11,108331995,na,na,Benign,0
ATM,11,108343329,na,na,Benign,0
ATM,11,108249043,na,na,Benign,0
ATM,11,108292604,na,na,Likely benign,0
ATM,11,108327689,na,na,Benign,0
ATM,11,108297388,na,na,Likely benign,0
ATM,11,108284422,na,na,Benign,0
ATM,11,108229218,na,na,Benign,0
ATM,11,108345877,na,na,Benign,0
ATM,11,108254033,na,na,Benign,0
ATM,11,108256295,na,na,Benign,0
ATM,11,108302924,na,na,Benign,0
ATM,11,108333975,na,na,Likely benign,0
ATM,11,108332857,na,na,Benign,0
ATM,11,108332908,na,na,Likely benign,0
ATM,11,108271416,na,na,Likely benign,0
ATM,11,108347292,na,na,Benign,0
ATM,11,108243993,na,na,Benign,0
ATM,11,108353797,na,na,Benign,0
ATM,11,108353803,na,na,Benign,0
ATM,11,108325294,na,na,Likely benign,0
ATM,11,108321424,na,na,Likely benign,0
ATM,11,108254042,na,na,Likely benign,0
ATM,11,108335934,na,na,Benign,0
ATM,11,108343284,na,na,Benign,0
ATM,11,108257616,na,na,Likely benign,0
ATM,11,108312393,na,na,Likely benign,0
ATM,11,108289808,na,na,Likely benign,0
ATM,11,108326042,na,na,Likely benign,0
ATM,11,108330265,na,na,Benign,0
ATM,11,108330259,na,na,Benign,0
ATM,11,108279475,na,na,Likely benign,0
ATM,11,108279554,na,na,Benign,0
ATM,11,108317359,na,na,Likely benign,0
ATM,11,108301723,na,na,Benign,0
ATM,11,108321397,na,na,Benign,0
ATM,11,108268510,na,na,Benign,0
ATM,11,108325397,na,na,Benign,0
ATM,11,108335916,na,na,Benign,0
ATM,11,108365114,na,na,Benign,0
ATM,11,108243933,na,na,Likely benign,0
ATM,11,108235743,na,na,Benign,0
ATM,11,108244905,na,na,Benign,0
ATM,11,108289597,na,na,Likely benign,0
ATM,11,108257528,na,na,Benign,0
ATM,11,108243945,na,na,Likely benign,0
ATM,11,108353746,na,na,Likely benign,0
ATM,11,108271232,na,na,Likely benign,0
ATM,11,108315811,na,na,Likely benign,0
ATM,11,108332755,na,na,Likely benign,0
ATM,11,108307881,na,na,Likely benign,0
ATM,11,108267166,na,na,Likely benign,0
ATM,11,108343239,na,na,Benign,0
ATM,11,108245007,na,na,Benign,0
ATM,11,108295055,na,na,Benign,0
ATM,11,108301756,na,na,Benign,0
ATM,11,108256307,na,na,Benign,0
ATM,11,108246952,na,na,Likely benign,0
ATM,11,108272763,na,na,Benign,0
ATM,11,108244950,na,na,Benign,0
ATM,11,108284401,na,na,Benign,0
ATM,11,108335031,na,na,Benign,0
ATM,11,108307971,na,na,Benign,0
ATM,11,108227765,na,na,Likely benign,0
ATM,11,108244821,na,na,Benign,0
ATM,11,108310325,na,na,Likely benign,0
ATM,11,108317362,na,na,Likely benign,0
ATM,11,108335836,na,na,Likely benign,0
ATM,11,108235844,na,na,Likely benign,0
ATM,11,108245001,na,na,Benign,0
ATM,11,108227706,na,na,Likely benign,0
ATM,11,108343218,na,na,Likely benign,0
ATM,11,108317360,na,na,Likely benign,0
ATM,11,108321412,na,na,Benign,0
ATM,11,108279615,na,na,Likely benign,0
ATM,11,108334958,na,na,Likely benign,0
ATM,11,108271245,na,na,Likely benign,0
ATM,11,108244911,na,na,Benign,0
ATM,11,108281159,na,na,Benign,0
ATM,11,108279480,na,na,Likely benign,0
ATM,11,108257486,na,na,Benign,0
ATM,11,108251954,na,na,Benign,0
ATM,11,108253976,na,na,Benign,0
ATM,11,108365442,na,na,Benign,0
ATM,11,108353785,na,na,Benign,0
ATM,11,108257516,na,na,Benign,0
ATM,11,108282699,na,na,Likely benign,0
ATM,11,108329017,na,na,Likely benign,0
ATM,11,108353857,na,na,Benign,0
ATM,11,108315807,na,na,Likely benign,0
ATM,11,108258967,na,na,Likely benign,0
ATM,11,108354795,na,na,Likely benign,0
ATM,11,108247095,na,na,Benign,0
ATM,11,108365406,na,na,Benign,0
ATM,11,108325524,na,na,Benign,0
ATM,11,108251996,na,na,Benign,0
BRCA2,13,32363387,na,na,Pathogenic,1
ATM,11,108272524,na,na,Likely benign,0
ATM,11,108289588,na,na,Likely benign,0
ATM,11,108253797,na,na,Likely benign,0
ATM,11,108258975,na,na,Likely benign,0
ATM,11,108282693,na,na,Likely benign,0
ATM,11,108293339,na,na,Benign,0
ATM,11,108307883,na,na,Likely benign,0
ATM,11,108365105,na,na,Benign,0
ATM,11,108227766,na,na,Likely benign,0
ATM,11,108248919,na,na,Likely benign,0
ATM,11,108249031,na,na,Benign,0
ATM,11,108292715,na,na,Benign,0
ATM,11,108244080,na,na,Benign,0
ATM,11,108347373,na,na,Likely benign,0
ATM,11,108249019,na,na,Benign,0
ATM,11,108315994,na,na,Likely benign,0
ATM,11,108244780,na,na,Likely benign,0
ATM,11,108332745,na,na,Likely benign,0
ATM,11,108365451,na,na,Benign,0
ATM,11,108251820,na,na,Likely benign,0
ATM,11,108317516,na,na,Benign,0
ATM,11,108354799,na,na,Likely benign,0
ATM,11,108244978,na,na,Benign,0
ATM,11,108289638,na,na,Pathogenic,1
ATM,11,108332878,na,na,Benign,0
ATM,11,108250914,na,na,Benign,0
ATM,11,108326038,na,na,Likely benign,0
ATM,11,108250716,na,na,Benign,0
ATM,11,108258969,na,na,Likely benign,0
ATM,11,108246948,na,na,Likely benign,0
ATM,11,108243934,na,na,Likely benign,0
ATM,11,108272520,na,na,Likely benign,0
ATM,11,108326060,na,na,Benign,0
ATM,11,108365364,na,na,Benign,0
ATM,11,108307991,na,na,Likely benign,0
ATM,11,108289739,na,na,Benign,0
ATM,11,108310154,na,na,Likely benign,0
ATM,11,108315888,na,na,Benign,0
ATM,11,108287635,na,na,Benign,0
ATM,11,108325388,na,na,Benign,0
ATM,11,108229196,na,na,Benign,0
ATM,11,108250914,na,na,Benign,0
ATM,11,108299851,na,na,Benign,0
ATM,11,108267251,na,na,Benign,0
ATM,11,108335064,na,na,Benign,0
ATM,11,108293315,na,na,Benign,0
ATM,11,108317354,na,na,Likely benign,0
ATM,11,108307878,na,na,Likely benign,0
ATM,11,108330376,na,na,Benign,0
ATM,11,108334952,na,na,Likely benign,0
ATM,11,108353890,na,na,Likely benign,0
ATM,11,108354792,na,na,Likely benign,0
PALB2,16,23621479,na,na,Likely pathogenic,1
ATM,11,108325554,na,na,Likely benign,0
ATM,11,108317516,na,na,Benign,0
ATM,11,108251034,na,na,Benign,0
ATM,11,108244905,na,na,Benign,0
ATM,11,108325293,na,na,Likely benign,0
ATM,11,108250983,na,na,Benign,0
ATM,11,108268573,na,na,Benign,0
ATM,11,108365063,na,na,Likely benign,0
ATM,11,108365412,na,na,Benign,0
ATM,11,108257543,na,na,Benign,0
ATM,11,108256316,na,na,Benign,0
ATM,11,108326046,na,na,Likely benign,0
ATM,11,108331861,na,na,Likely benign,0
ATM,11,108248915,na,na,Likely benign,0
ATM,11,108272745,na,na,Benign,0
ATM,11,108325436,na,na,Benign,0
ATM,11,108330319,na,na,Benign,0
ATM,11,108272706,na,na,Likely benign,0
ATM,11,108256202,na,na,Likely benign,0
ATM,11,108293393,na,na,Benign,0
ATM,11,108259022,na,na,Benign,0
ATM,11,108335119,na,na,Likely benign,0
ATM,11,108315813,na,na,Likely benign,0
ATM,11,108244965,na,na,Benign,0
ATM,11,108256202,na,na,Likely benign,0
ATM,11,108250926,na,na,Benign,0
ATM,11,108304812,na,na,Benign,0
ATM,11,108272838,na,na,Benign,0
ATM,11,108307880,na,na,Likely benign,0
ATM,11,108325421,na,na,Benign,0
ATM,11,108304821,na,na,Benign,0
ATM,11,108347372,na,na,Likely benign,0
ATM,11,108251080,na,na,Likely benign,0
ATM,11,108321391,na,na,Benign,0
ATM,11,108335835,na,na,Likely benign,0
ATM,11,108287724,na,na,Likely benign,0
ATM,11,108271413,na,na,Likely benign,0
ATM,11,108326153,na,na,Benign,0
ATM,11,108268391,na,na,Likely benign,0
ATM,11,108301777,na,na,Benign,0
ATM,11,108243949,na,na,Likely benign,0
ATM,11,108229238,na,na,Benign,0
ATM,11,108316086,na,na,Benign,0
ATM,11,108293486,na,na,Likely benign,0
ATM,11,108227693,na,na,Benign,0
ATM,11,108299694,na,na,Likely benign,0
ATM,11,108268462,na,na,Benign,0
ATM,11,108253997,na,na,Benign,0
ATM,11,108321304,na,na,Benign,0
ATM,11,108272817,na,na,Benign,0
ATM,11,108347263,na,na,Likely benign,0
ATM,11,108246957,na,na,Likely benign,0
ATM,11,108307884,na,na,Likely benign,0
ATM,11,108235650,na,na,Likely benign,0
ATM,11,108252041,na,na,Likely benign,0
ATM,11,108253802,na,na,Likely benign,0
ATM,11,108334992,na,na,Benign,0
ATM,11,108345850,na,na,Benign,0
ATM,11,108365355,na,na,Benign,0
ATM,11,108279575,na,na,Benign,0
ATM,11,108282733,na,na,Benign,0
ATM,11,108310271,na,na,Benign,0
ATM,11,108293339,na,na,Benign,0
ATM,11,108325299,na,na,Likely benign,0
ATM,11,108292718,na,na,Benign,0
ATM,11,108289584,na,na,Likely benign,0
ATM,11,108353791,na,na,Benign,0
ATM,11,108332779,na,na,Benign,0
ATM,11,108334964,na,na,Likely benign,0
ATM,11,108244878,na,na,Benign,0
ATM,11,108244902,na,na,Benign,0
ATM,11,108297390,na,na,Likely benign,0
ATM,11,108353887,na,na,Likely benign,0
ATM,11,108272838,na,na,Benign,0
ATM,11,108354803,na,na,Likely benign,0
ATM,11,108289685,na,na,Benign,0
ATM,11,108334956,na,na,Likely benign,0
ATM,11,108347295,na,na,Benign,0
ATM,11,108307892,na,na,Likely benign,0
ATM,11,108347358,na,na,Benign,0
ATM,11,108347332,na,na,Pathogenic,1
ATM,11,108343233,na,na,Benign,0
ATM,11,108365065,na,na,Likely benign,0
ATM,11,108252859,na,na,Benign,0
ATM,11,108288980,na,na,Benign,0
ATM,11,108354859,na,na,Benign,0
ATM,11,108235658,na,na,Likely benign,0
ATM,11,108320017,na,na,Benign,0
ATM,11,108332908,na,na,Likely benign,0
ATM,11,108259063,na,na,Benign,0
ATM,11,108292679,na,na,Benign,0
ATM,11,108292611,na,na,Likely benign,0
ATM,11,108227760,na,na,Likely benign,0
ATM,11,108279533,na,na,Benign,0
ATM,11,108268504,na,na,Benign,0
ATM,11,108253902,na,na,Benign,0
ATM,11,108326127,na,na,Benign,0
ATM,11,108287650,na,na,Benign,0
ATM,11,108310211,na,na,Benign,0
ATM,11,108334956,na,na,Likely benign,0
ATM,11,108299707,na,na,Likely benign,0
ATM,11,108251978,na,na,Benign,0
ATM,11,108279485,na,na,Likely benign,0
ATM,11,108330286,na,na,Benign,0
ATM,11,108332776,na,na,Benign,0
ATM,11,108325370,na,na,Benign,0
ATM,11,108284305,na,na,Benign,0
ATM,11,108284332,na,na,Benign,0
ATM,11,108335037,na,na,Benign,0
ATM,11,108268396,na,na,Likely benign,0
ATM,11,108259063,na,na,Benign,0
ATM,11,108257463,na,na,Likely benign,0
ATM,11,108347266,na,na,Likely benign,0
ATM,11,108288970,na,na,Likely benign,0
ATM,11,108287588,na,na,Likely benign,0
ATM,11,108287656,na,na,Benign,0
ATM,11,108316000,na,na,Likely benign,0
ATM,11,108327713,na,na,Benign,0
ATM,11,108281048,na,na,Benign,0
ATM,11,108281084,na,na,Benign,0
ATM,11,108281165,na,na,Benign,0
ATM,11,108331426,na,na,Likely benign,0
ATM,11,108272714,na,na,Likely benign,0
ATM,11,108302846,na,na,Likely benign,0
ATM,11,108250685,na,na,Likely benign,0
ATM,11,108304664,na,na,Likely benign,0
ATM,11,108304677,na,na,Benign,0
ATM,11,108252801,na,na,Likely benign,0
ATM,11,108315808,na,na,Likely benign,0
ATM,11,108315810,na,na,Likely benign,0
ATM,11,108310140,na,na,Likely benign,0
ATM,11,108310152,na,na,Likely benign,0
ATM,11,108331866,na,na,Likely benign,0
ATM,11,108243937,na,na,Likely benign,0
ATM,11,108256204,na,na,Likely benign,0
ATM,11,108345763,na,na,Benign,0
ATM,11,108293462,na,na,Benign,0
ATM,11,108253886,na,na,Benign,0
ATM,11,108282845,na,na,Benign,0
ATM,11,108315995,na,na,Likely benign,0
ATM,11,108326040,na,na,Likely benign,0
ATM,11,108272578,na,na,Benign,0
ATM,11,108272513,na,na,Likely benign,0
ATM,11,108268400,na,na,Likely benign,0
BRIP1,17,61683647,na,na,Likely benign,0
BRIP1,17,61683986,na,na,Likely benign,0
BRCA1,17,43091454,na,na,Likely benign,0
BRCA1,17,43092945,na,na,Likely benign,0
BRCA2,13,32398590,na,na,Likely benign,0
NCAPD2,12,6526613,na,na,Likely benign,0
PALB2,16,23607863,na,na,Likely pathogenic,1
BRCA2,13,32336468,na,na,Pathogenic,1
RAD51D,17,35107124,na,na,Likely pathogenic,1
BRCA2,13,32332271,na,na,Likely pathogenic,1
CERS4,19,8256613,na,na,Likely benign,0
SPTBN5,15,41861419,na,na,Benign,0
ZNF462,9,106974135,na,na,Pathogenic,1
ZNF462,9,106928803,na,na,Likely pathogenic,1
TBX3,12,114681156,na,na,Likely benign,0
BARD1,2,214792454,na,na,Likely benign,0
CEP295,11,93729895,na,na,Likely benign,0
TAF15,17,35844547,na,na,Likely benign,0
SCYL2,12,100337510,na,na,Likely benign,0
PALB2,16,23614079,na,na,Likely benign,0
BRCA2,13,32380110,na,na,Likely pathogenic,1
ATM,11,108330423,na,na,Likely pathogenic,1
BRIP1,17,61847188,na,na,Benign,0
BRIP1,17,61684152,na,na,Likely benign,0
BRIP1,17,61683836,na,na,Benign,0
BARD1,2,214781448,na,na,Benign,0
BARD1,2,214729020,na,na,Likely benign,0
ATM,11,108315913,na,na,Likely pathogenic,1
BRIP1,17,61799090,na,na,Likely benign,0
BRIP1,17,61684127,na,na,Benign,0
CDH1,16,68810348,na,na,Likely benign,0
BRIP1,17,61784353,na,na,Benign,0
BARD1,2,214781040,na,na,Benign,0
BRIP1,17,61784350,na,na,Benign,0
BARD1,2,214780722,na,na,Benign,0
BRIP1,17,61859919,na,na,Likely benign,0
BRIP1,17,61859902,na,na,Benign,0
BRIP1,17,61686038,na,na,Benign,0
BRIP1,17,61743154,na,na,Likely benign,0
BRIP1,17,61780930,na,na,Benign,0
BARD1,2,214728799,na,na,Benign,0
BARD1,2,214728674,na,na,Benign,0
BARD1,2,214792465,na,na,Likely benign,0
BRIP1,17,61776491,na,na,Benign,0
BRIP1,17,61847182,na,na,Benign,0
BARD1,2,214769285,na,na,Benign,0
BARD1,2,214752476,na,na,Pathogenic,1
BARD1,2,214752438,na,na,Likely benign,0
BRIP1,17,61776392,na,na,Likely benign,0
BARD1,2,214781106,na,na,Benign,0
BARD1,2,214745868,na,na,Likely benign,0
BARD1,2,214780550,na,na,Likely benign,0
BRIP1,17,61684126,na,na,Benign,0
BRIP1,17,61686014,na,na,Benign,0
BRIP1,17,61780411,na,na,Likely benign,0
BRIP1,17,61847229,na,na,Likely benign,0
BARD1,2,214745174,na,na,Likely benign,0
BARD1,2,214728877,na,na,Benign,0
BARD1,2,214769225,na,na,Likely benign,0
BRIP1,17,61793636,na,na,Benign,0
BARD1,2,214797123,na,na,Likely benign,0
BRIP1,17,61683728,na,na,Benign,0
BRIP1,17,61801243,na,na,Likely benign,0
BRIP1,17,61861459,na,na,Benign,0
BRIP1,17,61743085,na,na,Benign,0
BRIP1,17,61743123,na,na,Benign,0
BARD1,2,214745137,na,na,Benign,0
BARD1,2,214781514,na,na,Likely benign,0
BRIP1,17,61849231,na,na,Benign,0
BARD1,2,214769295,na,na,Benign,0
BRIP1,17,61776533,na,na,Benign,0
BRIP1,17,61857050,na,na,Likely benign,0
BRIP1,17,61743146,na,na,Likely benign,0
BRIP1,17,61859863,na,na,Benign,0
BARD1,2,214728862,na,na,Benign,0
BARD1,2,214752540,na,na,Benign,0
BARD1,2,214792450,na,na,Likely benign,0
BARD1,2,214781088,na,na,Benign,0
BRIP1,17,61744511,na,na,Benign,0
BARD1,2,214797051,na,na,Likely benign,0
BRIP1,17,61784338,na,na,Benign,0
BARD1,2,214780578,na,na,Benign,0
BARD1,2,214729026,na,na,Likely benign,0
BRIP1,17,61801292,na,na,Benign,0
BARD1,2,214745865,na,na,Likely benign,0
BRIP1,17,61683419,na,na,Benign,0
BARD1,2,214767601,na,na,Benign,0
BRIP1,17,61776576,na,na,Likely benign,0
BRIP1,17,61683890,na,na,Benign,0
BRIP1,17,61861440,na,na,Likely benign,0
BRIP1,17,61808524,na,na,Benign,0
BARD1,2,214728871,na,na,Benign,0
BARD1,2,214728675,na,na,Benign,0
BRIP1,17,61799318,na,na,Likely benign,0
BRIP1,17,61693530,na,na,Likely benign,0
BRIP1,17,61744588,na,na,Benign,0
BARD1,2,214729000,na,na,Benign,0
BRIP1,17,61849225,na,na,Benign,0
BRIP1,17,61685954,na,na,Benign,0
BRIP1,17,61683317,na,na,Benign,0
BARD1,2,214781448,na,na,Benign,0
BRIP1,17,61781022,na,na,Likely benign,0
BARD1,2,214781217,na,na,Benign,0
BRIP1,17,61799310,na,na,Likely benign,0
BRIP1,17,61799309,na,na,Likely benign,0
BRIP1,17,61799105,na,na,Benign,0
BARD1,2,214780923,na,na,Benign,0
BARD1,2,214745116,na,na,Benign,0
BRIP1,17,61808593,na,na,Benign,0
BRIP1,17,61744603,na,na,Likely benign,0
BARD1,2,214767568,na,na,Benign,0
BRIP1,17,61859926,na,na,Likely benign,0
BRIP1,17,61793744,na,na,Likely benign,0
BRIP1,17,61849158,na,na,Benign,0
BRIP1,17,61780927,na,na,Benign,0
BARD1,2,214781355,na,na,Benign,0
BRIP1,17,61857206,na,na,Benign,0
BRIP1,17,61801487,na,na,Likely benign,0
BARD1,2,214780629,na,na,Benign,0
BRIP1,17,61744422,na,na,Likely benign,0
BRIP1,17,61780393,na,na,Benign,0
BRIP1,17,61780419,na,na,Likely benign,0
BRIP1,17,61784428,na,na,Likely benign,0
BRIP1,17,61793741,na,na,Likely benign,0
BRIP1,17,61784260,na,na,Likely benign,0
BRIP1,17,61799318,na,na,Likely benign,0
BRIP1,17,61849122,na,na,Likely benign,0
BARD1,2,214780887,na,na,Benign,0
BARD1,2,214745167,na,na,Likely benign,0
BARD1,2,214780608,na,na,Benign,0
BARD1,2,214729013,na,na,Likely benign,0
BARD1,2,214780779,na,na,Benign,0
BRIP1,17,61799162,na,na,Benign,0
BARD1,2,214730519,na,na,Likely benign,0
BRIP1,17,61776570,na,na,Likely benign,0
BARD1,2,214780551,na,na,Likely benign,0
BARD1,2,214809549,na,na,Benign,0
BARD1,2,214728898,na,na,Benign,0
BARD1,2,214792322,na,na,Benign,0
BARD1,2,214745119,na,na,Benign,0
BARD1,2,214809471,na,na,Benign,0
BARD1,2,214780692,na,na,Benign,0
BARD1,2,214792352,na,na,Benign,0
BARD1,2,214767664,na,na,Likely benign,0
BARD1,2,214752440,na,na,Likely benign,0
BARD1,2,214752450,na,na,Benign,0
BARD1,2,214745816,na,na,Benign,0
BRIP1,17,61715989,na,na,Benign,0
BARD1,2,214745172,na,na,Likely benign,0
BRIP1,17,61801245,na,na,Likely benign,0
BRIP1,17,61861439,na,na,Likely benign,0
BRIP1,17,61683818,na,na,Benign,0
BARD1,2,214781427,na,na,Benign,0
BARD1,2,214792358,na,na,Benign,0
BRIP1,17,61808509,na,na,Benign,0
BARD1,2,214797063,na,na,Benign,0
BARD1,2,214767668,na,na,Likely benign,0
BARD1,2,214809438,na,na,Benign,0
BRIP1,17,61780963,na,na,Benign,0
BRIP1,17,61685830,na,na,Likely benign,0
BRIP1,17,61847134,na,na,Benign,0
BARD1,2,214745089,na,na,Benign,0
BARD1,2,214780553,na,na,Likely benign,0
BARD1,2,214792427,na,na,Benign,0
BARD1,2,214745168,na,na,Likely benign,0
BRIP1,17,61683449,na,na,Benign,0
BRIP1,17,61859789,na,na,Likely benign,0
BARD1,2,214781079,na,na,Benign,0
BRIP1,17,61780969,na,na,Benign,0
BARD1,2,214730521,na,na,Likely benign,0
BARD1,2,214730438,na,na,Benign,0
BARD1,2,214728952,na,na,Benign,0
BRIP1,17,61743121,na,na,Benign,0
BRIP1,17,61776577,na,na,Likely benign,0
BARD1,2,214745714,na,na,Likely benign,0
BARD1,2,214745864,na,na,Likely benign,0
BARD1,2,214745060,na,na,Likely benign,0
BRIP1,17,61716081,na,na,Likely benign,0
BRIP1,17,61847116,na,na,Benign,0
BARD1,2,214767592,na,na,Benign,0
BARD1,2,214809429,na,na,Benign,0
BRIP1,17,61744454,na,na,Benign,0
BARD1,2,214792301,na,na,Benign,0
BARD1,2,214767665,na,na,Likely benign,0
BARD1,2,214797051,na,na,Likely benign,0
BRIP1,17,61793621,na,na,Benign,0
BRIP1,17,61859815,na,na,Benign,0
BARD1,2,214752549,na,na,Benign,0
BARD1,2,214780755,na,na,Benign,0
BARD1,2,214780947,na,na,Benign,0
BRIP1,17,61793741,na,na,Likely benign,0
BRIP1,17,61685882,na,na,Benign,0
BRIP1,17,61793587,na,na,Likely benign,0
BRIP1,17,61684150,na,na,Likely benign,0
BRIP1,17,61715956,na,na,Benign,0
BRIP1,17,61861507,na,na,Benign,0
BRIP1,17,61686059,na,na,Benign,0
BRIP1,17,61847194,na,na,Benign,0
BRIP1,17,61808457,na,na,Likely benign,0
ATM,11,108297373,na,na,Pathogenic,1
BRIP1,17,61847131,na,na,Benign,0
BRIP1,17,61683599,na,na,Benign,0
BRIP1,17,61693440,na,na,Benign,0
BARD1,2,214728688,na,na,Benign,0
BRIP1,17,61781012,na,na,Likely benign,0
BARD1,2,214769330,na,na,Likely benign,0
BRIP1,17,61808770,na,na,Likely benign,0
BRIP1,17,61780832,na,na,Likely benign,0
BARD1,2,214781133,na,na,Benign,0
BARD1,2,214767583,na,na,Benign,0
BARD1,2,214767547,na,na,Benign,0
BRIP1,17,61857182,na,na,Benign,0
BARD1,2,214752537,na,na,Benign,0
ATM,11,108331443,na,na,Likely pathogenic,1
BARD1,2,214767646,na,na,Benign,0
BRIP1,17,61683499,na,na,Benign,0
BRIP1,17,61808595,na,na,Benign,0
BARD1,2,214809548,na,na,Benign,0
BARD1,2,214792460,na,na,Likely benign,0
BRIP1,17,61715959,na,na,Benign,0
BARD1,2,214780692,na,na,Benign,0
BARD1,2,214769268,na,na,Benign,0
BARD1,2,214781522,na,na,Likely benign,0
BRIP1,17,61849138,na,na,Benign,0
BARD1,2,214781025,na,na,Benign,0
BRIP1,17,61801244,na,na,Likely benign,0
BARD1,2,214767544,na,na,Benign,0
BRIP1,17,61743127,na,na,Benign,0
BARD1,2,214767473,na,na,Likely benign,0
BARD1,2,214797053,na,na,Likely benign,0
BARD1,2,214781157,na,na,Benign,0
BARD1,2,214730403,na,na,Likely benign,0
BRIP1,17,61683857,na,na,Benign,0
BARD1,2,214730519,na,na,Likely benign,0
BARD1,2,214745168,na,na,Likely benign,0
BARD1,2,214728826,na,na,Benign,0
BRIP1,17,61776506,na,na,Benign,0
BRIP1,17,61799192,na,na,Benign,0
BARD1,2,214745862,na,na,Likely benign,0
BRIP1,17,61716007,na,na,Benign,0
BRCA2,13,32339202,na,na,Pathogenic,1
TSC1,9,132925755,na,na,Likely benign,0
BRIP1,17,61683983,na,na,Benign,0
BRIP1,17,61685948,na,na,Benign,0
BARD1,2,214781094,na,na,Benign,0
BRIP1,17,61685952,na,na,Pathogenic,1
BRIP1,17,61683749,na,na,Benign,0
BRIP1,17,61857194,na,na,Benign,0
BARD1,2,214730526,na,na,Likely benign,0
BARD1,2,214781525,na,na,Likely benign,0
BRIP1,17,61799306,na,na,Likely benign,0
BRIP1,17,61683875,na,na,Benign,0
BARD1,2,214728796,na,na,Benign,0
BRIP1,17,61716083,na,na,Likely benign,0
BRIP1,17,61799192,na,na,Benign,0
BRIP1,17,61744609,na,na,Likely benign,0
BRIP1,17,61793618,na,na,Benign,0
BARD1,2,214780911,na,na,Benign,0
BRIP1,17,61776494,na,na,Benign,0
BARD1,2,214797053,na,na,Likely benign,0
BRIP1,17,61861495,na,na,Benign,0
BRIP1,17,61685829,na,na,Likely benign,0
BRIP1,17,61683773,na,na,Benign,0
BRIP1,17,61780421,na,na,Likely benign,0
BARD1,2,214780995,na,na,Benign,0
BRIP1,17,61743055,na,na,Benign,0
BRIP1,17,61683803,na,na,Benign,0
BARD1,2,214781211,na,na,Benign,0
BRIP1,17,61781021,na,na,Likely benign,0
BRIP1,17,61683956,na,na,Benign,0
BARD1,2,214797134,na,na,Likely benign,0
BRIP1,17,61683707,na,na,Benign,0
BARD1,2,214745810,na,na,Benign,0
BARD1,2,214745140,na,na,Benign,0
BRIP1,17,61793720,na,na,Benign,0
MAN2C1,15,75367510,na,na,Likely pathogenic,1
ARID2,12,45904923,na,na,Likely benign,0
GTF2IRD1,7,74515496,na,na,Benign,0
GTF2F1,19,6381617,na,na,Likely benign,0
PALB2,16,23636263,na,na,Pathogenic,1
PALB2,16,23626260,na,na,Likely benign,0
ATM,11,108250297,na,na,Likely pathogenic,1
ATM,11,108271249,na,na,Likely pathogenic,1
ATM,11,108279610,na,na,Likely pathogenic,1
BRCA2,13,32332762,na,na,Likely benign,0
BRCA1,17,43091922,na,na,Likely benign,0
BRCA2,13,32340328,na,na,Likely benign,0
BRCA2,13,32316502,na,na,Likely benign,0
BRCA2,13,32326143,na,na,Likely benign,0
BRCA2,13,32341198,na,na,Likely pathogenic,1
BARD1,2,214780938,na,na,Likely benign,0
BARD1,2,214767502,na,na,Pathogenic,1
BARD1,2,214780737,na,na,Likely benign,0
CHEK2,22,28725125,na,na,Likely pathogenic,1
LRPPRC,2,43948362,na,na,Likely benign,0
BRCA1,17,43076513,na,na,Pathogenic,1
ATM,11,108271082,na,na,Likely pathogenic,1
ATM,11,108316010,na,na,Likely pathogenic,1
BRCA2,13,32332787,na,na,Pathogenic,1
BRCA1,17,43092421,na,na,Likely benign,0
RAD51C,17,58695281,na,na,Likely benign,0
RAD51C,17,58695280,na,na,Likely benign,0
BRWD3,X,80734225,na,na,Benign,0
BRCA1,17,43049209,na,na,Likely benign,0
BRCA2,13,32340586,na,na,Likely benign,0
RAD51D,17,35101311,na,na,Pathogenic,1
ARHGEF10,8,1925374,na,na,Likely benign,0
BRCA2,13,32336489,na,na,Likely benign,0
BRCA2,13,32355134,na,na,Likely benign,0
BRCA2,13,32379303,na,na,Likely benign,0
BRCA1,17,43092252,na,na,Likely benign,0
BRCA2,13,32371107,na,na,Likely benign,0
BRCA2,13,32325195,na,na,Likely benign,0
PALB2,16,23635790,na,na,Likely benign,0
RAD51D,17,35118638,na,na,Likely benign,0
BRCA2,13,32325116,na,na,Likely benign,0
BRCA1,17,43104112,na,na,Likely benign,0
BRCA2,13,32398176,na,na,Likely benign,0
PALB2,16,23621355,na,na,Likely benign,0
RAD51D,17,35119104,na,na,Likely benign,0
BARD1,2,214809431,na,na,Likely benign,0
BRCA2,13,32363248,na,na,Likely benign,0
BRCA2,13,32329511,na,na,Likely benign,0
RNF168,3,196487398,na,na,Likely pathogenic,1
BRCA2,13,32329504,na,na,Likely benign,0
BRCA2,13,32332764,na,na,Pathogenic,1
PALB2,16,23603681,na,na,Likely benign,0
BRCA2,13,32363392,na,na,Likely benign,0
BRCA1,17,43091007,na,na,Likely benign,0
RAD51D,17,35107429,na,na,Likely benign,0
BRCA1,17,43093176,na,na,Likely benign,0
BRCA1,17,43092747,na,na,Likely benign,0
BRCA2,13,32329505,na,na,Likely benign,0
BRCA1,17,43097295,na,na,Likely benign,0
PALB2,16,23623127,na,na,Likely benign,0
BRCA2,13,32339266,na,na,Likely benign,0
HIVEP2,6,142770007,na,na,Likely benign,0
BRCA1,17,43071257,na,na,Likely benign,0
BRCA2,13,32341216,na,na,Likely benign,0
BRCA1,17,43093269,na,na,Likely benign,0
BRCA2,13,32332256,na,na,Likely benign,0
BRCA2,13,32337352,na,na,Likely benign,0
PALB2,16,23635808,na,na,Likely benign,0
BRCA2,13,32380102,na,na,Likely benign,0
BRCA2,13,32363168,na,na,Likely benign,0
BRCA2,13,32344672,na,na,Likely benign,0
BARD1,2,214781490,na,na,Likely benign,0
BRCA2,13,32355170,na,na,Likely benign,0
BRCA1,17,43076541,na,na,Likely benign,0
BRCA2,13,32344541,na,na,Likely benign,0
CHEK2,22,28699836,na,na,Likely pathogenic,1
BRCA2,13,32340754,na,na,Likely benign,0
PALB2,16,23635301,na,na,Likely benign,0
BRCA2,13,32376704,na,na,Likely benign,0
BRCA2,13,32354851,na,na,Likely benign,0
BRCA2,13,32337823,na,na,Likely benign,0
BRCA2,13,32338294,na,na,Likely benign,0
BRCA2,13,32332407,na,na,Pathogenic,1
BRCA2,13,32380152,na,na,Likely benign,0
BARD1,2,214745174,na,na,Likely benign,0
BRCA2,13,32379309,na,na,Likely benign,0
CHEK2,22,28711895,na,na,Likely benign,0
BRCA2,13,32315686,na,na,Likely benign,0
BRCA2,13,32357906,na,na,Likely benign,0
BRCA2,13,32356432,na,na,Likely benign,0
CHEK2,22,28695258,na,na,Likely benign,0
RAD51D,17,35119584,na,na,Likely benign,0
RAD51D,17,35103342,na,na,Likely benign,0
BRCA2,13,32337634,na,na,Likely benign,0
BRCA1,17,43074404,na,na,Likely benign,0
CHEK2,22,28687924,na,na,Likely benign,0
BRCA1,17,43106436,na,na,Likely benign,0
BRCA1,17,43091423,na,na,Likely benign,0
BRCA2,13,32346912,na,na,Likely benign,0
BRCA2,13,32371003,na,na,Likely benign,0
PALB2,16,23629623,na,na,Likely benign,0
BRCA2,13,32336638,na,na,Pathogenic,1
CHEK2,22,28694012,na,na,Likely benign,0
BRCA2,13,32398653,na,na,Likely benign,0
PALB2,16,23635934,na,na,Likely benign,0
BRCA2,13,32344604,na,na,Likely benign,0
BRCA2,13,32336804,na,na,Pathogenic,1
BRCA2,13,32337782,na,na,Pathogenic,1
BRCA2,13,32326091,na,na,Likely benign,0
PALB2,16,23626362,na,na,Likely benign,0
RAD51D,17,35119518,na,na,Likely benign,0
BRCA1,17,43097301,na,na,Likely benign,0
BRCA2,13,32336288,na,na,Likely benign,0
PALB2,16,23638057,na,na,Likely benign,0
BRCA2,13,32333068,na,na,Likely benign,0
BRCA1,17,43104852,na,na,Likely benign,0
PALB2,16,23638108,na,na,Likely benign,0
BARD1,2,214730517,na,na,Likely benign,0
BARD1,2,214780815,na,na,Likely benign,0
CHEK2,22,28689235,na,na,Likely benign,0
BRCA2,13,32338105,na,na,Likely benign,0
BRCA2,13,32340199,na,na,Likely benign,0
BRCA1,17,43093977,na,na,Likely benign,0
CHEK2,22,28725223,na,na,Likely benign,0
BRCA2,13,32379992,na,na,Likely benign,0
PALB2,16,23626416,na,na,Likely benign,0
RAD51D,17,35106498,na,na,Likely benign,0
BRCA2,13,32363488,na,na,Likely benign,0
BRCA2,13,32370482,na,na,Likely benign,0
BARD1,2,214809465,na,na,Likely benign,0
BRCA2,13,32336362,na,na,Likely benign,0
BRCA1,17,43104857,na,na,Likely benign,0
CHEK2,22,28725135,na,na,Likely benign,0
BRCA2,13,32379991,na,na,Likely benign,0
CHEK2,22,28694020,na,na,Likely benign,0
BRCA2,13,32332801,na,na,Likely benign,0
BRCA2,13,32356629,na,na,Likely benign,0
PALB2,16,23614034,na,na,Likely benign,0
CHEK2,22,28711983,na,na,Likely benign,0
CHEK2,22,28711900,na,na,Likely benign,0
BRCA2,13,32363410,na,na,Likely benign,0
RAD51D,17,35100973,na,na,Likely benign,0
BRCA2,13,32394873,na,na,Likely benign,0
BARD1,2,214728820,na,na,Likely benign,0
RAD51C,17,58724110,na,na,Likely benign,0
BRCA2,13,32398501,na,na,Likely benign,0
BRCA2,13,32337199,na,na,Likely benign,0
CHEK2,22,28694132,na,na,Likely benign,0
BRCA1,17,43093488,na,na,Likely benign,0
BRCA2,13,32331039,na,na,Likely benign,0
BRCA1,17,43094030,na,na,Pathogenic,1
RAD51C,17,58732467,na,na,Likely benign,0
PALB2,16,23636315,na,na,Pathogenic,1
CHEK2,22,28687988,na,na,Likely pathogenic,1
BRCA2,13,32319335,na,na,Likely benign,0
BRCA1,17,43092582,na,na,Likely benign,0
BRCA1,17,43097232,na,na,Likely benign,0
CHEK2,22,28710020,na,na,Pathogenic,1
BRCA1,17,43092183,na,na,Likely benign,0
BRCA1,17,43097233,na,na,Likely benign,0
PALB2,16,23630123,na,na,Likely benign,0
RAD51C,17,58696686,na,na,Likely benign,0
BRCA2,13,32330930,na,na,Likely benign,0
BRCA2,13,32362505,na,na,Likely benign,0
PALB2,16,23635517,na,na,Likely benign,0
BRCA2,13,32357930,na,na,Pathogenic,1
BRCA1,17,43093590,na,na,Likely benign,0
BRCA2,13,32338660,na,na,Likely benign,0
BARD1,2,214809459,na,na,Likely benign,0
CHEK2,22,28695721,na,na,Likely benign,0
BRCA2,13,32367018,na,na,Likely benign,0
BARD1,2,214745830,na,na,Pathogenic,1
BRCA2,13,32397029,na,na,Likely benign,0
BRCA2,13,32394732,na,na,Likely benign,0
RAD51C,17,58696868,na,na,Likely benign,0
PALB2,16,23636228,na,na,Likely benign,0
BRCA2,13,32376701,na,na,Likely benign,0
BRCA2,13,32325140,na,na,Likely benign,0
PALB2,16,23635907,na,na,Likely benign,0
BRCA2,13,32363546,na,na,Likely benign,0
BRCA2,13,32339524,na,na,Likely benign,0
BRCA2,13,32376782,na,na,Likely benign,0
BRCA1,17,43104149,na,na,Likely benign,0
PALB2,16,23624114,na,na,Likely benign,0
PALB2,16,23621487,na,na,Likely benign,0
BRCA2,13,32339146,na,na,Likely benign,0
RAD51D,17,35103437,na,na,Likely benign,0
RAD51D,17,35118486,na,na,Likely benign,0
BRCA2,13,32379876,na,na,Pathogenic,1
BARD1,2,214728793,na,na,Likely pathogenic,1
PALB2,16,23638144,na,na,Likely benign,0
BRCA2,13,32379835,na,na,Likely benign,0
BRCA1,17,43095853,na,na,Likely benign,0
BARD1,2,214745178,na,na,Likely benign,0
BARD1,2,214797130,na,na,Likely benign,0
CHEK2,22,28734410,na,na,Likely benign,0
BRCA2,13,32356456,na,na,Likely benign,0
BARD1,2,214767661,na,na,Likely benign,0
BRCA2,13,32379481,na,na,Likely benign,0
BRCA2,13,32330909,na,na,Likely benign,0
BRCA2,13,32336608,na,na,Likely benign,0
PALB2,16,23629895,na,na,Likely benign,0
BRCA2,13,32336974,na,na,Likely benign,0
BRCA1,17,43104239,na,na,Likely benign,0
BRCA2,13,32379927,na,na,Likely benign,0
PALB2,16,23637972,na,na,Likely benign,0
BARD1,2,214781508,na,na,Likely benign,0
BRCA1,17,43093080,na,na,Likely benign,0
CHEK2,22,28695691,na,na,Likely benign,0
RAD51D,17,35106991,na,na,Likely benign,0
CHEK2,22,28719469,na,na,Likely benign,0
PALB2,16,23630474,na,na,Likely benign,0
BRCA1,17,43071249,na,na,Likely benign,0
RAD51D,17,35118566,na,na,Likely benign,0
BRCA2,13,32336266,na,na,Likely benign,0
RAD51D,17,35101306,na,na,Likely benign,0
BRCA1,17,43091421,na,na,Likely benign,0
BRCA2,13,32396879,na,na,Likely benign,0
PALB2,16,23624110,na,na,Likely benign,0
PALB2,16,23630203,na,na,Pathogenic,1
CHEK2,22,28695818,na,na,Pathogenic,1
BARD1,2,214752534,na,na,Likely benign,0
RAD51D,17,35119524,na,na,Likely benign,0
BARD1,2,214767468,na,na,Likely benign,0
BRCA2,13,32326110,na,na,Likely benign,0
BRCA1,17,43093143,na,na,Likely benign,0
BCAT2,19,48796571,na,na,Likely benign,0
CHEK2,22,28694013,na,na,Likely benign,0
BARD1,2,214797088,na,na,Pathogenic,1
BRCA1,17,43067595,na,na,Likely benign,0
FOCAD,9,20740223,na,na,Benign,0
BRCA2,13,32341039,na,na,Likely benign,0
BRCA1,17,43099812,na,na,Likely benign,0
PALB2,16,23603462,na,na,Likely benign,0
BRCA1,17,43071063,na,na,Likely benign,0
BRCA1,17,43104257,na,na,Likely benign,0
CHEK2,22,28689126,na,na,Likely benign,0
BRCA2,13,32316408,na,na,Likely benign,0
RAD51D,17,35107084,na,na,Likely benign,0
CHEK2,22,28699825,na,na,Likely benign,0
BRCA1,17,43092554,na,na,Pathogenic,1
BRCA2,13,32333026,na,na,Likely benign,0
BARD1,2,214728786,na,na,Likely benign,0
BRCA1,17,43104131,na,na,Likely benign,0
PALB2,16,23623146,na,na,Likely benign,0
PALB2,16,23641090,na,na,Likely benign,0
PALB2,16,23629187,na,na,Likely benign,0
BRCA2,13,32336533,na,na,Likely benign,0
BRCA2,13,32340574,na,na,Likely benign,0
BRCA2,13,32379525,na,na,Likely benign,0
BRCA1,17,43082522,na,na,Likely benign,0
BRCA1,17,43049212,na,na,Likely benign,0
BRCA2,13,32379528,na,na,Likely benign,0
BRCA1,17,43091496,na,na,Likely benign,0
CHEK2,22,28719502,na,na,Likely benign,0
BARD1,2,214730525,na,na,Likely benign,0
BRCA2,13,32332801,na,na,Likely benign,0
BRCA2,13,32394683,na,na,Likely benign,0
CHEK2,22,28725226,na,na,Likely benign,0
CHEK2,22,28710078,na,na,Likely benign,0
BARD1,2,214781522,na,na,Likely benign,0
CHEK2,22,28734393,na,na,Likely benign,0
BRCA2,13,32394690,na,na,Likely benign,0
RAD51D,17,35107466,na,na,Likely benign,0
BRCA1,17,43091438,na,na,Likely benign,0
PALB2,16,23603561,na,na,Likely benign,0
RAD51D,17,35101381,na,na,Likely benign,0
BRCA1,17,43076643,na,na,Likely benign,0
BRCA2,13,32319135,na,na,Pathogenic,1
BARD1,2,214730476,na,na,Pathogenic,1
BRCA2,13,32333402,na,na,Likely benign,0
BARD1,2,214767538,na,na,Likely benign,0
BRCA1,17,43125261,na,na,Likely benign,0
BRCA1,17,43099785,na,na,Likely benign,0
BRCA1,17,43067595,na,na,Likely benign,0
BRCA1,17,43082393,na,na,Likely benign,0
RAD51D,17,35118626,na,na,Likely benign,0
PALB2,16,23634849,na,na,Likely benign,0
BRCA2,13,32338369,na,na,Likely benign,0
BRCA2,13,32338478,na,na,Pathogenic,1
BRCA2,13,32357940,na,na,Likely benign,0
BRCA1,17,43045821,na,na,Likely benign,0
RAD51D,17,35106499,na,na,Likely benign,0
BRCA1,17,43092075,na,na,Likely benign,0
BRCA1,17,43091913,na,na,Likely benign,0
BRCA1,17,43071075,na,na,Likely benign,0
BRCA1,17,43094367,na,na,Likely benign,0
BRCA1,17,43076643,na,na,Likely benign,0
CHEK2,22,28734394,na,na,Likely benign,0
RAD51D,17,35119097,na,na,Likely benign,0
RAD51C,17,58703186,na,na,Likely benign,0
BRCA1,17,43070910,na,na,Likely benign,0
BRCA2,13,32319079,na,na,Likely benign,0
CHEK2,22,28734389,na,na,Likely benign,0
BRCA1,17,43071252,na,na,Likely benign,0
SPG11,15,44613537,na,na,Likely pathogenic,1
CHEK2,22,28712029,na,na,Likely benign,0
CHEK2,22,28703492,na,na,Likely benign,0
BRCA1,17,43049209,na,na,Likely benign,0
PALB2,16,23638082,na,na,Likely benign,0
BRCA1,17,43092732,na,na,Likely benign,0
RAD51C,17,58720742,na,na,Likely benign,0
BRCA2,13,32370470,na,na,Likely benign,0
BRCA2,13,32380155,na,na,Likely benign,0
RAD51D,17,35119513,na,na,Likely benign,0
SLC12A2,5,128114580,na,na,Likely benign,0
RAD51D,17,35103447,na,na,Likely benign,0
CHEK2,22,28712022,na,na,Likely benign,0
BARD1,2,214809396,na,na,Likely benign,0
BARD1,2,214745872,na,na,Likely benign,0
BARD1,2,214730498,na,na,Likely benign,0
BRCA2,13,32354981,na,na,Likely benign,0
BRCA2,13,32326159,na,na,Likely benign,0
RAD51D,17,35103527,na,na,Likely benign,0
CHEK2,22,28695114,na,na,Likely benign,0
PALB2,16,23638145,na,na,Likely benign,0
BRCA1,17,43067592,na,na,Likely benign,0
RAD51D,17,35119191,na,na,Likely benign,0
PALB2,16,23641097,na,na,Likely benign,0
BRCA2,13,32315676,na,na,Likely benign,0
PALB2,16,23638133,na,na,Likely benign,0
BRCA2,13,32338422,na,na,Pathogenic,1
BRCA1,17,43095935,na,na,Likely benign,0
BARD1,2,214780599,na,na,Likely benign,0
BRCA2,13,32337212,na,na,Pathogenic,1
PALB2,16,23629277,na,na,Likely pathogenic,1
BRCA2,13,32332853,na,na,Likely benign,0
BRCA2,13,32357783,na,na,Likely benign,0
BARD1,2,214745056,na,na,Likely benign,0
BRCA2,13,32379777,na,na,Pathogenic,1
CHEK2,22,28689200,na,na,Pathogenic,1
RAD51D,17,35106487,na,na,Likely benign,0
BRCA1,17,43125262,na,na,Likely benign,0
PALB2,16,23635484,na,na,Likely benign,0
BRCA1,17,43091001,na,na,Likely benign,0
CHEK2,22,28725138,na,na,Likely benign,0
RAD51D,17,35106384,na,na,Likely pathogenic,1
BRCA1,17,43095856,na,na,Likely benign,0
BRCA1,17,43104854,na,na,Likely benign,0
PALB2,16,23635790,na,na,Likely benign,0
CHEK2,22,28719498,na,na,Likely benign,0
BRCA2,13,32325195,na,na,Likely benign,0
CHEK2,22,28734494,na,na,Likely benign,0
BRCA2,13,32398677,na,na,Likely benign,0
BRCA2,13,32338747,na,na,Likely benign,0
CHEK2,22,28695114,na,na,Likely benign,0
CHEK2,22,28734605,na,na,Likely benign,0
BRCA2,13,32341197,na,na,Likely pathogenic,1
BRCA1,17,43104865,na,na,Likely pathogenic,1
BRCA2,13,32325067,na,na,Likely benign,0
RAD51D,17,35107126,na,na,Likely benign,0
BRCA2,13,32394685,na,na,Likely benign,0
BRCA1,17,43104125,na,na,Likely benign,0
BRCA2,13,32394915,na,na,Likely benign,0
BARD1,2,214745049,na,na,Likely benign,0
BARD1,2,214745836,na,na,Likely benign,0
BARD1,2,214767606,na,na,Pathogenic,1
PALB2,16,23614032,na,na,Pathogenic,1
RAD51D,17,35118512,na,na,Likely benign,0
BRCA2,13,32340091,na,na,Likely benign,0
BRCA1,17,43099851,na,na,Likely benign,0
BRCA2,13,32394927,na,na,Likely benign,0
BRCA2,13,32330957,na,na,Likely benign,0
CHEK2,22,28695198,na,na,Pathogenic,1
CHEK2,22,28695727,na,na,Likely benign,0
BARD1,2,214792278,na,na,Likely benign,0
PALB2,16,23635841,na,na,Likely benign,0
BRCA2,13,32338927,na,na,Likely benign,0
CHEK2,22,28719499,na,na,Likely benign,0
BRCA1,17,43097231,na,na,Likely benign,0
BRCA1,17,43092822,na,na,Likely benign,0
RAD51D,17,35107066,na,na,Pathogenic,1
BRCA2,13,32338054,na,na,Likely benign,0
CHEK2,22,28689123,na,na,Likely benign,0
CHEK2,22,28699865,na,na,Pathogenic,1
BRCA2,13,32398149,na,na,Likely benign,0
PALB2,16,23629194,na,na,Likely benign,0
BRCA1,17,43091778,na,na,Likely benign,0
BRCA2,13,32330912,na,na,Likely benign,0
BRCA2,13,32362519,na,na,Likely benign,0
CHEK2,22,28699955,na,na,Likely benign,0
BRCA2,13,32339702,na,na,Pathogenic,1
BRCA2,13,32340661,na,na,Likely benign,0
BRCA1,17,43082525,na,na,Likely benign,0
PALB2,16,23634920,na,na,Likely benign,0
BRCA1,17,43092584,na,na,Likely benign,0
BRIP1,17,61808698,na,na,Likely benign,0
BRIP1,17,61799088,na,na,Likely benign,0
BRIP1,17,61743153,na,na,Likely benign,0
BRIP1,17,61684145,na,na,Likely benign,0
BRIP1,17,61683335,na,na,Likely benign,0
BRIP1,17,61799120,na,na,Likely benign,0
BRIP1,17,61784429,na,na,Likely benign,0
BRIP1,17,61793711,na,na,Likely benign,0
BRIP1,17,61801490,na,na,Likely benign,0
BRIP1,17,61744476,na,na,Pathogenic,1
BRIP1,17,61683425,na,na,Likely benign,0
BRIP1,17,61685720,na,na,Likely benign,0
BRIP1,17,61857038,na,na,Likely benign,0
BRIP1,17,61808763,na,na,Likely benign,0
BRIP1,17,61683974,na,na,Likely benign,0
BRIP1,17,61685718,na,na,Likely benign,0
BRIP1,17,61685915,na,na,Likely benign,0
BRIP1,17,61683869,na,na,Likely benign,0
BRIP1,17,61780957,na,na,Likely benign,0
BRIP1,17,61793579,na,na,Likely benign,0
BRIP1,17,61683656,na,na,Likely benign,0
BRIP1,17,61744438,na,na,Pathogenic,1
BRIP1,17,61685829,na,na,Likely benign,0
BRIP1,17,61715992,na,na,Pathogenic,1
BRIP1,17,61793736,na,na,Likely benign,0
BRIP1,17,61685824,na,na,Likely benign,0
BRIP1,17,61808450,na,na,Likely benign,0
BRIP1,17,61683761,na,na,Likely benign,0
BRIP1,17,61744611,na,na,Likely benign,0
BRIP1,17,61793582,na,na,Likely benign,0
BRIP1,17,61799245,na,na,Pathogenic,1
BRIP1,17,61808641,na,na,Likely benign,0
BRIP1,17,61849150,na,na,Likely benign,0
BRIP1,17,61861429,na,na,Likely benign,0
BRIP1,17,61780827,na,na,Likely benign,0
BRIP1,17,61744414,na,na,Likely benign,0
BRIP1,17,61744593,na,na,Likely pathogenic,1
BRIP1,17,61743103,na,na,Likely benign,0
BRIP1,17,61683893,na,na,Likely benign,0
BRIP1,17,61859795,na,na,Likely pathogenic,1
BRIP1,17,61776518,na,na,Likely benign,0
BRIP1,17,61857244,na,na,Likely benign,0
BRIP1,17,61685820,na,na,Likely benign,0
BRIP1,17,61849112,na,na,Likely benign,0
BRIP1,17,61847228,na,na,Likely benign,0
BRIP1,17,61716010,na,na,Likely benign,0
BRIP1,17,61693413,na,na,Likely benign,0
BRIP1,17,61859785,na,na,Likely benign,0
BRIP1,17,61743002,na,na,Likely benign,0
BRIP1,17,61857242,na,na,Likely benign,0
BRIP1,17,61857250,na,na,Likely benign,0
BRIP1,17,61684058,na,na,Likely benign,0
BRCA2,13,32336897,na,na,Pathogenic,1
RIPK1,6,3110802,na,na,Likely pathogenic,1
RAD51C;TEX14,17,58732720,na,na,Benign,0
ARHGEF17,11,73363319,na,na,Likely benign,0
TANC1,2,159219716,na,na,Likely benign,0
SPRED2,2,65313953,na,na,Likely benign,0
HNRNPK,9,83978170,na,na,Likely benign,0
RAD51C,17,58724105,na,na,Likely pathogenic,1
RAD51C,17,58692791,na,na,Likely pathogenic,1
CHEK2,22,28711930,na,na,Benign,0
CHEK2,22,28734545,na,na,Benign,0
CHEK2,22,28697006,na,na,Likely benign,0
CHEK2,22,28725375,na,na,Likely benign,0
CHEK2,22,28725373,na,na,Likely benign,0
BRIP1,17,61849127,na,na,Likely pathogenic,1
CHEK2,22,28695882,na,na,Likely benign,0
CHEK2,22,28689183,na,na,Benign,0
CHEK2,22,28694053,na,na,Benign,0
ATM,11,108365514,na,na,Benign,0
ATM,11,108365515,na,na,Benign,0
CHEK2,22,28719400,na,na,Benign,0
CHEK2,22,28689165,na,na,Benign,0
ATM,11,108365513,na,na,Benign,0
CHEK2,22,28725339,na,na,Benign,0
ATM,11,108365517,na,na,Benign,0
CHEK2,22,28699913,na,na,Benign,0
CHEK2,22,28734740,na,na,Likely benign,0
CHEK2,22,28696931,na,na,Benign,0
CHEK2,22,28734446,na,na,Benign,0
CHEK2,22,28703577,na,na,Likely benign,0
RAD51C,17,58696737,na,na,Likely pathogenic,1
CHEK2,22,28699950,na,na,Likely benign,0
CHEK2,22,28703497,na,na,Likely benign,0
CHEK2,22,28725377,na,na,Likely benign,0
CHEK2,22,28699859,na,na,Benign,0
CHEK2,22,28734741,na,na,Likely benign,0
CHEK2,22,28734500,na,na,Benign,0
CHEK2,22,28725137,na,na,Likely benign,0
CHEK2,22,28694127,na,na,Likely benign,0
CHEK2,22,28687896,na,na,Benign,0
CHEK2,22,28687924,na,na,Benign,0
CHEK2,22,28687891,na,na,Benign,0
CHEK2,22,28724966,na,na,Benign,0
CHEK2,22,28696946,na,na,Benign,0
CHEK2,22,28711918,na,na,Benign,0
CHEK2,22,28688004,na,na,Likely benign,0
CHEK2,22,28725131,na,na,Likely benign,0
CHEK2,22,28724999,na,na,Benign,0
CHEK2,22,28689183,na,na,Benign,0
CHEK2,22,28734449,na,na,Benign,0
CHEK2,22,28725022,na,na,Benign,0
CHEK2,22,28725376,na,na,Likely benign,0
CHEK2,22,28734551,na,na,Benign,0
CHEK2,22,28695703,na,na,Likely benign,0
CHEK2,22,28719504,na,na,Likely benign,0
CHEK2,22,28711909,na,na,Benign,0
CHEK2,22,28689159,na,na,Benign,0
ATM,11,108327671,na,na,Pathogenic,1
CHEK2,22,28725104,na,na,Benign,0
ATM,11,108365510,na,na,Benign,0
CHEK2,22,28696892,na,na,Likely benign,0
ATM,11,108365518,na,na,Benign,0
CHEK2,22,28699877,na,na,Benign,0
CHEK2,22,28687888,na,na,Benign,0
CHEK2,22,28710066,na,na,Likely benign,0
CHEK2,22,28696993,na,na,Likely benign,0
PALB2,16,23637849,na,na,Likely pathogenic,1
CHEK2,22,28725235,na,na,Likely benign,0
CHEK2,22,28734575,na,na,Benign,0
CHEK2,22,28734665,na,na,Benign,0
CHEK2,22,28711899,na,na,Likely benign,0
CHEK2,22,28734680,na,na,Benign,0
CHEK2,22,28711999,na,na,Benign,0
CHEK2,22,28697007,na,na,Likely benign,0
CHEK2,22,28699957,na,na,Likely benign,0
CHEK2,22,28725029,na,na,Benign,0
CHEK2,22,28695823,na,na,Benign,0
CHEK2,22,28689147,na,na,Benign,0
CHEK2,22,28687997,na,na,Likely benign,0
CHEK2,22,28711975,na,na,Benign,0
CHEK2,22,28689231,na,na,Likely benign,0
CHEK2,22,28734449,na,na,Benign,0
CHEK2,22,28695715,na,na,Benign,0
CHEK2,22,28696893,na,na,Likely benign,0
CHEK2,22,28719495,na,na,Likely benign,0
CHEK2,22,28695233,na,na,Benign,0
CHEK2,22,28694134,na,na,Likely benign,0
CHEK2,22,28695885,na,na,Likely benign,0
CHEK2,22,28725133,na,na,Likely benign,0
CHEK2,22,28695868,na,na,Benign,0
CHEK2,22,28711963,na,na,Benign,0
BRCA2,13,32376730,na,na,Pathogenic,1
CHEK2,22,28734737,na,na,Likely benign,0
CHEK2,22,28725083,na,na,Benign,0
CHEK2,22,28687930,na,na,Benign,0
CHEK2,22,28695790,na,na,Benign,0
CHEK2,22,28725068,na,na,Benign,0
CHEK2,22,28703564,na,na,Benign,0
CHEK2,22,28696993,na,na,Likely benign,0
CHEK2,22,28689223,na,na,Likely benign,0
CHEK2,22,28695256,na,na,Likely benign,0
CHEK2,22,28687994,na,na,Likely benign,0
CHEK2,22,28695161,na,na,Benign,0
CHEK2,22,28697005,na,na,Likely benign,0
CHEK2,22,28688003,na,na,Likely benign,0
CHEK2,22,28695892,na,na,Likely benign,0
CHEK2,22,28694052,na,na,Benign,0
CHEK2,22,28689219,na,na,Likely benign,0
CHEK2,22,28695745,na,na,Benign,0
CHEK2,22,28689222,na,na,Likely benign,0
CHEK2,22,28696925,na,na,Benign,0
CHEK2,22,28695253,na,na,Likely benign,0
CHEK2,22,28712036,na,na,Likely benign,0
CHEK2,22,28695887,na,na,Likely benign,0
CHEK2,22,28695885,na,na,Likely benign,0
CHEK2,22,28703585,na,na,Likely benign,0
CHEK2,22,28734581,na,na,Benign,0
BRIP1,17,61801476,na,na,Likely pathogenic,1
ATM,11,108253917,na,na,Pathogenic,1
ATM,11,108353755,na,na,Likely benign,0
BARD1,2,214781517,na,na,Likely benign,0
BRCA1,17,43092927,na,na,Likely benign,0
BRCA1,17,43076628,na,na,Likely benign,0
BRCA2,13,32332480,na,na,Likely benign,0
MLH1,3,36993769,na,na,Likely pathogenic,1
MSH6,2,47801167,na,na,Likely benign,0
MUTYH,1,45331862,na,na,Likely pathogenic,1
PALB2,16,23630484,na,na,Likely benign,0
PALB2,16,23629682,na,na,Pathogenic,1
PALB2,16,23638115,na,na,Likely benign,0
RAD51D,17,35103339,na,na,Likely benign,0
MSH6,2,47806875,na,na,Likely pathogenic,1
SF3B2,11,66055218,na,na,Likely benign,0
BRCA1,17,43104248,na,na,Pathogenic,1
HMMR,5,163475458,na,na,Benign,0
RAD51C,17,58720748,na,na,Likely benign,0
ABCA1,9,104794512,na,na,Likely pathogenic,1
ATM,11,108249115,na,na,Likely benign,0
ATM,11,108309103,na,na,Likely benign,0
ATM,11,108293301,na,na,Likely pathogenic,1
BRCA1,17,43093098,na,na,Likely benign,0
BRCA2,13,32370389,na,na,Likely benign,0
BRCA2,13,32333140,na,na,Likely pathogenic,1
ANOS1,X,8585266,na,na,Pathogenic,1
RAD51D,17,35101255,na,na,Benign,0
PALB2,16,23635577,na,na,Benign,0
PALB2,16,23629799,na,na,Benign,0
RAD51D,17,35107357,na,na,Likely benign,0
RAD51D,17,35107461,na,na,Likely benign,0
RAD51C,17,58696685,na,na,Likely benign,0
PALB2,16,23635655,na,na,Benign,0
PALB2,16,23623142,na,na,Likely benign,0
PALB2,16,23636350,na,na,Likely benign,0
RAD51C,17,58709840,na,na,Likely benign,0
RAD51C,17,58709856,na,na,Likely benign,0
RAD51D,17,35119553,na,na,Benign,0
PALB2,16,23637961,na,na,Likely benign,0
RAD51D,17,35106377,na,na,Likely benign,0
RAD51D,17,35100949,na,na,Benign,0
RAD51C,17,58734103,na,na,Likely benign,0
PALB2,16,23607902,na,na,Benign,0
RAD51C,17,58734099,na,na,Likely benign,0
RAD51D,17,35101051,na,na,Likely benign,0
RAD51D,17,35118527,na,na,Benign,0
RAD51D,17,35100952,na,na,Benign,0
PALB2,16,23630270,na,na,Benign,0
PALB2,16,23630009,na,na,Benign,0
PALB2,16,23636207,na,na,Benign,0
PALB2,16,23621463,na,na,Benign,0
PALB2,16,23636204,na,na,Benign,0
PALB2,16,23623145,na,na,Likely benign,0
PALB2,16,23629288,na,na,Likely benign,0
RAD51C,17,58734221,na,na,Benign,0
RAD51D,17,35118563,na,na,Benign,0
RAD51D,17,35107135,na,na,Likely benign,0
RAD51C,17,58703279,na,na,Benign,0
PALB2,16,23621439,na,na,Benign,0
PALB2,16,23630459,na,na,Benign,0
PALB2,16,23636243,na,na,Benign,0
RAD51C,17,58720751,na,na,Benign,0
RAD51C,17,58692703,na,na,Benign,0
RAD51C,17,58734223,na,na,Benign,0
PALB2,16,23629970,na,na,Benign,0
PALB2,16,23636189,na,na,Benign,0
PALB2,16,23634855,na,na,Likely benign,0
RAD51D,17,35100954,na,na,Benign,0
RAD51D,17,35100950,na,na,Benign,0
PALB2,16,23603458,na,na,Benign,0
PALB2,16,23603648,na,na,Benign,0
PALB2,16,23630486,na,na,Likely benign,0
RAD51C,17,58734230,na,na,Benign,0
RAD51C,17,58734132,na,na,Benign,0
RAD51C,17,58692682,na,na,Benign,0
PALB2,16,23630372,na,na,Benign,0
PALB2,16,23607905,na,na,Benign,0
BARD1,2,214781449,na,na,Pathogenic,1
PALB2,16,23635249,na,na,Benign,0
RAD51C,17,58724092,na,na,Benign,0
RAD51D,17,35103536,na,na,Benign,0
RAD51D,17,35119527,na,na,Likely benign,0
PALB2,16,23626414,na,na,Likely benign,0
RAD51C,17,58703323,na,na,Benign,0
RAD51D,17,35103445,na,na,Likely benign,0
PALB2,16,23636180,na,na,Benign,0
PALB2,16,23638148,na,na,Likely benign,0
PALB2,16,23603453,na,na,Benign,0
PALB2,16,23626287,na,na,Benign,0
PALB2,16,23636351,na,na,Likely benign,0
RAD51D,17,35106981,na,na,Likely benign,0
RAD51C,17,58696735,na,na,Benign,0
PALB2,16,23629844,na,na,Benign,0
RAD51D,17,35107462,na,na,Likely benign,0
BRCA1,17,43093577,na,na,Pathogenic,1
RAD51C,17,58724071,na,na,Benign,0
PALB2,16,23629682,na,na,Benign,0
RAD51C,17,58695097,na,na,Benign,0
RAD51C,17,58695073,na,na,Benign,0
PALB2,16,23635469,na,na,Benign,0
RAD51C,17,58696683,na,na,Likely benign,0
PALB2,16,23636348,na,na,Likely benign,0
PALB2,16,23634853,na,na,Likely benign,0
PALB2,16,23621367,na,na,Benign,0
PALB2,16,23624111,na,na,Likely benign,0
PALB2,16,23638141,na,na,Likely benign,0
RAD51D,17,35101240,na,na,Benign,0
RAD51D,17,35103559,na,na,Likely benign,0
RAD51D,17,35103488,na,na,Benign,0
RAD51C,17,58720819,na,na,Likely benign,0
RAD51C,17,58724077,na,na,Benign,0
RAD51D,17,35103245,na,na,Likely benign,0
RAD51D,17,35118599,na,na,Benign,0
RAD51D,17,35103278,na,na,Benign,0
PALB2,16,23630366,na,na,Benign,0
RAD51C,17,58694953,na,na,Benign,0
RAD51D,17,35107372,na,na,Benign,0
RAD51C,17,58695176,na,na,Likely pathogenic,1
RAD51D,17,35101383,na,na,Likely benign,0
RAD51C,17,58692703,na,na,Benign,0
BRIP1,17,61780322,na,na,Pathogenic,1
RAD51C,17,58696795,na,na,Benign,0
PALB2,16,23638136,na,na,Likely benign,0
RAD51C,17,58724072,na,na,Benign,0
PALB2,16,23614013,na,na,Benign,0
PALB2,16,23621497,na,na,Likely benign,0
PALB2,16,23623013,na,na,Benign,0
RAD51D,17,35119581,na,na,Benign,0
RAD51C,17,58694924,na,na,Likely benign,0
RAD51C,17,58694925,na,na,Likely benign,0
RAD51C,17,58724031,na,na,Likely benign,0
RAD51D,17,35103515,na,na,Benign,0
RAD51D,17,35107117,na,na,Benign,0
PALB2,16,23614107,na,na,Likely benign,0
RAD51D,17,35118625,na,na,Likely benign,0
RAD51C,17,58692700,na,na,Benign,0
PALB2,16,23635837,na,na,Benign,0
RAD51C,17,58695052,na,na,Benign,0
RAD51C,17,58695199,na,na,Likely benign,0
PALB2,16,23621353,na,na,Likely benign,0
RAD51D,17,35101034,na,na,Benign,0
PALB2,16,23630036,na,na,Benign,0
PALB2,16,23635442,na,na,Benign,0
PALB2,16,23637896,na,na,Benign,0
PALB2,16,23637869,na,na,Benign,0
RAD51D,17,35119149,na,na,Benign,0
PALB2,16,23636084,na,na,Benign,0
RAD51C,17,58695079,na,na,Benign,0
PALB2,16,23635916,na,na,Benign,0
RAD51D,17,35107405,na,na,Benign,0
PALB2,16,23622980,na,na,Benign,0
PALB2,16,23635013,na,na,Benign,0
PALB2,16,23624071,na,na,Benign,0
PALB2,16,23621486,na,na,Likely benign,0
PALB2,16,23635388,na,na,Benign,0
PALB2,16,23634914,na,na,Benign,0
PALB2,16,23624000,na,na,Likely benign,0
BRCA1,17,43094215,na,na,Likely benign,0
PALB2,16,23629661,na,na,Benign,0
PALB2,16,23635064,na,na,Benign,0
RAD51C,17,58734100,na,na,Likely benign,0
PALB2,16,23635736,na,na,Benign,0
PALB2,16,23630141,na,na,Benign,0
RAD51D,17,35103461,na,na,Benign,0
PALB2,16,23629793,na,na,Benign,0
PALB2,16,23635520,na,na,Benign,0
PALB2,16,23629904,na,na,Benign,0
PALB2,16,23629880,na,na,Benign,0
PALB2,16,23635595,na,na,Benign,0
PALB2,16,23622977,na,na,Benign,0
PALB2,16,23636351,na,na,Likely benign,0
PALB2,16,23630435,na,na,Benign,0
RAD51D,17,35101210,na,na,Benign,0
RAD51D,17,35118614,na,na,Benign,0
PALB2,16,23635010,na,na,Benign,0
RAD51D,17,35101348,na,na,Benign,0
RAD51C,17,58703178,na,na,Likely benign,0
PALB2,16,23636027,na,na,Benign,0
RAD51C,17,58696699,na,na,Benign,0
RAD51D,17,35101309,na,na,Benign,0
RAD51D,17,35101252,na,na,Benign,0
RAD51D,17,35107036,na,na,Benign,0
PALB2,16,23636344,na,na,Likely benign,0
RAD51C,17,58696700,na,na,Benign,0
PALB2,16,23629663,na,na,Benign,0
PALB2,16,23637862,na,na,Benign,0
RAD51C,17,58692700,na,na,Benign,0
RAD51C,17,58695130,na,na,Benign,0
RAD51D,17,35106406,na,na,Benign,0
RAD51C,17,58692766,na,na,Benign,0
PALB2,16,23603682,na,na,Likely benign,0
RAD51C,17,58709844,na,na,Likely benign,0
PALB2,16,23635082,na,na,Benign,0
PALB2,16,23608022,na,na,Likely benign,0
PALB2,16,23629231,na,na,Benign,0
PALB2,16,23607857,na,na,Likely benign,0
RAD51C,17,58694941,na,na,Benign,0
PALB2,16,23638121,na,na,Benign,0
RAD51C,17,58694983,na,na,Benign,0
RAD51C,17,58696714,na,na,Benign,0
PALB2,16,23635789,na,na,Benign,0
RAD51D,17,35119117,na,na,Benign,0
RAD51D,17,35107457,na,na,Likely benign,0
RAD51C,17,58720754,na,na,Benign,0
PALB2,16,23637964,na,na,Likely benign,0
RAD51D,17,35118533,na,na,Benign,0
RAD51D,17,35103475,na,na,Benign,0
PALB2,16,23629952,na,na,Benign,0
RAD51D,17,35107358,na,na,Likely benign,0
RAD51D,17,35118557,na,na,Benign,0
RAD51D,17,35119551,na,na,Benign,0
PALB2,16,23630417,na,na,Benign,0
PALB2,16,23635544,na,na,Benign,0
PALB2,16,23629646,na,na,Benign,0
RAD51C,17,58694919,na,na,Likely benign,0
RAD51C,17,58692775,na,na,Benign,0
PALB2,16,23629778,na,na,Benign,0
RAD51D,17,35101374,na,na,Likely benign,0
RAD51D,17,35103564,na,na,Likely benign,0
PALB2,16,23636340,na,na,Likely benign,0
PALB2,16,23603468,na,na,Benign,0
RAD51D,17,35106982,na,na,Likely benign,0
RAD51D,17,35101382,na,na,Likely benign,0
PALB2,16,23629742,na,na,Benign,0
PALB2,16,23637963,na,na,Likely benign,0
PALB2,16,23630033,na,na,Benign,0
PALB2,16,23603522,na,na,Benign,0
PALB2,16,23626417,na,na,Likely benign,0
RAD51C,17,58696676,na,na,Likely benign,0
RAD51C,17,58692795,na,na,Likely benign,0
PALB2,16,23608010,na,na,Benign,0
RAD51D,17,35118629,na,na,Likely benign,0
RAD51D,17,35118630,na,na,Likely benign,0
PALB2,16,23636349,na,na,Likely benign,0
RAD51C,17,58694966,na,na,Benign,0
BRCA1,17,43099773,na,na,Pathogenic,1
RAD51C,17,58695199,na,na,Likely benign,0
PALB2,16,23635019,na,na,Benign,0
PALB2,16,23635547,na,na,Benign,0
RAD51D,17,35103336,na,na,Likely benign,0
PALB2,16,23630045,na,na,Benign,0
PALB2,16,23635733,na,na,Benign,0
RAD51C,17,58734198,na,na,Benign,0
PALB2,16,23623051,na,na,Benign,0
PALB2,16,23636350,na,na,Likely benign,0
PALB2,16,23635399,na,na,Benign,0
BRCA2,13,32336927,na,na,Pathogenic,1
RAD51D,17,35101382,na,na,Likely benign,0
PALB2,16,23636057,na,na,Benign,0
PALB2,16,23636288,na,na,Benign,0
RAD51C,17,58709933,na,na,Benign,0
RAD51D,17,35106425,na,na,Benign,0
RAD51D,17,35101022,na,na,Benign,0
PALB2,16,23637914,na,na,Benign,0
RAD51D,17,35101273,na,na,Benign,0
RAD51C,17,58732493,na,na,Benign,0
PALB2,16,23629817,na,na,Benign,0
PALB2,16,23629775,na,na,Benign,0
PALB2,16,23624001,na,na,Likely benign,0
RAD51D,17,35103555,na,na,Likely benign,0
PALB2,16,23629994,na,na,Benign,0
PALB2,16,23634992,na,na,Benign,0
RAD51D,17,35101255,na,na,Benign,0
PALB2,16,23603688,na,na,Likely benign,0
PALB2,16,23636348,na,na,Likely benign,0
PALB2,16,23603681,na,na,Likely benign,0
RAD51C,17,58696685,na,na,Likely benign,0
PALB2,16,23626410,na,na,Likely benign,0
RAD51C,17,58695145,na,na,Benign,0
RAD51C,17,58696674,na,na,Likely benign,0
RAD51D,17,35118493,na,na,Likely benign,0
PALB2,16,23629898,na,na,Benign,0
PALB2,16,23635550,na,na,Benign,0
RAD51C,17,58734109,na,na,Likely benign,0
RAD51C,17,58692706,na,na,Benign,0
PALB2,16,23607947,na,na,Benign,0
RAD51C,17,58720736,na,na,Likely benign,0
RAD51C,17,58696774,na,na,Benign,0
PALB2,16,23624110,na,na,Likely benign,0
RAD51D,17,35101246,na,na,Benign,0
PALB2,16,23635811,na,na,Benign,0
RAD51D,17,35106395,na,na,Benign,0
RAD51C,17,58734224,na,na,Benign,0
PALB2,16,23641146,na,na,Benign,0
PALB2,16,23607932,na,na,Benign,0
PALB2,16,23641101,na,na,Likely benign,0
RAD51C,17,58734231,na,na,Benign,0
PALB2,16,23630405,na,na,Benign,0
RAD51C,17,58734228,na,na,Benign,0
RAD51C,17,58720729,na,na,Likely benign,0
RAD51C,17,58703206,na,na,Benign,0
RAD51D,17,35101345,na,na,Benign,0
PALB2,16,23638061,na,na,Likely benign,0
BARD1,2,214781334,na,na,Pathogenic,1
BRCA1,17,43093449,na,na,Likely benign,0
RAD51C,17,58696867,na,na,Likely benign,0
PALB2,16,23603450,na,na,Benign,0
HNRNPH1,5,179623170,na,na,Likely benign,0
ANKRD17,4,73085286,na,na,Likely benign,0
MAN2B2,4,6598201,na,na,Benign,0
DUOX1,15,45155883,na,na,Likely benign,0
PALB2,16,23629808,na,na,Likely benign,0
RAD51D,17,35106416,na,na,Likely benign,0
BRCA2,13,32376660,na,na,Likely benign,0
BRCA2,13,32332754,na,na,Pathogenic,1
BRCA1,17,43094246,na,na,Likely benign,0
ATM,11,108272852,na,na,Likely pathogenic,1
STK11,19,1207034,na,na,Likely pathogenic,1
BARD1,2,214745043,na,na,Benign,0
ATM,11,108244160,na,na,Benign,0
ATM,11,108335199,na,na,Benign,0
ATM,11,108334948,na,na,Benign,0
BRCA2,13,32398088,na,na,Benign,0
BARD1,2,214752354,na,na,Benign,0
BRCA2,13,32338496,na,na,Pathogenic,1
BRIP1,17,61776449,na,na,Benign,0
BRCA1,17,43091731,na,na,Pathogenic,1
BRCA2,13,32332613,na,na,Pathogenic,1
BRIP1,17,61685978,na,na,Pathogenic,1
BRCA2,13,32376791,na,na,Likely pathogenic,1
PALB2,16,23603488,na,na,Pathogenic,1
BRCA2,13,32325975,na,na,Benign,0
RAD51C,17,58692905,na,na,Benign,0
CHEK2,22,28703473,na,na,Benign,0
CHEK2,22,28689061,na,na,Benign,0
CHEK2,22,28719500,na,na,Benign,0
PTEN,10,87865326,na,na,Benign,0
TP53,17,7579817,na,na,Benign,0
RNFT1-DT,17,59981077,na,na,Benign,0
BRCA1,17,43124224,na,na,Benign,0
PTEN,10,87862876,na,na,Benign,0
BRCA2,13,32339903,na,na,Likely pathogenic,1
PTEN,10,87965578,na,na,Benign,0
-,2,21560438,na,na,Benign,0
BRCA2,13,32339384,na,na,Likely pathogenic,1
FANCM,14,45176976,na,na,Pathogenic,1
BRIP1,17,61780838,na,na,Likely pathogenic,1
PALB2,16,23629277,na,na,Likely pathogenic,1
BRIP1,17,61780840,na,na,Likely pathogenic,1
FANCM,14,45196185,na,na,Likely pathogenic,1
BARD1,2,214745855,na,na,Likely pathogenic,1
MEN1,11,64805104,na,na,Likely pathogenic,1
KDM5B,1,202741605,na,na,Benign,0
UGT2B17,4,68567761,na,na,Likely benign,0
HLA-B,6,31355128,na,na,Likely benign,0
DAAM2,6,39901792,na,na,Likely benign,0
CASZ1,1,10644936,na,na,Likely benign,0
BARD1,2,214781000,na,na,Likely pathogenic,1
BRCA2,13,32338853,na,na,Likely pathogenic,1
NHSL1,6,138433162,na,na,Likely benign,0
RAD51D,17,35103463,na,na,Pathogenic,1
SP100,2,230467208,na,na,Likely benign,0
TIMELESS,12,56423475,na,na,Likely benign,0
BRCA2,13,32370464,na,na,Likely benign,0
BRCA2,13,32379895,na,na,Likely benign,0
BRCA2,13,32336686,na,na,Likely benign,0
BRCA2,13,32398333,na,na,Likely benign,0
BRCA1,17,43092378,na,na,Likely benign,0
BRCA2,13,32371048,na,na,Likely benign,0
BRCA2,13,32394891,na,na,Likely benign,0
BRCA2,13,32371001,na,na,Likely benign,0
BRCA2,13,32362527,na,na,Likely benign,0
BRCA2,13,32363410,na,na,Likely benign,0
CHEK2,22,28724996,na,na,Likely benign,0
INCENP,11,62130360,na,na,Likely benign,0
IGFN1,1,201210874,na,na,Likely benign,0
TP53,17,7675221,na,na,Likely pathogenic,1
ATM,11,108299818,na,na,Pathogenic,1
ATM,11,108272852,na,na,Likely pathogenic,1
BARD1,2,214780639,na,na,Pathogenic,1
ATM,11,108333927,na,na,Pathogenic,1
BRCA2,13,32346825,na,na,Likely pathogenic,1
RAD51C,17,58695147,na,na,Likely pathogenic,1
ATM,11,108332039,na,na,Pathogenic,1
ATM,11,108301789,na,na,Likely pathogenic,1
PALB2,16,23636191,na,na,Pathogenic,1
BRCA1,17,43079395,na,na,Likely benign,0
BRCA1,17,43079385,na,na,Likely benign,0
PGM2,4,37846909,na,na,Benign,0
MATR3,5,139322622,na,na,Likely benign,0
CHD1,5,98856740,na,na,Likely benign,0
SLC35B2,6,44254927,na,na,Likely benign,0
RAD21,8,116856292,na,na,Likely benign,0
RBM48,7,92529468,na,na,Likely benign,0
CAMSAP1,9,135823945,na,na,Likely benign,0
B4GALT1,9,33120604,na,na,Likely benign,0
ACADSB,10,123051188,na,na,Likely pathogenic,1
B3GAT3,11,62616809,na,na,Likely benign,0
DDX11,12,31096680,na,na,Likely benign,0
SLC25A29,14,100293401,na,na,Benign,0
DICER1,14,95088889,na,na,Benign,0
ADGRG1,16,57657493,na,na,Likely pathogenic,1
DSC2,18,31071844,na,na,Likely benign,0
NUP85,17,75218173,na,na,Benign,0
ABCA7,19,1054885,na,na,Likely benign,0
MAST2,1,46032399,na,na,Likely benign,0
LONP1,19,5719887,na,na,Likely benign,0
PEPD,19,33391274,na,na,Likely benign,0
JAM2,21,25706013,na,na,Benign,0
LEPR,1,65572318,na,na,Likely benign,0
ANAPC1,2,111873420,na,na,Benign,0
COL11A1,1,103005903,na,na,Likely benign,0
IKZF2,2,213022140,na,na,Benign,0
GPR17,2,127650792,na,na,Likely benign,0
DAW1,2,227889846,na,na,Benign,0
M1AP,2,74615147,na,na,Likely benign,0
BRCA2,13,32336543,na,na,Pathogenic,1
BRCA2,13,32356481,na,na,Pathogenic,1
BRCA2,13,32341217,na,na,Likely benign,0
ATM,11,108326118,na,na,Pathogenic,1
BRCA1,17,43093917,na,na,Likely benign,0
BRCA1,17,43094151,na,na,Likely benign,0
BRCA2,13,32370529,na,na,Likely benign,0
BRCA2,13,32333195,na,na,Likely benign,0
CHEK2,22,28687951,na,na,Likely benign,0
BRIP1,17,61793730,na,na,Likely pathogenic,1
BRCA2,13,32394826,na,na,Pathogenic,1
RAD51D,17,35117008,na,na,Likely benign,0
BRCA2,13,32338976,na,na,Likely pathogenic,1
PALB2,16,23630055,na,na,Likely pathogenic,1
BRCA2,13,32339596,na,na,Likely benign,0
PALB2,16,23630489,na,na,Likely benign,0
BRCA2,13,32325058,na,na,Likely benign,0
CHEK2,22,28734446,na,na,Likely benign,0
BRCA2,13,32339875,na,na,Likely benign,0
RAD51D,17,35101028,na,na,Likely benign,0
BRCA2,13,32337733,na,na,Likely benign,0
PALB2,16,23641108,na,na,Likely pathogenic,1
BRCA2,13,32398293,na,na,Likely benign,0
BRCA2,13,32338769,na,na,Pathogenic,1
BARD1,2,214745174,na,na,Likely benign,0
PALB2,16,23629904,na,na,Likely benign,0
CHEK2,22,28699827,na,na,Likely benign,0
BRCA1,17,43095871,na,na,Likely benign,0
BRCA2,13,32337406,na,na,Likely benign,0
CHEK2,22,28689122,na,na,Likely benign,0
BRCA2,13,32340604,na,na,Likely benign,0
BARD1,2,214781031,na,na,Likely benign,0
BARD1,2,214781449,na,na,Pathogenic,1
RAD51D,17,35107356,na,na,Likely benign,0
BARD1,2,214745179,na,na,Likely benign,0
BRCA2,13,32338642,na,na,Likely benign,0
BARD1,2,214797075,na,na,Likely benign,0
BRCA2,13,32326170,na,na,Likely benign,0
CHEK2,22,28725369,na,na,Pathogenic,1
BRCA2,13,32379745,na,na,Likely benign,0
BRCA2,13,32332948,na,na,Likely benign,0
BRCA2,13,32331050,na,na,Likely benign,0
BRCA1,17,43071180,na,na,Likely benign,0
BRCA2,13,32398500,na,na,Likely benign,0
CHEK2,22,28711957,na,na,Likely benign,0
BRCA2,13,32326264,na,na,Likely benign,0
BRCA1,17,43082387,na,na,Likely benign,0
BRCA1,17,43094353,na,na,Pathogenic,1
BRCA2,13,32398549,na,na,Likely benign,0
BRCA2,13,32340220,na,na,Likely benign,0
BRCA2,13,32344671,na,na,Likely benign,0
BARD1,2,214809395,na,na,Likely benign,0
BRCA2,13,32332981,na,na,Likely benign,0
BRCA1,17,43099839,na,na,Likely benign,0
BARD1,2,214767662,na,na,Likely benign,0
BARD1,2,214752468,na,na,Likely benign,0
BRCA2,13,32339665,na,na,Likely benign,0
BRCA2,13,32336908,na,na,Likely benign,0
PALB2,16,23635649,na,na,Likely benign,0
BRCA2,13,32357792,na,na,Likely benign,0
BRCA1,17,43092070,na,na,Pathogenic,1
BRCA1,17,43099756,na,na,Likely benign,0
BRCA1,17,43092087,na,na,Likely benign,0
BARD1,2,214745170,na,na,Likely benign,0
BARD1,2,214797127,na,na,Likely benign,0
BRCA1,17,43092030,na,na,Likely benign,0
BARD1,2,214781193,na,na,Likely benign,0
BRCA1,17,43093707,na,na,Likely benign,0
BRCA2,13,32315681,na,na,Likely benign,0
BRCA1,17,43094133,na,na,Likely benign,0
CHEK2,22,28695224,na,na,Likely benign,0
BRCA1,17,43093350,na,na,Likely benign,0
CHEK2,22,28699946,na,na,Likely benign,0
BRCA2,13,32331023,na,na,Likely benign,0
CHEK2,22,28725047,na,na,Likely benign,0
PALB2,16,23635226,na,na,Likely benign,0
CHEK2,22,28689162,na,na,Likely benign,0
BRCA1,17,43124134,na,na,Likely benign,0
BARD1,2,214780544,na,na,Likely benign,0
CHEK2,22,28694137,na,na,Likely benign,0
BARD1,2,214781015,na,na,Pathogenic,1
BRCA1,17,43092978,na,na,Likely benign,0
BRCA2,13,32336719,na,na,Likely benign,0
CHEK2,22,28734534,na,na,Pathogenic,1
CHEK2,22,28734544,na,na,Likely benign,0
BRCA2,13,32398680,na,na,Likely benign,0
BRCA1,17,43092972,na,na,Likely benign,0
BARD1,2,214792458,na,na,Likely benign,0
BRCA2,13,32346834,na,na,Likely benign,0
BRCA2,13,32332816,na,na,Likely benign,0
BRCA1,17,43082388,na,na,Likely benign,0
BRCA2,13,32339261,na,na,Pathogenic,1
BARD1,2,214729015,na,na,Likely benign,0
BRCA1,17,43093884,na,na,Likely benign,0
BRCA1,17,43094019,na,na,Likely benign,0
RAD51D,17,35118500,na,na,Likely pathogenic,1
CHEK2,22,28694124,na,na,Likely benign,0
BRCA2,13,32344663,na,na,Likely benign,0
BRCA2,13,32337902,na,na,Pathogenic,1
BRCA2,13,32336438,na,na,Pathogenic,1
BRCA1,17,43049214,na,na,Likely benign,0
BRCA1,17,43104151,na,na,Likely benign,0
BRCA2,13,32326621,na,na,Likely benign,0
PALB2,16,23607856,na,na,Likely benign,0
BARD1,2,214769301,na,na,Likely benign,0
BRCA2,13,32344548,na,na,Likely benign,0
BRCA1,17,43094262,na,na,Likely benign,0
CHEK2,22,28710063,na,na,Likely benign,0
CHEK2,22,28699925,na,na,Likely benign,0
PALB2,16,23607965,na,na,Likely benign,0
BRCA2,13,32337196,na,na,Likely benign,0
BRCA2,13,32336824,na,na,Likely benign,0
CHEK2,22,28725236,na,na,Likely benign,0
BRCA2,13,32379844,na,na,Likely benign,0
CHEK2,22,28725243,na,na,Likely pathogenic,1
BARD1,2,214781232,na,na,Likely benign,0
BRCA2,13,32344608,na,na,Pathogenic,1
CHEK2,22,28734575,na,na,Likely benign,0
CHEK2,22,28719376,na,na,Likely benign,0
BRCA2,13,32355278,na,na,Likely benign,0
BRCA2,13,32339932,na,na,Likely benign,0
BARD1,2,214769262,na,na,Likely benign,0
BRCA1,17,43104176,na,na,Likely benign,0
BARD1,2,214728933,na,na,Likely pathogenic,1
BRCA2,13,32339246,na,na,Pathogenic,1
BRCA1,17,43094133,na,na,Likely benign,0
BRCA1,17,43071105,na,na,Likely benign,0
BRCA2,13,32319059,na,na,Likely benign,0
BRCA2,13,32396882,na,na,Likely benign,0
BRCA2,13,32398160,na,na,Pathogenic,1
BARD1,2,214805132,na,na,Benign,0
BRCA2,13,32339506,na,na,Likely benign,0
BARD1,2,214767474,na,na,Likely benign,0
RAD51D,17,35103238,na,na,Likely benign,0
BRCA1,17,43057034,na,na,Likely benign,0
BRCA2,13,32332900,na,na,Likely benign,0
BARD1,2,214730516,na,na,Likely benign,0
BRCA2,13,32332735,na,na,Pathogenic,1
CHEK2,22,28725144,na,na,Likely benign,0
BRCA1,17,43093167,na,na,Likely benign,0
BRCA2,13,32356620,na,na,Likely benign,0
CHEK2,22,28724986,na,na,Pathogenic,1
BRCA2,13,32333344,na,na,Likely benign,0
CHEK2,22,28694123,na,na,Likely benign,0
PALB2,16,23630109,na,na,Pathogenic,1
BARD1,2,214792449,na,na,Likely benign,0
RAD51D,17,35101363,na,na,Likely benign,0
BARD1,2,214809403,na,na,Likely benign,0
BRCA2,13,32354864,na,na,Likely benign,0
BRCA2,13,32332909,na,na,Likely benign,0
BARD1,2,214781159,na,na,Likely benign,0
CHEK2,22,28689120,na,na,Likely benign,0
BARD1,2,214729022,na,na,Likely benign,0
BRCA2,13,32339788,na,na,Likely benign,0
BRCA2,13,32340763,na,na,Likely benign,0
PALB2,16,23635562,na,na,Likely benign,0
BRCA2,13,32326295,na,na,Likely benign,0
BARD1,2,214797132,na,na,Likely benign,0
PALB2,16,23639252,na,na,Likely benign,0
BRCA1,17,43057153,na,na,Likely benign,0
BRCA2,13,32357944,na,na,Likely benign,0
BRCA1,17,43092681,na,na,Likely benign,0
PALB2,16,23621351,na,na,Likely benign,0
BRCA2,13,32326484,na,na,Likely benign,0
BRCA1,17,43074530,na,na,Likely benign,0
RAD51D,17,35107349,na,na,Likely benign,0
CHEK2,22,28712019,na,na,Likely pathogenic,1
BRCA2,13,32326298,na,na,Likely benign,0
BRCA2,13,32355224,na,na,Likely benign,0
BRCA2,13,32363553,na,na,Likely benign,0
PALB2,16,23634849,na,na,Likely benign,0
PALB2,16,23624105,na,na,Likely benign,0
PALB2,16,23634862,na,na,Likely pathogenic,1
CHEK2,22,28694018,na,na,Likely benign,0
BARD1,2,214767484,na,na,Likely benign,0
PALB2,16,23624035,na,na,Likely benign,0
BRCA2,13,32398663,na,na,Likely benign,0
BRCA2,13,32337754,na,na,Likely benign,0
PALB2,16,23635627,na,na,Pathogenic,1
PALB2,16,23634848,na,na,Likely benign,0
CHEK2,22,28710015,na,na,Likely benign,0
BRCA2,13,32379310,na,na,Likely benign,0
BRCA2,13,32357796,na,na,Pathogenic,1
BRCA2,13,32326232,na,na,Likely benign,0
BARD1,2,214797050,na,na,Likely benign,0
BRCA1,17,43071036,na,na,Likely benign,0
BRCA2,13,32397063,na,na,Likely benign,0
BARD1,2,214809393,na,na,Likely benign,0
BRCA1,17,43076604,na,na,Likely benign,0
BARD1,2,214792287,na,na,Likely benign,0
BRCA2,13,32326628,na,na,Likely benign,0
PALB2,16,23634929,na,na,Likely benign,0
CHEK2,22,28703485,na,na,Likely benign,0
CHEK2,22,28688004,na,na,Likely benign,0
BRCA2,13,32337439,na,na,Likely benign,0
BARD1,2,214809504,na,na,Likely benign,0
BARD1,2,214769329,na,na,Likely benign,0
BRCA2,13,32355179,na,na,Likely benign,0
BRIP1,17,61847084,na,na,Likely benign,0
BRIP1,17,61683383,na,na,Likely benign,0
BRIP1,17,61808766,na,na,Likely benign,0
BRIP1,17,61849144,na,na,Likely benign,0
BRIP1,17,61776385,na,na,Likely benign,0
BRIP1,17,61784308,na,na,Likely benign,0
BRIP1,17,61743146,na,na,Likely benign,0
BRIP1,17,61781024,na,na,Likely benign,0
BRIP1,17,61799318,na,na,Likely benign,0
BRIP1,17,61693506,na,na,Likely benign,0
BRIP1,17,61683611,na,na,Likely benign,0
BRIP1,17,61776461,na,na,Likely benign,0
BRIP1,17,61744416,na,na,Likely benign,0
BRIP1,17,61849257,na,na,Likely pathogenic,1
BRIP1,17,61801483,na,na,Likely benign,0
BRIP1,17,61683911,na,na,Likely benign,0
BRIP1,17,61793705,na,na,Pathogenic,1
BRIP1,17,61861504,na,na,Likely benign,0
BRIP1,17,61780330,na,na,Likely benign,0
BRIP1,17,61776578,na,na,Likely benign,0
BRIP1,17,61684147,na,na,Likely benign,0
BRIP1,17,61799219,na,na,Likely benign,0
BRIP1,17,61793590,na,na,Likely benign,0
BRIP1,17,61780252,na,na,Likely benign,0
BRIP1,17,61808740,na,na,Likely benign,0
BRIP1,17,61742993,na,na,Likely benign,0
BRIP1,17,61847234,na,na,Likely benign,0
BRIP1,17,61780966,na,na,Pathogenic,1
BRIP1,17,61715992,na,na,Likely benign,0
BRIP1,17,61686035,na,na,Likely benign,0
BRIP1,17,61780242,na,na,Likely benign,0
BRIP1,17,61847235,na,na,Likely benign,0
BRIP1,17,61847224,na,na,Likely benign,0
BRIP1,17,61683902,na,na,Likely benign,0
BRIP1,17,61808761,na,na,Likely benign,0
BRIP1,17,61799315,na,na,Likely benign,0
BRIP1,17,61780348,na,na,Likely benign,0
BRIP1,17,61743001,na,na,Likely benign,0
BRIP1,17,61780407,na,na,Likely benign,0
BRIP1,17,61799092,na,na,Likely benign,0
BRCA1,17,43092249,na,na,Pathogenic,1
BARD1,2,214792281,na,na,Likely benign,0
BRCA1,17,43076642,na,na,Likely benign,0
BRCA1,17,43097308,na,na,Likely benign,0
BRCA1,17,43094661,na,na,Likely benign,0
BRCA2,13,32363539,na,na,Likely benign,0
RAD51D,17,35106976,na,na,Likely benign,0
BRCA2,13,32340259,na,na,Likely benign,0
BRCA1,17,43104114,na,na,Likely benign,0
CHEK2,22,28719382,na,na,Likely benign,0
BRCA2,13,32355306,na,na,Likely benign,0
PALB2,16,23638146,na,na,Likely benign,0
RAD51D,17,35119514,na,na,Likely benign,0
BRCA2,13,32319059,na,na,Likely benign,0
BRCA1,17,43076641,na,na,Likely benign,0
BRCA2,13,32332777,na,na,Likely benign,0
BRCA2,13,32340112,na,na,Likely benign,0
ATM,11,108257604,na,na,Pathogenic,1
BRCA2,13,32340870,na,na,Pathogenic,1
BRIP1,17,61808472,na,na,Likely pathogenic,1
PTEN,10,87933029,na,na,Likely pathogenic,1
BRCA2,13,32379843,na,na,Likely benign,0
BRCA1,17,43093031,na,na,Likely benign,0
PALB2,16,23634892,na,na,Pathogenic,1
BRCA2,13,32319325,na,na,Likely pathogenic,1
BRIP1,17,61716048,na,na,Likely pathogenic,1
BRCA2,13,32340563,na,na,Likely pathogenic,1
BRCA2,13,32332534,na,na,Pathogenic,1
PALB2,16,23621683,na,na,Benign,0
BRCA2,13,32319175,na,na,Likely benign,0
BRCA2,13,32331009,na,na,Likely benign,0
BRCA2,13,32340427,na,na,Likely benign,0
BRCA2,13,32330933,na,na,Pathogenic,1
BRCA1,17,43091984,na,na,Pathogenic,1
BRCA2,13,32387701,na,na,Likely benign,0
BRCA2,13,32338225,na,na,Likely benign,0
BRCA1,17,43092340,na,na,Likely benign,0
BRCA1,17,43091577,na,na,Likely benign,0
BRCA2,13,32338491,na,na,Likely benign,0
BRCA2,13,32363298,na,na,Likely benign,0
BRCA2,13,32336996,na,na,Likely benign,0
BRCA2,13,32338367,na,na,Likely benign,0
BRCA2,13,32336864,na,na,Likely benign,0
BRCA2,13,32339450,na,na,Likely benign,0
BRCA2,13,32337597,na,na,Likely benign,0
BRCA2,13,32340479,na,na,Likely benign,0
BRCA2,13,32339882,na,na,Likely benign,0
BRCA2,13,32398322,na,na,Likely benign,0
BRCA1,17,43094724,na,na,Likely benign,0
BRCA2,13,32341141,na,na,Likely benign,0
BRCA2,13,32339286,na,na,Likely benign,0
BRCA2,13,32355025,na,na,Likely benign,0
BRCA2,13,32340242,na,na,Likely benign,0
BRCA2,13,32355084,na,na,Likely benign,0
BRCA2,13,32357868,na,na,Likely benign,0
BRCA2,13,32332602,na,na,Likely benign,0
BRCA2,13,32379788,na,na,Likely benign,0
BRCA1,17,43092875,na,na,Likely benign,0
BRCA2,13,32336388,na,na,Likely benign,0
BRCA2,13,32338068,na,na,Likely benign,0
BRCA2,13,32340549,na,na,Likely benign,0
BRCA2,13,32339646,na,na,Likely benign,0
BRCA2,13,32397040,na,na,Likely benign,0
BRCA2,13,32370453,na,na,Likely benign,0
BRCA2,13,32336517,na,na,Likely benign,0
BRCA2,13,32332823,na,na,Likely benign,0
BRCA2,13,32337121,na,na,Likely benign,0
BRCA2,13,32332736,na,na,Likely benign,0
BRCA2,13,32336690,na,na,Likely benign,0
BRCA2,13,32341157,na,na,Likely benign,0
BRCA2,13,32398457,na,na,Likely benign,0
BRCA2,13,32336515,na,na,Likely benign,0
BRCA2,13,32337521,na,na,Likely benign,0
BRCA2,13,32398321,na,na,Likely benign,0
BRCA2,13,32337840,na,na,Likely benign,0
BRCA2,13,32338175,na,na,Likely benign,0
BRCA2,13,32340247,na,na,Likely benign,0
BRCA1,17,43091643,na,na,Likely benign,0
BRCA2,13,32339067,na,na,Likely benign,0
BRCA2,13,32336504,na,na,Likely benign,0
BRCA2,13,32341071,na,na,Likely benign,0
BRCA2,13,32337838,na,na,Likely benign,0
BRCA2,13,32325108,na,na,Likely benign,0
BRCA2,13,32340307,na,na,Benign,0
BRCA2,13,32332426,na,na,Likely benign,0
BRCA2,13,32339818,na,na,Likely benign,0
BRCA2,13,32394770,na,na,Likely benign,0
BRCA2,13,32340504,na,na,Likely benign,0
BRCA2,13,32332916,na,na,Likely benign,0
BRCA2,13,32337549,na,na,Likely benign,0
BRCA2,13,32332995,na,na,Likely benign,0
BRCA2,13,32340694,na,na,Likely benign,0
BRCA2,13,32332728,na,na,Likely benign,0
BRCA2,13,32355086,na,na,Likely benign,0
BRCA2,13,32340011,na,na,Likely benign,0
BRCA2,13,32332323,na,na,Likely benign,0
BRCA2,13,32398422,na,na,Likely benign,0
BRCA1,17,43099815,na,na,Likely benign,0
BRCA2,13,32339180,na,na,Likely benign,0
BRCA2,13,32336672,na,na,Likely benign,0
BRCA2,13,32338271,na,na,Likely benign,0
BRCA2,13,32338395,na,na,Likely benign,0
BRCA2,13,32325097,na,na,Likely benign,0
BRCA2,13,32340978,na,na,Likely benign,0
BRCA2,13,32338726,na,na,Likely benign,0
BRCA2,13,32339705,na,na,Likely benign,0
BRCA2,13,32340782,na,na,Likely benign,0
BRCA1,17,43092842,na,na,Likely benign,0
BRCA2,13,32355221,na,na,Likely benign,0
BRCA2,13,32356433,na,na,Likely benign,0
BRCA2,13,32370528,na,na,Likely benign,0
BRCA2,13,32337092,na,na,Likely benign,0
BRCA2,13,32398670,na,na,Likely benign,0
BRCA2,13,32316465,na,na,Likely benign,0
BRCA2,13,32338611,na,na,Likely benign,0
BRCA2,13,32340198,na,na,Likely benign,0
BRCA1,17,43091795,na,na,Likely benign,0
BRCA2,13,32333054,na,na,Likely benign,0
BRCA2,13,32341139,na,na,Likely benign,0
BRCA2,13,32337771,na,na,Likely benign,0
BRCA2,13,32380040,na,na,Likely benign,0
BRCA2,13,32346873,na,na,Likely benign,0
BRCA2,13,32339249,na,na,Likely benign,0
BRCA2,13,32363439,na,na,Likely benign,0
BRCA1,17,43091479,na,na,Likely benign,0
BRCA2,13,32398465,na,na,Likely benign,0
BRCA1,17,43092239,na,na,Likely benign,0
BRCA1,17,43094353,na,na,Likely benign,0
BRCA1,17,43092298,na,na,Likely benign,0
BRCA1,17,43094496,na,na,Likely benign,0
BRCA1,17,43094636,na,na,Benign,0
BRCA1,17,43092959,na,na,Likely benign,0
BRCA1,17,43093920,na,na,Likely benign,0
BRCA1,17,43092518,na,na,Likely benign,0
BRCA1,17,43091542,na,na,Likely benign,0
BRCA1,17,43094393,na,na,Likely benign,0
BRCA1,17,43071096,na,na,Likely benign,0
BRCA1,17,43092890,na,na,Benign,0
BRCA1,17,43092329,na,na,Likely benign,0
BRCA1,17,43092415,na,na,Likely benign,0
BRCA1,17,43094591,na,na,Likely benign,0
BRCA1,17,43093140,na,na,Likely benign,0
BRCA1,17,43076530,na,na,Likely benign,0
BRCA1,17,43094524,na,na,Likely benign,0
BRCA1,17,43093842,na,na,Likely benign,0
BRCA1,17,43094427,na,na,Likely benign,0
BRCA1,17,43091023,na,na,Likely benign,0
BRCA1,17,43092215,na,na,Likely benign,0
BRCA1,17,43092531,na,na,Likely benign,0
BRCA1,17,43092540,na,na,Likely benign,0
BRCA1,17,43094548,na,na,Likely benign,0
BRCA1,17,43094360,na,na,Likely benign,0
BRCA1,17,43092466,na,na,Likely benign,0
BRCA1,17,43092934,na,na,Likely benign,0
BRCA1,17,43094086,na,na,Likely benign,0
BRCA1,17,43091721,na,na,Likely benign,0
BRCA1,17,43091764,na,na,Likely benign,0
BRCA1,17,43092077,na,na,Likely benign,0
BRCA1,17,43094828,na,na,Likely benign,0
BRCA1,17,43092010,na,na,Likely benign,0
BRCA1,17,43094667,na,na,Likely benign,0
BRCA1,17,43092886,na,na,Likely benign,0
BRCA1,17,43092571,na,na,Likely benign,0
BRCA1,17,43093064,na,na,Likely benign,0
BRCA1,17,43094415,na,na,Likely benign,0
BRCA1,17,43094542,na,na,Likely benign,0
BRCA1,17,43091866,na,na,Likely benign,0
BRCA1,17,43092776,na,na,Likely benign,0
BRCA1,17,43094022,na,na,Likely benign,0
BRCA1,17,43094420,na,na,Likely benign,0
BRCA1,17,43093162,na,na,Likely benign,0
BRCA1,17,43093836,na,na,Likely benign,0
BRCA1,17,43094559,na,na,Likely benign,0
BRCA1,17,43093982,na,na,Likely benign,0
BRCA1,17,43091799,na,na,Likely benign,0
BRCA1,17,43094551,na,na,Likely benign,0
BRCA1,17,43092891,na,na,Likely benign,0
BRCA1,17,43093918,na,na,Likely benign,0
BRCA1,17,43092983,na,na,Likely benign,0
BRCA1,17,43091665,na,na,Likely benign,0
BRCA1,17,43094263,na,na,Likely benign,0
BRCA1,17,43090961,na,na,Likely benign,0
BRCA1,17,43094839,na,na,Likely benign,0
BRCA1,17,43091010,na,na,Likely benign,0
BRCA1,17,43093146,na,na,Likely benign,0
BRCA1,17,43091740,na,na,Likely benign,0
BRCA1,17,43092358,na,na,Likely benign,0
BRCA1,17,43094035,na,na,Likely benign,0
BRCA1,17,43092512,na,na,Likely benign,0
BRCA1,17,43094044,na,na,Likely benign,0
BRCA1,17,43093329,na,na,Likely benign,0
BRCA1,17,43091942,na,na,Likely benign,0
BRCA1,17,43091785,na,na,Likely benign,0
BRCA2,13,32338128,na,na,Likely benign,0
BRCA2,13,32337963,na,na,Likely benign,0
BRCA2,13,32355104,na,na,Likely benign,0
BRCA2,13,32332772,na,na,Likely benign,0
BRCA2,13,32340605,na,na,Likely benign,0
BRCA2,13,32340017,na,na,Likely benign,0
BRCA2,13,32339660,na,na,Likely benign,0
BRCA2,13,32340797,na,na,Likely benign,0
RAD51C,17,58724070,na,na,Likely pathogenic,1
ATM,11,108310280,na,na,Pathogenic,1
BARD1,2,214781061,na,na,Pathogenic,1
RAD51C,17,58696693,na,na,Likely pathogenic,1
BRCA1,17,43047443,na,na,Likely benign,0
BRCA2,13,32337507,na,na,Pathogenic,1
